series_id,priority,pillar,metric,record_id,country_iso3,label,value,unit,availability,observation_period,evidence_status,temporal_status,source,source_url,source_id,published_at,reviewed_at,definition,note,details,headline_eligible
adoption-survey-ai-2025,adoption,access,AI use reported by online survey respondents,DZA,DZA,Algeria,,% of respondents,no_information_in_source,2025 fieldwork; use in preceding 12 months,survey,measured,"Google / Ipsos Our Life With AI, 2025 fieldwork",https://www.ipsos.com/sites/default/files/ct/news/documents/2026-01/Google%20Ipsos%20Our%20Life%20With%20AI%202025%20Topline.pdf,ipsos,2026-01-15,2026-10-01,"Any AI tool or application, Q3. Online survey respondents aged 18+; not all residents, and not restricted to work use. Country sample approximately 1,000.",No information: country outside this survey’s African sample.,{},False
adoption-survey-ai-2025,adoption,access,AI use reported by online survey respondents,AGO,AGO,Angola,,% of respondents,no_information_in_source,2025 fieldwork; use in preceding 12 months,survey,measured,"Google / Ipsos Our Life With AI, 2025 fieldwork",https://www.ipsos.com/sites/default/files/ct/news/documents/2026-01/Google%20Ipsos%20Our%20Life%20With%20AI%202025%20Topline.pdf,ipsos,2026-01-15,2026-10-01,"Any AI tool or application, Q3. Online survey respondents aged 18+; not all residents, and not restricted to work use. Country sample approximately 1,000.",No information: country outside this survey’s African sample.,{},False
adoption-survey-ai-2025,adoption,access,AI use reported by online survey respondents,BEN,BEN,Benin,,% of respondents,no_information_in_source,2025 fieldwork; use in preceding 12 months,survey,measured,"Google / Ipsos Our Life With AI, 2025 fieldwork",https://www.ipsos.com/sites/default/files/ct/news/documents/2026-01/Google%20Ipsos%20Our%20Life%20With%20AI%202025%20Topline.pdf,ipsos,2026-01-15,2026-10-01,"Any AI tool or application, Q3. Online survey respondents aged 18+; not all residents, and not restricted to work use. Country sample approximately 1,000.",No information: country outside this survey’s African sample.,{},False
adoption-survey-ai-2025,adoption,access,AI use reported by online survey respondents,BWA,BWA,Botswana,,% of respondents,no_information_in_source,2025 fieldwork; use in preceding 12 months,survey,measured,"Google / Ipsos Our Life With AI, 2025 fieldwork",https://www.ipsos.com/sites/default/files/ct/news/documents/2026-01/Google%20Ipsos%20Our%20Life%20With%20AI%202025%20Topline.pdf,ipsos,2026-01-15,2026-10-01,"Any AI tool or application, Q3. Online survey respondents aged 18+; not all residents, and not restricted to work use. Country sample approximately 1,000.",No information: country outside this survey’s African sample.,{},False
adoption-survey-ai-2025,adoption,access,AI use reported by online survey respondents,BFA,BFA,Burkina Faso,,% of respondents,no_information_in_source,2025 fieldwork; use in preceding 12 months,survey,measured,"Google / Ipsos Our Life With AI, 2025 fieldwork",https://www.ipsos.com/sites/default/files/ct/news/documents/2026-01/Google%20Ipsos%20Our%20Life%20With%20AI%202025%20Topline.pdf,ipsos,2026-01-15,2026-10-01,"Any AI tool or application, Q3. Online survey respondents aged 18+; not all residents, and not restricted to work use. Country sample approximately 1,000.",No information: country outside this survey’s African sample.,{},False
adoption-survey-ai-2025,adoption,access,AI use reported by online survey respondents,BDI,BDI,Burundi,,% of respondents,no_information_in_source,2025 fieldwork; use in preceding 12 months,survey,measured,"Google / Ipsos Our Life With AI, 2025 fieldwork",https://www.ipsos.com/sites/default/files/ct/news/documents/2026-01/Google%20Ipsos%20Our%20Life%20With%20AI%202025%20Topline.pdf,ipsos,2026-01-15,2026-10-01,"Any AI tool or application, Q3. Online survey respondents aged 18+; not all residents, and not restricted to work use. Country sample approximately 1,000.",No information: country outside this survey’s African sample.,{},False
adoption-survey-ai-2025,adoption,access,AI use reported by online survey respondents,CPV,CPV,Cabo Verde,,% of respondents,no_information_in_source,2025 fieldwork; use in preceding 12 months,survey,measured,"Google / Ipsos Our Life With AI, 2025 fieldwork",https://www.ipsos.com/sites/default/files/ct/news/documents/2026-01/Google%20Ipsos%20Our%20Life%20With%20AI%202025%20Topline.pdf,ipsos,2026-01-15,2026-10-01,"Any AI tool or application, Q3. Online survey respondents aged 18+; not all residents, and not restricted to work use. Country sample approximately 1,000.",No information: country outside this survey’s African sample.,{},False
adoption-survey-ai-2025,adoption,access,AI use reported by online survey respondents,CMR,CMR,Cameroon,,% of respondents,no_information_in_source,2025 fieldwork; use in preceding 12 months,survey,measured,"Google / Ipsos Our Life With AI, 2025 fieldwork",https://www.ipsos.com/sites/default/files/ct/news/documents/2026-01/Google%20Ipsos%20Our%20Life%20With%20AI%202025%20Topline.pdf,ipsos,2026-01-15,2026-10-01,"Any AI tool or application, Q3. Online survey respondents aged 18+; not all residents, and not restricted to work use. Country sample approximately 1,000.",No information: country outside this survey’s African sample.,{},False
adoption-survey-ai-2025,adoption,access,AI use reported by online survey respondents,CAF,CAF,Central African Republic,,% of respondents,no_information_in_source,2025 fieldwork; use in preceding 12 months,survey,measured,"Google / Ipsos Our Life With AI, 2025 fieldwork",https://www.ipsos.com/sites/default/files/ct/news/documents/2026-01/Google%20Ipsos%20Our%20Life%20With%20AI%202025%20Topline.pdf,ipsos,2026-01-15,2026-10-01,"Any AI tool or application, Q3. Online survey respondents aged 18+; not all residents, and not restricted to work use. Country sample approximately 1,000.",No information: country outside this survey’s African sample.,{},False
adoption-survey-ai-2025,adoption,access,AI use reported by online survey respondents,TCD,TCD,Chad,,% of respondents,no_information_in_source,2025 fieldwork; use in preceding 12 months,survey,measured,"Google / Ipsos Our Life With AI, 2025 fieldwork",https://www.ipsos.com/sites/default/files/ct/news/documents/2026-01/Google%20Ipsos%20Our%20Life%20With%20AI%202025%20Topline.pdf,ipsos,2026-01-15,2026-10-01,"Any AI tool or application, Q3. Online survey respondents aged 18+; not all residents, and not restricted to work use. Country sample approximately 1,000.",No information: country outside this survey’s African sample.,{},False
adoption-survey-ai-2025,adoption,access,AI use reported by online survey respondents,COM,COM,Comoros,,% of respondents,no_information_in_source,2025 fieldwork; use in preceding 12 months,survey,measured,"Google / Ipsos Our Life With AI, 2025 fieldwork",https://www.ipsos.com/sites/default/files/ct/news/documents/2026-01/Google%20Ipsos%20Our%20Life%20With%20AI%202025%20Topline.pdf,ipsos,2026-01-15,2026-10-01,"Any AI tool or application, Q3. Online survey respondents aged 18+; not all residents, and not restricted to work use. Country sample approximately 1,000.",No information: country outside this survey’s African sample.,{},False
adoption-survey-ai-2025,adoption,access,AI use reported by online survey respondents,CIV,CIV,Côte d'Ivoire,,% of respondents,no_information_in_source,2025 fieldwork; use in preceding 12 months,survey,measured,"Google / Ipsos Our Life With AI, 2025 fieldwork",https://www.ipsos.com/sites/default/files/ct/news/documents/2026-01/Google%20Ipsos%20Our%20Life%20With%20AI%202025%20Topline.pdf,ipsos,2026-01-15,2026-10-01,"Any AI tool or application, Q3. Online survey respondents aged 18+; not all residents, and not restricted to work use. Country sample approximately 1,000.",No information: country outside this survey’s African sample.,{},False
adoption-survey-ai-2025,adoption,access,AI use reported by online survey respondents,COD,COD,Democratic Republic of the Congo,,% of respondents,no_information_in_source,2025 fieldwork; use in preceding 12 months,survey,measured,"Google / Ipsos Our Life With AI, 2025 fieldwork",https://www.ipsos.com/sites/default/files/ct/news/documents/2026-01/Google%20Ipsos%20Our%20Life%20With%20AI%202025%20Topline.pdf,ipsos,2026-01-15,2026-10-01,"Any AI tool or application, Q3. Online survey respondents aged 18+; not all residents, and not restricted to work use. Country sample approximately 1,000.",No information: country outside this survey’s African sample.,{},False
adoption-survey-ai-2025,adoption,access,AI use reported by online survey respondents,DJI,DJI,Djibouti,,% of respondents,no_information_in_source,2025 fieldwork; use in preceding 12 months,survey,measured,"Google / Ipsos Our Life With AI, 2025 fieldwork",https://www.ipsos.com/sites/default/files/ct/news/documents/2026-01/Google%20Ipsos%20Our%20Life%20With%20AI%202025%20Topline.pdf,ipsos,2026-01-15,2026-10-01,"Any AI tool or application, Q3. Online survey respondents aged 18+; not all residents, and not restricted to work use. Country sample approximately 1,000.",No information: country outside this survey’s African sample.,{},False
adoption-survey-ai-2025,adoption,access,AI use reported by online survey respondents,EGY,EGY,Egypt,,% of respondents,no_information_in_source,2025 fieldwork; use in preceding 12 months,survey,measured,"Google / Ipsos Our Life With AI, 2025 fieldwork",https://www.ipsos.com/sites/default/files/ct/news/documents/2026-01/Google%20Ipsos%20Our%20Life%20With%20AI%202025%20Topline.pdf,ipsos,2026-01-15,2026-10-01,"Any AI tool or application, Q3. Online survey respondents aged 18+; not all residents, and not restricted to work use. Country sample approximately 1,000.",No information: country outside this survey’s African sample.,{},False
adoption-survey-ai-2025,adoption,access,AI use reported by online survey respondents,GNQ,GNQ,Equatorial Guinea,,% of respondents,no_information_in_source,2025 fieldwork; use in preceding 12 months,survey,measured,"Google / Ipsos Our Life With AI, 2025 fieldwork",https://www.ipsos.com/sites/default/files/ct/news/documents/2026-01/Google%20Ipsos%20Our%20Life%20With%20AI%202025%20Topline.pdf,ipsos,2026-01-15,2026-10-01,"Any AI tool or application, Q3. Online survey respondents aged 18+; not all residents, and not restricted to work use. Country sample approximately 1,000.",No information: country outside this survey’s African sample.,{},False
adoption-survey-ai-2025,adoption,access,AI use reported by online survey respondents,ERI,ERI,Eritrea,,% of respondents,no_information_in_source,2025 fieldwork; use in preceding 12 months,survey,measured,"Google / Ipsos Our Life With AI, 2025 fieldwork",https://www.ipsos.com/sites/default/files/ct/news/documents/2026-01/Google%20Ipsos%20Our%20Life%20With%20AI%202025%20Topline.pdf,ipsos,2026-01-15,2026-10-01,"Any AI tool or application, Q3. Online survey respondents aged 18+; not all residents, and not restricted to work use. Country sample approximately 1,000.",No information: country outside this survey’s African sample.,{},False
adoption-survey-ai-2025,adoption,access,AI use reported by online survey respondents,SWZ,SWZ,Eswatini,,% of respondents,no_information_in_source,2025 fieldwork; use in preceding 12 months,survey,measured,"Google / Ipsos Our Life With AI, 2025 fieldwork",https://www.ipsos.com/sites/default/files/ct/news/documents/2026-01/Google%20Ipsos%20Our%20Life%20With%20AI%202025%20Topline.pdf,ipsos,2026-01-15,2026-10-01,"Any AI tool or application, Q3. Online survey respondents aged 18+; not all residents, and not restricted to work use. Country sample approximately 1,000.",No information: country outside this survey’s African sample.,{},False
adoption-survey-ai-2025,adoption,access,AI use reported by online survey respondents,ETH,ETH,Ethiopia,,% of respondents,no_information_in_source,2025 fieldwork; use in preceding 12 months,survey,measured,"Google / Ipsos Our Life With AI, 2025 fieldwork",https://www.ipsos.com/sites/default/files/ct/news/documents/2026-01/Google%20Ipsos%20Our%20Life%20With%20AI%202025%20Topline.pdf,ipsos,2026-01-15,2026-10-01,"Any AI tool or application, Q3. Online survey respondents aged 18+; not all residents, and not restricted to work use. Country sample approximately 1,000.",No information: country outside this survey’s African sample.,{},False
adoption-survey-ai-2025,adoption,access,AI use reported by online survey respondents,GAB,GAB,Gabon,,% of respondents,no_information_in_source,2025 fieldwork; use in preceding 12 months,survey,measured,"Google / Ipsos Our Life With AI, 2025 fieldwork",https://www.ipsos.com/sites/default/files/ct/news/documents/2026-01/Google%20Ipsos%20Our%20Life%20With%20AI%202025%20Topline.pdf,ipsos,2026-01-15,2026-10-01,"Any AI tool or application, Q3. Online survey respondents aged 18+; not all residents, and not restricted to work use. Country sample approximately 1,000.",No information: country outside this survey’s African sample.,{},False
adoption-survey-ai-2025,adoption,access,AI use reported by online survey respondents,GMB,GMB,Gambia,,% of respondents,no_information_in_source,2025 fieldwork; use in preceding 12 months,survey,measured,"Google / Ipsos Our Life With AI, 2025 fieldwork",https://www.ipsos.com/sites/default/files/ct/news/documents/2026-01/Google%20Ipsos%20Our%20Life%20With%20AI%202025%20Topline.pdf,ipsos,2026-01-15,2026-10-01,"Any AI tool or application, Q3. Online survey respondents aged 18+; not all residents, and not restricted to work use. Country sample approximately 1,000.",No information: country outside this survey’s African sample.,{},False
adoption-survey-ai-2025,adoption,access,AI use reported by online survey respondents,GHA,GHA,Ghana,,% of respondents,no_information_in_source,2025 fieldwork; use in preceding 12 months,survey,measured,"Google / Ipsos Our Life With AI, 2025 fieldwork",https://www.ipsos.com/sites/default/files/ct/news/documents/2026-01/Google%20Ipsos%20Our%20Life%20With%20AI%202025%20Topline.pdf,ipsos,2026-01-15,2026-10-01,"Any AI tool or application, Q3. Online survey respondents aged 18+; not all residents, and not restricted to work use. Country sample approximately 1,000.",No information: country outside this survey’s African sample.,{},False
adoption-survey-ai-2025,adoption,access,AI use reported by online survey respondents,GIN,GIN,Guinea,,% of respondents,no_information_in_source,2025 fieldwork; use in preceding 12 months,survey,measured,"Google / Ipsos Our Life With AI, 2025 fieldwork",https://www.ipsos.com/sites/default/files/ct/news/documents/2026-01/Google%20Ipsos%20Our%20Life%20With%20AI%202025%20Topline.pdf,ipsos,2026-01-15,2026-10-01,"Any AI tool or application, Q3. Online survey respondents aged 18+; not all residents, and not restricted to work use. Country sample approximately 1,000.",No information: country outside this survey’s African sample.,{},False
adoption-survey-ai-2025,adoption,access,AI use reported by online survey respondents,GNB,GNB,Guinea-Bissau,,% of respondents,no_information_in_source,2025 fieldwork; use in preceding 12 months,survey,measured,"Google / Ipsos Our Life With AI, 2025 fieldwork",https://www.ipsos.com/sites/default/files/ct/news/documents/2026-01/Google%20Ipsos%20Our%20Life%20With%20AI%202025%20Topline.pdf,ipsos,2026-01-15,2026-10-01,"Any AI tool or application, Q3. Online survey respondents aged 18+; not all residents, and not restricted to work use. Country sample approximately 1,000.",No information: country outside this survey’s African sample.,{},False
adoption-survey-ai-2025,adoption,access,AI use reported by online survey respondents,KEN,KEN,Kenya,,% of respondents,no_information_in_source,2025 fieldwork; use in preceding 12 months,survey,measured,"Google / Ipsos Our Life With AI, 2025 fieldwork",https://www.ipsos.com/sites/default/files/ct/news/documents/2026-01/Google%20Ipsos%20Our%20Life%20With%20AI%202025%20Topline.pdf,ipsos,2026-01-15,2026-10-01,"Any AI tool or application, Q3. Online survey respondents aged 18+; not all residents, and not restricted to work use. Country sample approximately 1,000.",No information: country outside this survey’s African sample.,{},False
adoption-survey-ai-2025,adoption,access,AI use reported by online survey respondents,LSO,LSO,Lesotho,,% of respondents,no_information_in_source,2025 fieldwork; use in preceding 12 months,survey,measured,"Google / Ipsos Our Life With AI, 2025 fieldwork",https://www.ipsos.com/sites/default/files/ct/news/documents/2026-01/Google%20Ipsos%20Our%20Life%20With%20AI%202025%20Topline.pdf,ipsos,2026-01-15,2026-10-01,"Any AI tool or application, Q3. Online survey respondents aged 18+; not all residents, and not restricted to work use. Country sample approximately 1,000.",No information: country outside this survey’s African sample.,{},False
adoption-survey-ai-2025,adoption,access,AI use reported by online survey respondents,LBR,LBR,Liberia,,% of respondents,no_information_in_source,2025 fieldwork; use in preceding 12 months,survey,measured,"Google / Ipsos Our Life With AI, 2025 fieldwork",https://www.ipsos.com/sites/default/files/ct/news/documents/2026-01/Google%20Ipsos%20Our%20Life%20With%20AI%202025%20Topline.pdf,ipsos,2026-01-15,2026-10-01,"Any AI tool or application, Q3. Online survey respondents aged 18+; not all residents, and not restricted to work use. Country sample approximately 1,000.",No information: country outside this survey’s African sample.,{},False
adoption-survey-ai-2025,adoption,access,AI use reported by online survey respondents,LBY,LBY,Libya,,% of respondents,no_information_in_source,2025 fieldwork; use in preceding 12 months,survey,measured,"Google / Ipsos Our Life With AI, 2025 fieldwork",https://www.ipsos.com/sites/default/files/ct/news/documents/2026-01/Google%20Ipsos%20Our%20Life%20With%20AI%202025%20Topline.pdf,ipsos,2026-01-15,2026-10-01,"Any AI tool or application, Q3. Online survey respondents aged 18+; not all residents, and not restricted to work use. Country sample approximately 1,000.",No information: country outside this survey’s African sample.,{},False
adoption-survey-ai-2025,adoption,access,AI use reported by online survey respondents,MDG,MDG,Madagascar,,% of respondents,no_information_in_source,2025 fieldwork; use in preceding 12 months,survey,measured,"Google / Ipsos Our Life With AI, 2025 fieldwork",https://www.ipsos.com/sites/default/files/ct/news/documents/2026-01/Google%20Ipsos%20Our%20Life%20With%20AI%202025%20Topline.pdf,ipsos,2026-01-15,2026-10-01,"Any AI tool or application, Q3. Online survey respondents aged 18+; not all residents, and not restricted to work use. Country sample approximately 1,000.",No information: country outside this survey’s African sample.,{},False
adoption-survey-ai-2025,adoption,access,AI use reported by online survey respondents,MWI,MWI,Malawi,,% of respondents,no_information_in_source,2025 fieldwork; use in preceding 12 months,survey,measured,"Google / Ipsos Our Life With AI, 2025 fieldwork",https://www.ipsos.com/sites/default/files/ct/news/documents/2026-01/Google%20Ipsos%20Our%20Life%20With%20AI%202025%20Topline.pdf,ipsos,2026-01-15,2026-10-01,"Any AI tool or application, Q3. Online survey respondents aged 18+; not all residents, and not restricted to work use. Country sample approximately 1,000.",No information: country outside this survey’s African sample.,{},False
adoption-survey-ai-2025,adoption,access,AI use reported by online survey respondents,MLI,MLI,Mali,,% of respondents,no_information_in_source,2025 fieldwork; use in preceding 12 months,survey,measured,"Google / Ipsos Our Life With AI, 2025 fieldwork",https://www.ipsos.com/sites/default/files/ct/news/documents/2026-01/Google%20Ipsos%20Our%20Life%20With%20AI%202025%20Topline.pdf,ipsos,2026-01-15,2026-10-01,"Any AI tool or application, Q3. Online survey respondents aged 18+; not all residents, and not restricted to work use. Country sample approximately 1,000.",No information: country outside this survey’s African sample.,{},False
adoption-survey-ai-2025,adoption,access,AI use reported by online survey respondents,MRT,MRT,Mauritania,,% of respondents,no_information_in_source,2025 fieldwork; use in preceding 12 months,survey,measured,"Google / Ipsos Our Life With AI, 2025 fieldwork",https://www.ipsos.com/sites/default/files/ct/news/documents/2026-01/Google%20Ipsos%20Our%20Life%20With%20AI%202025%20Topline.pdf,ipsos,2026-01-15,2026-10-01,"Any AI tool or application, Q3. Online survey respondents aged 18+; not all residents, and not restricted to work use. Country sample approximately 1,000.",No information: country outside this survey’s African sample.,{},False
adoption-survey-ai-2025,adoption,access,AI use reported by online survey respondents,MUS,MUS,Mauritius,,% of respondents,no_information_in_source,2025 fieldwork; use in preceding 12 months,survey,measured,"Google / Ipsos Our Life With AI, 2025 fieldwork",https://www.ipsos.com/sites/default/files/ct/news/documents/2026-01/Google%20Ipsos%20Our%20Life%20With%20AI%202025%20Topline.pdf,ipsos,2026-01-15,2026-10-01,"Any AI tool or application, Q3. Online survey respondents aged 18+; not all residents, and not restricted to work use. Country sample approximately 1,000.",No information: country outside this survey’s African sample.,{},False
adoption-survey-ai-2025,adoption,access,AI use reported by online survey respondents,MAR,MAR,Morocco,,% of respondents,no_information_in_source,2025 fieldwork; use in preceding 12 months,survey,measured,"Google / Ipsos Our Life With AI, 2025 fieldwork",https://www.ipsos.com/sites/default/files/ct/news/documents/2026-01/Google%20Ipsos%20Our%20Life%20With%20AI%202025%20Topline.pdf,ipsos,2026-01-15,2026-10-01,"Any AI tool or application, Q3. Online survey respondents aged 18+; not all residents, and not restricted to work use. Country sample approximately 1,000.",No information: country outside this survey’s African sample.,{},False
adoption-survey-ai-2025,adoption,access,AI use reported by online survey respondents,MOZ,MOZ,Mozambique,,% of respondents,no_information_in_source,2025 fieldwork; use in preceding 12 months,survey,measured,"Google / Ipsos Our Life With AI, 2025 fieldwork",https://www.ipsos.com/sites/default/files/ct/news/documents/2026-01/Google%20Ipsos%20Our%20Life%20With%20AI%202025%20Topline.pdf,ipsos,2026-01-15,2026-10-01,"Any AI tool or application, Q3. Online survey respondents aged 18+; not all residents, and not restricted to work use. Country sample approximately 1,000.",No information: country outside this survey’s African sample.,{},False
adoption-survey-ai-2025,adoption,access,AI use reported by online survey respondents,NAM,NAM,Namibia,,% of respondents,no_information_in_source,2025 fieldwork; use in preceding 12 months,survey,measured,"Google / Ipsos Our Life With AI, 2025 fieldwork",https://www.ipsos.com/sites/default/files/ct/news/documents/2026-01/Google%20Ipsos%20Our%20Life%20With%20AI%202025%20Topline.pdf,ipsos,2026-01-15,2026-10-01,"Any AI tool or application, Q3. Online survey respondents aged 18+; not all residents, and not restricted to work use. Country sample approximately 1,000.",No information: country outside this survey’s African sample.,{},False
adoption-survey-ai-2025,adoption,access,AI use reported by online survey respondents,NER,NER,Niger,,% of respondents,no_information_in_source,2025 fieldwork; use in preceding 12 months,survey,measured,"Google / Ipsos Our Life With AI, 2025 fieldwork",https://www.ipsos.com/sites/default/files/ct/news/documents/2026-01/Google%20Ipsos%20Our%20Life%20With%20AI%202025%20Topline.pdf,ipsos,2026-01-15,2026-10-01,"Any AI tool or application, Q3. Online survey respondents aged 18+; not all residents, and not restricted to work use. Country sample approximately 1,000.",No information: country outside this survey’s African sample.,{},False
adoption-survey-ai-2025,adoption,access,AI use reported by online survey respondents,NGA,NGA,Nigeria,88,% of respondents,available,2025 fieldwork; use in preceding 12 months,survey,measured,"Google / Ipsos Our Life With AI, 2025 fieldwork",https://www.ipsos.com/sites/default/files/ct/news/documents/2026-01/Google%20Ipsos%20Our%20Life%20With%20AI%202025%20Topline.pdf,ipsos,2026-01-15,2026-10-01,"Any AI tool or application, Q3. Online survey respondents aged 18+; not all residents, and not restricted to work use. Country sample approximately 1,000.","Any AI tool or application, Q3. Online survey respondents aged 18+; not all residents, and not restricted to work use. Country sample approximately 1,000.",{},False
adoption-survey-ai-2025,adoption,access,AI use reported by online survey respondents,COG,COG,Republic of the Congo,,% of respondents,no_information_in_source,2025 fieldwork; use in preceding 12 months,survey,measured,"Google / Ipsos Our Life With AI, 2025 fieldwork",https://www.ipsos.com/sites/default/files/ct/news/documents/2026-01/Google%20Ipsos%20Our%20Life%20With%20AI%202025%20Topline.pdf,ipsos,2026-01-15,2026-10-01,"Any AI tool or application, Q3. Online survey respondents aged 18+; not all residents, and not restricted to work use. Country sample approximately 1,000.",No information: country outside this survey’s African sample.,{},False
adoption-survey-ai-2025,adoption,access,AI use reported by online survey respondents,RWA,RWA,Rwanda,,% of respondents,no_information_in_source,2025 fieldwork; use in preceding 12 months,survey,measured,"Google / Ipsos Our Life With AI, 2025 fieldwork",https://www.ipsos.com/sites/default/files/ct/news/documents/2026-01/Google%20Ipsos%20Our%20Life%20With%20AI%202025%20Topline.pdf,ipsos,2026-01-15,2026-10-01,"Any AI tool or application, Q3. Online survey respondents aged 18+; not all residents, and not restricted to work use. Country sample approximately 1,000.",No information: country outside this survey’s African sample.,{},False
adoption-survey-ai-2025,adoption,access,AI use reported by online survey respondents,SEN,SEN,Senegal,,% of respondents,no_information_in_source,2025 fieldwork; use in preceding 12 months,survey,measured,"Google / Ipsos Our Life With AI, 2025 fieldwork",https://www.ipsos.com/sites/default/files/ct/news/documents/2026-01/Google%20Ipsos%20Our%20Life%20With%20AI%202025%20Topline.pdf,ipsos,2026-01-15,2026-10-01,"Any AI tool or application, Q3. Online survey respondents aged 18+; not all residents, and not restricted to work use. Country sample approximately 1,000.",No information: country outside this survey’s African sample.,{},False
adoption-survey-ai-2025,adoption,access,AI use reported by online survey respondents,SYC,SYC,Seychelles,,% of respondents,no_information_in_source,2025 fieldwork; use in preceding 12 months,survey,measured,"Google / Ipsos Our Life With AI, 2025 fieldwork",https://www.ipsos.com/sites/default/files/ct/news/documents/2026-01/Google%20Ipsos%20Our%20Life%20With%20AI%202025%20Topline.pdf,ipsos,2026-01-15,2026-10-01,"Any AI tool or application, Q3. Online survey respondents aged 18+; not all residents, and not restricted to work use. Country sample approximately 1,000.",No information: country outside this survey’s African sample.,{},False
adoption-survey-ai-2025,adoption,access,AI use reported by online survey respondents,SLE,SLE,Sierra Leone,,% of respondents,no_information_in_source,2025 fieldwork; use in preceding 12 months,survey,measured,"Google / Ipsos Our Life With AI, 2025 fieldwork",https://www.ipsos.com/sites/default/files/ct/news/documents/2026-01/Google%20Ipsos%20Our%20Life%20With%20AI%202025%20Topline.pdf,ipsos,2026-01-15,2026-10-01,"Any AI tool or application, Q3. Online survey respondents aged 18+; not all residents, and not restricted to work use. Country sample approximately 1,000.",No information: country outside this survey’s African sample.,{},False
adoption-survey-ai-2025,adoption,access,AI use reported by online survey respondents,SOM,SOM,Somalia,,% of respondents,no_information_in_source,2025 fieldwork; use in preceding 12 months,survey,measured,"Google / Ipsos Our Life With AI, 2025 fieldwork",https://www.ipsos.com/sites/default/files/ct/news/documents/2026-01/Google%20Ipsos%20Our%20Life%20With%20AI%202025%20Topline.pdf,ipsos,2026-01-15,2026-10-01,"Any AI tool or application, Q3. Online survey respondents aged 18+; not all residents, and not restricted to work use. Country sample approximately 1,000.",No information: country outside this survey’s African sample.,{},False
adoption-survey-ai-2025,adoption,access,AI use reported by online survey respondents,ZAF,ZAF,South Africa,72,% of respondents,available,2025 fieldwork; use in preceding 12 months,survey,measured,"Google / Ipsos Our Life With AI, 2025 fieldwork",https://www.ipsos.com/sites/default/files/ct/news/documents/2026-01/Google%20Ipsos%20Our%20Life%20With%20AI%202025%20Topline.pdf,ipsos,2026-01-15,2026-10-01,"Any AI tool or application, Q3. Online survey respondents aged 18+; not all residents, and not restricted to work use. Country sample approximately 1,000.","Any AI tool or application, Q3. Online survey respondents aged 18+; not all residents, and not restricted to work use. Country sample approximately 1,000.",{},False
adoption-survey-ai-2025,adoption,access,AI use reported by online survey respondents,SSD,SSD,South Sudan,,% of respondents,no_information_in_source,2025 fieldwork; use in preceding 12 months,survey,measured,"Google / Ipsos Our Life With AI, 2025 fieldwork",https://www.ipsos.com/sites/default/files/ct/news/documents/2026-01/Google%20Ipsos%20Our%20Life%20With%20AI%202025%20Topline.pdf,ipsos,2026-01-15,2026-10-01,"Any AI tool or application, Q3. Online survey respondents aged 18+; not all residents, and not restricted to work use. Country sample approximately 1,000.",No information: country outside this survey’s African sample.,{},False
adoption-survey-ai-2025,adoption,access,AI use reported by online survey respondents,SDN,SDN,Sudan,,% of respondents,no_information_in_source,2025 fieldwork; use in preceding 12 months,survey,measured,"Google / Ipsos Our Life With AI, 2025 fieldwork",https://www.ipsos.com/sites/default/files/ct/news/documents/2026-01/Google%20Ipsos%20Our%20Life%20With%20AI%202025%20Topline.pdf,ipsos,2026-01-15,2026-10-01,"Any AI tool or application, Q3. Online survey respondents aged 18+; not all residents, and not restricted to work use. Country sample approximately 1,000.",No information: country outside this survey’s African sample.,{},False
adoption-survey-ai-2025,adoption,access,AI use reported by online survey respondents,STP,STP,São Tomé and Príncipe,,% of respondents,no_information_in_source,2025 fieldwork; use in preceding 12 months,survey,measured,"Google / Ipsos Our Life With AI, 2025 fieldwork",https://www.ipsos.com/sites/default/files/ct/news/documents/2026-01/Google%20Ipsos%20Our%20Life%20With%20AI%202025%20Topline.pdf,ipsos,2026-01-15,2026-10-01,"Any AI tool or application, Q3. Online survey respondents aged 18+; not all residents, and not restricted to work use. Country sample approximately 1,000.",No information: country outside this survey’s African sample.,{},False
adoption-survey-ai-2025,adoption,access,AI use reported by online survey respondents,TZA,TZA,Tanzania,,% of respondents,no_information_in_source,2025 fieldwork; use in preceding 12 months,survey,measured,"Google / Ipsos Our Life With AI, 2025 fieldwork",https://www.ipsos.com/sites/default/files/ct/news/documents/2026-01/Google%20Ipsos%20Our%20Life%20With%20AI%202025%20Topline.pdf,ipsos,2026-01-15,2026-10-01,"Any AI tool or application, Q3. Online survey respondents aged 18+; not all residents, and not restricted to work use. Country sample approximately 1,000.",No information: country outside this survey’s African sample.,{},False
adoption-survey-ai-2025,adoption,access,AI use reported by online survey respondents,TGO,TGO,Togo,,% of respondents,no_information_in_source,2025 fieldwork; use in preceding 12 months,survey,measured,"Google / Ipsos Our Life With AI, 2025 fieldwork",https://www.ipsos.com/sites/default/files/ct/news/documents/2026-01/Google%20Ipsos%20Our%20Life%20With%20AI%202025%20Topline.pdf,ipsos,2026-01-15,2026-10-01,"Any AI tool or application, Q3. Online survey respondents aged 18+; not all residents, and not restricted to work use. Country sample approximately 1,000.",No information: country outside this survey’s African sample.,{},False
adoption-survey-ai-2025,adoption,access,AI use reported by online survey respondents,TUN,TUN,Tunisia,,% of respondents,no_information_in_source,2025 fieldwork; use in preceding 12 months,survey,measured,"Google / Ipsos Our Life With AI, 2025 fieldwork",https://www.ipsos.com/sites/default/files/ct/news/documents/2026-01/Google%20Ipsos%20Our%20Life%20With%20AI%202025%20Topline.pdf,ipsos,2026-01-15,2026-10-01,"Any AI tool or application, Q3. Online survey respondents aged 18+; not all residents, and not restricted to work use. Country sample approximately 1,000.",No information: country outside this survey’s African sample.,{},False
adoption-survey-ai-2025,adoption,access,AI use reported by online survey respondents,UGA,UGA,Uganda,,% of respondents,no_information_in_source,2025 fieldwork; use in preceding 12 months,survey,measured,"Google / Ipsos Our Life With AI, 2025 fieldwork",https://www.ipsos.com/sites/default/files/ct/news/documents/2026-01/Google%20Ipsos%20Our%20Life%20With%20AI%202025%20Topline.pdf,ipsos,2026-01-15,2026-10-01,"Any AI tool or application, Q3. Online survey respondents aged 18+; not all residents, and not restricted to work use. Country sample approximately 1,000.",No information: country outside this survey’s African sample.,{},False
adoption-survey-ai-2025,adoption,access,AI use reported by online survey respondents,ZMB,ZMB,Zambia,,% of respondents,no_information_in_source,2025 fieldwork; use in preceding 12 months,survey,measured,"Google / Ipsos Our Life With AI, 2025 fieldwork",https://www.ipsos.com/sites/default/files/ct/news/documents/2026-01/Google%20Ipsos%20Our%20Life%20With%20AI%202025%20Topline.pdf,ipsos,2026-01-15,2026-10-01,"Any AI tool or application, Q3. Online survey respondents aged 18+; not all residents, and not restricted to work use. Country sample approximately 1,000.",No information: country outside this survey’s African sample.,{},False
adoption-survey-ai-2025,adoption,access,AI use reported by online survey respondents,ZWE,ZWE,Zimbabwe,,% of respondents,no_information_in_source,2025 fieldwork; use in preceding 12 months,survey,measured,"Google / Ipsos Our Life With AI, 2025 fieldwork",https://www.ipsos.com/sites/default/files/ct/news/documents/2026-01/Google%20Ipsos%20Our%20Life%20With%20AI%202025%20Topline.pdf,ipsos,2026-01-15,2026-10-01,"Any AI tool or application, Q3. Online survey respondents aged 18+; not all residents, and not restricted to work use. Country sample approximately 1,000.",No information: country outside this survey’s African sample.,{},False
adoption-survey-genai-2025,adoption,access,Generative AI use reported by online survey respondents,DZA,DZA,Algeria,,% of respondents,no_information_in_source,2025 fieldwork; use in preceding 12 months,survey,measured,"Google / Ipsos Our Life With AI, 2025 fieldwork",https://www.ipsos.com/sites/default/files/ct/news/documents/2026-01/Google%20Ipsos%20Our%20Life%20With%20AI%202025%20Topline.pdf,ipsos,2026-01-15,2026-10-01,"Generative AI tools or generation of images, video or audio, Q4. Same online survey and fieldwork as the all-AI measure; a different question.",No information: country outside this survey’s African sample.,{},False
adoption-survey-genai-2025,adoption,access,Generative AI use reported by online survey respondents,AGO,AGO,Angola,,% of respondents,no_information_in_source,2025 fieldwork; use in preceding 12 months,survey,measured,"Google / Ipsos Our Life With AI, 2025 fieldwork",https://www.ipsos.com/sites/default/files/ct/news/documents/2026-01/Google%20Ipsos%20Our%20Life%20With%20AI%202025%20Topline.pdf,ipsos,2026-01-15,2026-10-01,"Generative AI tools or generation of images, video or audio, Q4. Same online survey and fieldwork as the all-AI measure; a different question.",No information: country outside this survey’s African sample.,{},False
adoption-survey-genai-2025,adoption,access,Generative AI use reported by online survey respondents,BEN,BEN,Benin,,% of respondents,no_information_in_source,2025 fieldwork; use in preceding 12 months,survey,measured,"Google / Ipsos Our Life With AI, 2025 fieldwork",https://www.ipsos.com/sites/default/files/ct/news/documents/2026-01/Google%20Ipsos%20Our%20Life%20With%20AI%202025%20Topline.pdf,ipsos,2026-01-15,2026-10-01,"Generative AI tools or generation of images, video or audio, Q4. Same online survey and fieldwork as the all-AI measure; a different question.",No information: country outside this survey’s African sample.,{},False
adoption-survey-genai-2025,adoption,access,Generative AI use reported by online survey respondents,BWA,BWA,Botswana,,% of respondents,no_information_in_source,2025 fieldwork; use in preceding 12 months,survey,measured,"Google / Ipsos Our Life With AI, 2025 fieldwork",https://www.ipsos.com/sites/default/files/ct/news/documents/2026-01/Google%20Ipsos%20Our%20Life%20With%20AI%202025%20Topline.pdf,ipsos,2026-01-15,2026-10-01,"Generative AI tools or generation of images, video or audio, Q4. Same online survey and fieldwork as the all-AI measure; a different question.",No information: country outside this survey’s African sample.,{},False
adoption-survey-genai-2025,adoption,access,Generative AI use reported by online survey respondents,BFA,BFA,Burkina Faso,,% of respondents,no_information_in_source,2025 fieldwork; use in preceding 12 months,survey,measured,"Google / Ipsos Our Life With AI, 2025 fieldwork",https://www.ipsos.com/sites/default/files/ct/news/documents/2026-01/Google%20Ipsos%20Our%20Life%20With%20AI%202025%20Topline.pdf,ipsos,2026-01-15,2026-10-01,"Generative AI tools or generation of images, video or audio, Q4. Same online survey and fieldwork as the all-AI measure; a different question.",No information: country outside this survey’s African sample.,{},False
adoption-survey-genai-2025,adoption,access,Generative AI use reported by online survey respondents,BDI,BDI,Burundi,,% of respondents,no_information_in_source,2025 fieldwork; use in preceding 12 months,survey,measured,"Google / Ipsos Our Life With AI, 2025 fieldwork",https://www.ipsos.com/sites/default/files/ct/news/documents/2026-01/Google%20Ipsos%20Our%20Life%20With%20AI%202025%20Topline.pdf,ipsos,2026-01-15,2026-10-01,"Generative AI tools or generation of images, video or audio, Q4. Same online survey and fieldwork as the all-AI measure; a different question.",No information: country outside this survey’s African sample.,{},False
adoption-survey-genai-2025,adoption,access,Generative AI use reported by online survey respondents,CPV,CPV,Cabo Verde,,% of respondents,no_information_in_source,2025 fieldwork; use in preceding 12 months,survey,measured,"Google / Ipsos Our Life With AI, 2025 fieldwork",https://www.ipsos.com/sites/default/files/ct/news/documents/2026-01/Google%20Ipsos%20Our%20Life%20With%20AI%202025%20Topline.pdf,ipsos,2026-01-15,2026-10-01,"Generative AI tools or generation of images, video or audio, Q4. Same online survey and fieldwork as the all-AI measure; a different question.",No information: country outside this survey’s African sample.,{},False
adoption-survey-genai-2025,adoption,access,Generative AI use reported by online survey respondents,CMR,CMR,Cameroon,,% of respondents,no_information_in_source,2025 fieldwork; use in preceding 12 months,survey,measured,"Google / Ipsos Our Life With AI, 2025 fieldwork",https://www.ipsos.com/sites/default/files/ct/news/documents/2026-01/Google%20Ipsos%20Our%20Life%20With%20AI%202025%20Topline.pdf,ipsos,2026-01-15,2026-10-01,"Generative AI tools or generation of images, video or audio, Q4. Same online survey and fieldwork as the all-AI measure; a different question.",No information: country outside this survey’s African sample.,{},False
adoption-survey-genai-2025,adoption,access,Generative AI use reported by online survey respondents,CAF,CAF,Central African Republic,,% of respondents,no_information_in_source,2025 fieldwork; use in preceding 12 months,survey,measured,"Google / Ipsos Our Life With AI, 2025 fieldwork",https://www.ipsos.com/sites/default/files/ct/news/documents/2026-01/Google%20Ipsos%20Our%20Life%20With%20AI%202025%20Topline.pdf,ipsos,2026-01-15,2026-10-01,"Generative AI tools or generation of images, video or audio, Q4. Same online survey and fieldwork as the all-AI measure; a different question.",No information: country outside this survey’s African sample.,{},False
adoption-survey-genai-2025,adoption,access,Generative AI use reported by online survey respondents,TCD,TCD,Chad,,% of respondents,no_information_in_source,2025 fieldwork; use in preceding 12 months,survey,measured,"Google / Ipsos Our Life With AI, 2025 fieldwork",https://www.ipsos.com/sites/default/files/ct/news/documents/2026-01/Google%20Ipsos%20Our%20Life%20With%20AI%202025%20Topline.pdf,ipsos,2026-01-15,2026-10-01,"Generative AI tools or generation of images, video or audio, Q4. Same online survey and fieldwork as the all-AI measure; a different question.",No information: country outside this survey’s African sample.,{},False
adoption-survey-genai-2025,adoption,access,Generative AI use reported by online survey respondents,COM,COM,Comoros,,% of respondents,no_information_in_source,2025 fieldwork; use in preceding 12 months,survey,measured,"Google / Ipsos Our Life With AI, 2025 fieldwork",https://www.ipsos.com/sites/default/files/ct/news/documents/2026-01/Google%20Ipsos%20Our%20Life%20With%20AI%202025%20Topline.pdf,ipsos,2026-01-15,2026-10-01,"Generative AI tools or generation of images, video or audio, Q4. Same online survey and fieldwork as the all-AI measure; a different question.",No information: country outside this survey’s African sample.,{},False
adoption-survey-genai-2025,adoption,access,Generative AI use reported by online survey respondents,CIV,CIV,Côte d'Ivoire,,% of respondents,no_information_in_source,2025 fieldwork; use in preceding 12 months,survey,measured,"Google / Ipsos Our Life With AI, 2025 fieldwork",https://www.ipsos.com/sites/default/files/ct/news/documents/2026-01/Google%20Ipsos%20Our%20Life%20With%20AI%202025%20Topline.pdf,ipsos,2026-01-15,2026-10-01,"Generative AI tools or generation of images, video or audio, Q4. Same online survey and fieldwork as the all-AI measure; a different question.",No information: country outside this survey’s African sample.,{},False
adoption-survey-genai-2025,adoption,access,Generative AI use reported by online survey respondents,COD,COD,Democratic Republic of the Congo,,% of respondents,no_information_in_source,2025 fieldwork; use in preceding 12 months,survey,measured,"Google / Ipsos Our Life With AI, 2025 fieldwork",https://www.ipsos.com/sites/default/files/ct/news/documents/2026-01/Google%20Ipsos%20Our%20Life%20With%20AI%202025%20Topline.pdf,ipsos,2026-01-15,2026-10-01,"Generative AI tools or generation of images, video or audio, Q4. Same online survey and fieldwork as the all-AI measure; a different question.",No information: country outside this survey’s African sample.,{},False
adoption-survey-genai-2025,adoption,access,Generative AI use reported by online survey respondents,DJI,DJI,Djibouti,,% of respondents,no_information_in_source,2025 fieldwork; use in preceding 12 months,survey,measured,"Google / Ipsos Our Life With AI, 2025 fieldwork",https://www.ipsos.com/sites/default/files/ct/news/documents/2026-01/Google%20Ipsos%20Our%20Life%20With%20AI%202025%20Topline.pdf,ipsos,2026-01-15,2026-10-01,"Generative AI tools or generation of images, video or audio, Q4. Same online survey and fieldwork as the all-AI measure; a different question.",No information: country outside this survey’s African sample.,{},False
adoption-survey-genai-2025,adoption,access,Generative AI use reported by online survey respondents,EGY,EGY,Egypt,,% of respondents,no_information_in_source,2025 fieldwork; use in preceding 12 months,survey,measured,"Google / Ipsos Our Life With AI, 2025 fieldwork",https://www.ipsos.com/sites/default/files/ct/news/documents/2026-01/Google%20Ipsos%20Our%20Life%20With%20AI%202025%20Topline.pdf,ipsos,2026-01-15,2026-10-01,"Generative AI tools or generation of images, video or audio, Q4. Same online survey and fieldwork as the all-AI measure; a different question.",No information: country outside this survey’s African sample.,{},False
adoption-survey-genai-2025,adoption,access,Generative AI use reported by online survey respondents,GNQ,GNQ,Equatorial Guinea,,% of respondents,no_information_in_source,2025 fieldwork; use in preceding 12 months,survey,measured,"Google / Ipsos Our Life With AI, 2025 fieldwork",https://www.ipsos.com/sites/default/files/ct/news/documents/2026-01/Google%20Ipsos%20Our%20Life%20With%20AI%202025%20Topline.pdf,ipsos,2026-01-15,2026-10-01,"Generative AI tools or generation of images, video or audio, Q4. Same online survey and fieldwork as the all-AI measure; a different question.",No information: country outside this survey’s African sample.,{},False
adoption-survey-genai-2025,adoption,access,Generative AI use reported by online survey respondents,ERI,ERI,Eritrea,,% of respondents,no_information_in_source,2025 fieldwork; use in preceding 12 months,survey,measured,"Google / Ipsos Our Life With AI, 2025 fieldwork",https://www.ipsos.com/sites/default/files/ct/news/documents/2026-01/Google%20Ipsos%20Our%20Life%20With%20AI%202025%20Topline.pdf,ipsos,2026-01-15,2026-10-01,"Generative AI tools or generation of images, video or audio, Q4. Same online survey and fieldwork as the all-AI measure; a different question.",No information: country outside this survey’s African sample.,{},False
adoption-survey-genai-2025,adoption,access,Generative AI use reported by online survey respondents,SWZ,SWZ,Eswatini,,% of respondents,no_information_in_source,2025 fieldwork; use in preceding 12 months,survey,measured,"Google / Ipsos Our Life With AI, 2025 fieldwork",https://www.ipsos.com/sites/default/files/ct/news/documents/2026-01/Google%20Ipsos%20Our%20Life%20With%20AI%202025%20Topline.pdf,ipsos,2026-01-15,2026-10-01,"Generative AI tools or generation of images, video or audio, Q4. Same online survey and fieldwork as the all-AI measure; a different question.",No information: country outside this survey’s African sample.,{},False
adoption-survey-genai-2025,adoption,access,Generative AI use reported by online survey respondents,ETH,ETH,Ethiopia,,% of respondents,no_information_in_source,2025 fieldwork; use in preceding 12 months,survey,measured,"Google / Ipsos Our Life With AI, 2025 fieldwork",https://www.ipsos.com/sites/default/files/ct/news/documents/2026-01/Google%20Ipsos%20Our%20Life%20With%20AI%202025%20Topline.pdf,ipsos,2026-01-15,2026-10-01,"Generative AI tools or generation of images, video or audio, Q4. Same online survey and fieldwork as the all-AI measure; a different question.",No information: country outside this survey’s African sample.,{},False
adoption-survey-genai-2025,adoption,access,Generative AI use reported by online survey respondents,GAB,GAB,Gabon,,% of respondents,no_information_in_source,2025 fieldwork; use in preceding 12 months,survey,measured,"Google / Ipsos Our Life With AI, 2025 fieldwork",https://www.ipsos.com/sites/default/files/ct/news/documents/2026-01/Google%20Ipsos%20Our%20Life%20With%20AI%202025%20Topline.pdf,ipsos,2026-01-15,2026-10-01,"Generative AI tools or generation of images, video or audio, Q4. Same online survey and fieldwork as the all-AI measure; a different question.",No information: country outside this survey’s African sample.,{},False
adoption-survey-genai-2025,adoption,access,Generative AI use reported by online survey respondents,GMB,GMB,Gambia,,% of respondents,no_information_in_source,2025 fieldwork; use in preceding 12 months,survey,measured,"Google / Ipsos Our Life With AI, 2025 fieldwork",https://www.ipsos.com/sites/default/files/ct/news/documents/2026-01/Google%20Ipsos%20Our%20Life%20With%20AI%202025%20Topline.pdf,ipsos,2026-01-15,2026-10-01,"Generative AI tools or generation of images, video or audio, Q4. Same online survey and fieldwork as the all-AI measure; a different question.",No information: country outside this survey’s African sample.,{},False
adoption-survey-genai-2025,adoption,access,Generative AI use reported by online survey respondents,GHA,GHA,Ghana,,% of respondents,no_information_in_source,2025 fieldwork; use in preceding 12 months,survey,measured,"Google / Ipsos Our Life With AI, 2025 fieldwork",https://www.ipsos.com/sites/default/files/ct/news/documents/2026-01/Google%20Ipsos%20Our%20Life%20With%20AI%202025%20Topline.pdf,ipsos,2026-01-15,2026-10-01,"Generative AI tools or generation of images, video or audio, Q4. Same online survey and fieldwork as the all-AI measure; a different question.",No information: country outside this survey’s African sample.,{},False
adoption-survey-genai-2025,adoption,access,Generative AI use reported by online survey respondents,GIN,GIN,Guinea,,% of respondents,no_information_in_source,2025 fieldwork; use in preceding 12 months,survey,measured,"Google / Ipsos Our Life With AI, 2025 fieldwork",https://www.ipsos.com/sites/default/files/ct/news/documents/2026-01/Google%20Ipsos%20Our%20Life%20With%20AI%202025%20Topline.pdf,ipsos,2026-01-15,2026-10-01,"Generative AI tools or generation of images, video or audio, Q4. Same online survey and fieldwork as the all-AI measure; a different question.",No information: country outside this survey’s African sample.,{},False
adoption-survey-genai-2025,adoption,access,Generative AI use reported by online survey respondents,GNB,GNB,Guinea-Bissau,,% of respondents,no_information_in_source,2025 fieldwork; use in preceding 12 months,survey,measured,"Google / Ipsos Our Life With AI, 2025 fieldwork",https://www.ipsos.com/sites/default/files/ct/news/documents/2026-01/Google%20Ipsos%20Our%20Life%20With%20AI%202025%20Topline.pdf,ipsos,2026-01-15,2026-10-01,"Generative AI tools or generation of images, video or audio, Q4. Same online survey and fieldwork as the all-AI measure; a different question.",No information: country outside this survey’s African sample.,{},False
adoption-survey-genai-2025,adoption,access,Generative AI use reported by online survey respondents,KEN,KEN,Kenya,,% of respondents,no_information_in_source,2025 fieldwork; use in preceding 12 months,survey,measured,"Google / Ipsos Our Life With AI, 2025 fieldwork",https://www.ipsos.com/sites/default/files/ct/news/documents/2026-01/Google%20Ipsos%20Our%20Life%20With%20AI%202025%20Topline.pdf,ipsos,2026-01-15,2026-10-01,"Generative AI tools or generation of images, video or audio, Q4. Same online survey and fieldwork as the all-AI measure; a different question.",No information: country outside this survey’s African sample.,{},False
adoption-survey-genai-2025,adoption,access,Generative AI use reported by online survey respondents,LSO,LSO,Lesotho,,% of respondents,no_information_in_source,2025 fieldwork; use in preceding 12 months,survey,measured,"Google / Ipsos Our Life With AI, 2025 fieldwork",https://www.ipsos.com/sites/default/files/ct/news/documents/2026-01/Google%20Ipsos%20Our%20Life%20With%20AI%202025%20Topline.pdf,ipsos,2026-01-15,2026-10-01,"Generative AI tools or generation of images, video or audio, Q4. Same online survey and fieldwork as the all-AI measure; a different question.",No information: country outside this survey’s African sample.,{},False
adoption-survey-genai-2025,adoption,access,Generative AI use reported by online survey respondents,LBR,LBR,Liberia,,% of respondents,no_information_in_source,2025 fieldwork; use in preceding 12 months,survey,measured,"Google / Ipsos Our Life With AI, 2025 fieldwork",https://www.ipsos.com/sites/default/files/ct/news/documents/2026-01/Google%20Ipsos%20Our%20Life%20With%20AI%202025%20Topline.pdf,ipsos,2026-01-15,2026-10-01,"Generative AI tools or generation of images, video or audio, Q4. Same online survey and fieldwork as the all-AI measure; a different question.",No information: country outside this survey’s African sample.,{},False
adoption-survey-genai-2025,adoption,access,Generative AI use reported by online survey respondents,LBY,LBY,Libya,,% of respondents,no_information_in_source,2025 fieldwork; use in preceding 12 months,survey,measured,"Google / Ipsos Our Life With AI, 2025 fieldwork",https://www.ipsos.com/sites/default/files/ct/news/documents/2026-01/Google%20Ipsos%20Our%20Life%20With%20AI%202025%20Topline.pdf,ipsos,2026-01-15,2026-10-01,"Generative AI tools or generation of images, video or audio, Q4. Same online survey and fieldwork as the all-AI measure; a different question.",No information: country outside this survey’s African sample.,{},False
adoption-survey-genai-2025,adoption,access,Generative AI use reported by online survey respondents,MDG,MDG,Madagascar,,% of respondents,no_information_in_source,2025 fieldwork; use in preceding 12 months,survey,measured,"Google / Ipsos Our Life With AI, 2025 fieldwork",https://www.ipsos.com/sites/default/files/ct/news/documents/2026-01/Google%20Ipsos%20Our%20Life%20With%20AI%202025%20Topline.pdf,ipsos,2026-01-15,2026-10-01,"Generative AI tools or generation of images, video or audio, Q4. Same online survey and fieldwork as the all-AI measure; a different question.",No information: country outside this survey’s African sample.,{},False
adoption-survey-genai-2025,adoption,access,Generative AI use reported by online survey respondents,MWI,MWI,Malawi,,% of respondents,no_information_in_source,2025 fieldwork; use in preceding 12 months,survey,measured,"Google / Ipsos Our Life With AI, 2025 fieldwork",https://www.ipsos.com/sites/default/files/ct/news/documents/2026-01/Google%20Ipsos%20Our%20Life%20With%20AI%202025%20Topline.pdf,ipsos,2026-01-15,2026-10-01,"Generative AI tools or generation of images, video or audio, Q4. Same online survey and fieldwork as the all-AI measure; a different question.",No information: country outside this survey’s African sample.,{},False
adoption-survey-genai-2025,adoption,access,Generative AI use reported by online survey respondents,MLI,MLI,Mali,,% of respondents,no_information_in_source,2025 fieldwork; use in preceding 12 months,survey,measured,"Google / Ipsos Our Life With AI, 2025 fieldwork",https://www.ipsos.com/sites/default/files/ct/news/documents/2026-01/Google%20Ipsos%20Our%20Life%20With%20AI%202025%20Topline.pdf,ipsos,2026-01-15,2026-10-01,"Generative AI tools or generation of images, video or audio, Q4. Same online survey and fieldwork as the all-AI measure; a different question.",No information: country outside this survey’s African sample.,{},False
adoption-survey-genai-2025,adoption,access,Generative AI use reported by online survey respondents,MRT,MRT,Mauritania,,% of respondents,no_information_in_source,2025 fieldwork; use in preceding 12 months,survey,measured,"Google / Ipsos Our Life With AI, 2025 fieldwork",https://www.ipsos.com/sites/default/files/ct/news/documents/2026-01/Google%20Ipsos%20Our%20Life%20With%20AI%202025%20Topline.pdf,ipsos,2026-01-15,2026-10-01,"Generative AI tools or generation of images, video or audio, Q4. Same online survey and fieldwork as the all-AI measure; a different question.",No information: country outside this survey’s African sample.,{},False
adoption-survey-genai-2025,adoption,access,Generative AI use reported by online survey respondents,MUS,MUS,Mauritius,,% of respondents,no_information_in_source,2025 fieldwork; use in preceding 12 months,survey,measured,"Google / Ipsos Our Life With AI, 2025 fieldwork",https://www.ipsos.com/sites/default/files/ct/news/documents/2026-01/Google%20Ipsos%20Our%20Life%20With%20AI%202025%20Topline.pdf,ipsos,2026-01-15,2026-10-01,"Generative AI tools or generation of images, video or audio, Q4. Same online survey and fieldwork as the all-AI measure; a different question.",No information: country outside this survey’s African sample.,{},False
adoption-survey-genai-2025,adoption,access,Generative AI use reported by online survey respondents,MAR,MAR,Morocco,,% of respondents,no_information_in_source,2025 fieldwork; use in preceding 12 months,survey,measured,"Google / Ipsos Our Life With AI, 2025 fieldwork",https://www.ipsos.com/sites/default/files/ct/news/documents/2026-01/Google%20Ipsos%20Our%20Life%20With%20AI%202025%20Topline.pdf,ipsos,2026-01-15,2026-10-01,"Generative AI tools or generation of images, video or audio, Q4. Same online survey and fieldwork as the all-AI measure; a different question.",No information: country outside this survey’s African sample.,{},False
adoption-survey-genai-2025,adoption,access,Generative AI use reported by online survey respondents,MOZ,MOZ,Mozambique,,% of respondents,no_information_in_source,2025 fieldwork; use in preceding 12 months,survey,measured,"Google / Ipsos Our Life With AI, 2025 fieldwork",https://www.ipsos.com/sites/default/files/ct/news/documents/2026-01/Google%20Ipsos%20Our%20Life%20With%20AI%202025%20Topline.pdf,ipsos,2026-01-15,2026-10-01,"Generative AI tools or generation of images, video or audio, Q4. Same online survey and fieldwork as the all-AI measure; a different question.",No information: country outside this survey’s African sample.,{},False
adoption-survey-genai-2025,adoption,access,Generative AI use reported by online survey respondents,NAM,NAM,Namibia,,% of respondents,no_information_in_source,2025 fieldwork; use in preceding 12 months,survey,measured,"Google / Ipsos Our Life With AI, 2025 fieldwork",https://www.ipsos.com/sites/default/files/ct/news/documents/2026-01/Google%20Ipsos%20Our%20Life%20With%20AI%202025%20Topline.pdf,ipsos,2026-01-15,2026-10-01,"Generative AI tools or generation of images, video or audio, Q4. Same online survey and fieldwork as the all-AI measure; a different question.",No information: country outside this survey’s African sample.,{},False
adoption-survey-genai-2025,adoption,access,Generative AI use reported by online survey respondents,NER,NER,Niger,,% of respondents,no_information_in_source,2025 fieldwork; use in preceding 12 months,survey,measured,"Google / Ipsos Our Life With AI, 2025 fieldwork",https://www.ipsos.com/sites/default/files/ct/news/documents/2026-01/Google%20Ipsos%20Our%20Life%20With%20AI%202025%20Topline.pdf,ipsos,2026-01-15,2026-10-01,"Generative AI tools or generation of images, video or audio, Q4. Same online survey and fieldwork as the all-AI measure; a different question.",No information: country outside this survey’s African sample.,{},False
adoption-survey-genai-2025,adoption,access,Generative AI use reported by online survey respondents,NGA,NGA,Nigeria,84,% of respondents,available,2025 fieldwork; use in preceding 12 months,survey,measured,"Google / Ipsos Our Life With AI, 2025 fieldwork",https://www.ipsos.com/sites/default/files/ct/news/documents/2026-01/Google%20Ipsos%20Our%20Life%20With%20AI%202025%20Topline.pdf,ipsos,2026-01-15,2026-10-01,"Generative AI tools or generation of images, video or audio, Q4. Same online survey and fieldwork as the all-AI measure; a different question.","Generative AI tools or generation of images, video or audio, Q4. Same online survey and fieldwork as the all-AI measure; a different question.",{},False
adoption-survey-genai-2025,adoption,access,Generative AI use reported by online survey respondents,COG,COG,Republic of the Congo,,% of respondents,no_information_in_source,2025 fieldwork; use in preceding 12 months,survey,measured,"Google / Ipsos Our Life With AI, 2025 fieldwork",https://www.ipsos.com/sites/default/files/ct/news/documents/2026-01/Google%20Ipsos%20Our%20Life%20With%20AI%202025%20Topline.pdf,ipsos,2026-01-15,2026-10-01,"Generative AI tools or generation of images, video or audio, Q4. Same online survey and fieldwork as the all-AI measure; a different question.",No information: country outside this survey’s African sample.,{},False
adoption-survey-genai-2025,adoption,access,Generative AI use reported by online survey respondents,RWA,RWA,Rwanda,,% of respondents,no_information_in_source,2025 fieldwork; use in preceding 12 months,survey,measured,"Google / Ipsos Our Life With AI, 2025 fieldwork",https://www.ipsos.com/sites/default/files/ct/news/documents/2026-01/Google%20Ipsos%20Our%20Life%20With%20AI%202025%20Topline.pdf,ipsos,2026-01-15,2026-10-01,"Generative AI tools or generation of images, video or audio, Q4. Same online survey and fieldwork as the all-AI measure; a different question.",No information: country outside this survey’s African sample.,{},False
adoption-survey-genai-2025,adoption,access,Generative AI use reported by online survey respondents,SEN,SEN,Senegal,,% of respondents,no_information_in_source,2025 fieldwork; use in preceding 12 months,survey,measured,"Google / Ipsos Our Life With AI, 2025 fieldwork",https://www.ipsos.com/sites/default/files/ct/news/documents/2026-01/Google%20Ipsos%20Our%20Life%20With%20AI%202025%20Topline.pdf,ipsos,2026-01-15,2026-10-01,"Generative AI tools or generation of images, video or audio, Q4. Same online survey and fieldwork as the all-AI measure; a different question.",No information: country outside this survey’s African sample.,{},False
adoption-survey-genai-2025,adoption,access,Generative AI use reported by online survey respondents,SYC,SYC,Seychelles,,% of respondents,no_information_in_source,2025 fieldwork; use in preceding 12 months,survey,measured,"Google / Ipsos Our Life With AI, 2025 fieldwork",https://www.ipsos.com/sites/default/files/ct/news/documents/2026-01/Google%20Ipsos%20Our%20Life%20With%20AI%202025%20Topline.pdf,ipsos,2026-01-15,2026-10-01,"Generative AI tools or generation of images, video or audio, Q4. Same online survey and fieldwork as the all-AI measure; a different question.",No information: country outside this survey’s African sample.,{},False
adoption-survey-genai-2025,adoption,access,Generative AI use reported by online survey respondents,SLE,SLE,Sierra Leone,,% of respondents,no_information_in_source,2025 fieldwork; use in preceding 12 months,survey,measured,"Google / Ipsos Our Life With AI, 2025 fieldwork",https://www.ipsos.com/sites/default/files/ct/news/documents/2026-01/Google%20Ipsos%20Our%20Life%20With%20AI%202025%20Topline.pdf,ipsos,2026-01-15,2026-10-01,"Generative AI tools or generation of images, video or audio, Q4. Same online survey and fieldwork as the all-AI measure; a different question.",No information: country outside this survey’s African sample.,{},False
adoption-survey-genai-2025,adoption,access,Generative AI use reported by online survey respondents,SOM,SOM,Somalia,,% of respondents,no_information_in_source,2025 fieldwork; use in preceding 12 months,survey,measured,"Google / Ipsos Our Life With AI, 2025 fieldwork",https://www.ipsos.com/sites/default/files/ct/news/documents/2026-01/Google%20Ipsos%20Our%20Life%20With%20AI%202025%20Topline.pdf,ipsos,2026-01-15,2026-10-01,"Generative AI tools or generation of images, video or audio, Q4. Same online survey and fieldwork as the all-AI measure; a different question.",No information: country outside this survey’s African sample.,{},False
adoption-survey-genai-2025,adoption,access,Generative AI use reported by online survey respondents,ZAF,ZAF,South Africa,70,% of respondents,available,2025 fieldwork; use in preceding 12 months,survey,measured,"Google / Ipsos Our Life With AI, 2025 fieldwork",https://www.ipsos.com/sites/default/files/ct/news/documents/2026-01/Google%20Ipsos%20Our%20Life%20With%20AI%202025%20Topline.pdf,ipsos,2026-01-15,2026-10-01,"Generative AI tools or generation of images, video or audio, Q4. Same online survey and fieldwork as the all-AI measure; a different question.","Generative AI tools or generation of images, video or audio, Q4. Same online survey and fieldwork as the all-AI measure; a different question.",{},False
adoption-survey-genai-2025,adoption,access,Generative AI use reported by online survey respondents,SSD,SSD,South Sudan,,% of respondents,no_information_in_source,2025 fieldwork; use in preceding 12 months,survey,measured,"Google / Ipsos Our Life With AI, 2025 fieldwork",https://www.ipsos.com/sites/default/files/ct/news/documents/2026-01/Google%20Ipsos%20Our%20Life%20With%20AI%202025%20Topline.pdf,ipsos,2026-01-15,2026-10-01,"Generative AI tools or generation of images, video or audio, Q4. Same online survey and fieldwork as the all-AI measure; a different question.",No information: country outside this survey’s African sample.,{},False
adoption-survey-genai-2025,adoption,access,Generative AI use reported by online survey respondents,SDN,SDN,Sudan,,% of respondents,no_information_in_source,2025 fieldwork; use in preceding 12 months,survey,measured,"Google / Ipsos Our Life With AI, 2025 fieldwork",https://www.ipsos.com/sites/default/files/ct/news/documents/2026-01/Google%20Ipsos%20Our%20Life%20With%20AI%202025%20Topline.pdf,ipsos,2026-01-15,2026-10-01,"Generative AI tools or generation of images, video or audio, Q4. Same online survey and fieldwork as the all-AI measure; a different question.",No information: country outside this survey’s African sample.,{},False
adoption-survey-genai-2025,adoption,access,Generative AI use reported by online survey respondents,STP,STP,São Tomé and Príncipe,,% of respondents,no_information_in_source,2025 fieldwork; use in preceding 12 months,survey,measured,"Google / Ipsos Our Life With AI, 2025 fieldwork",https://www.ipsos.com/sites/default/files/ct/news/documents/2026-01/Google%20Ipsos%20Our%20Life%20With%20AI%202025%20Topline.pdf,ipsos,2026-01-15,2026-10-01,"Generative AI tools or generation of images, video or audio, Q4. Same online survey and fieldwork as the all-AI measure; a different question.",No information: country outside this survey’s African sample.,{},False
adoption-survey-genai-2025,adoption,access,Generative AI use reported by online survey respondents,TZA,TZA,Tanzania,,% of respondents,no_information_in_source,2025 fieldwork; use in preceding 12 months,survey,measured,"Google / Ipsos Our Life With AI, 2025 fieldwork",https://www.ipsos.com/sites/default/files/ct/news/documents/2026-01/Google%20Ipsos%20Our%20Life%20With%20AI%202025%20Topline.pdf,ipsos,2026-01-15,2026-10-01,"Generative AI tools or generation of images, video or audio, Q4. Same online survey and fieldwork as the all-AI measure; a different question.",No information: country outside this survey’s African sample.,{},False
adoption-survey-genai-2025,adoption,access,Generative AI use reported by online survey respondents,TGO,TGO,Togo,,% of respondents,no_information_in_source,2025 fieldwork; use in preceding 12 months,survey,measured,"Google / Ipsos Our Life With AI, 2025 fieldwork",https://www.ipsos.com/sites/default/files/ct/news/documents/2026-01/Google%20Ipsos%20Our%20Life%20With%20AI%202025%20Topline.pdf,ipsos,2026-01-15,2026-10-01,"Generative AI tools or generation of images, video or audio, Q4. Same online survey and fieldwork as the all-AI measure; a different question.",No information: country outside this survey’s African sample.,{},False
adoption-survey-genai-2025,adoption,access,Generative AI use reported by online survey respondents,TUN,TUN,Tunisia,,% of respondents,no_information_in_source,2025 fieldwork; use in preceding 12 months,survey,measured,"Google / Ipsos Our Life With AI, 2025 fieldwork",https://www.ipsos.com/sites/default/files/ct/news/documents/2026-01/Google%20Ipsos%20Our%20Life%20With%20AI%202025%20Topline.pdf,ipsos,2026-01-15,2026-10-01,"Generative AI tools or generation of images, video or audio, Q4. Same online survey and fieldwork as the all-AI measure; a different question.",No information: country outside this survey’s African sample.,{},False
adoption-survey-genai-2025,adoption,access,Generative AI use reported by online survey respondents,UGA,UGA,Uganda,,% of respondents,no_information_in_source,2025 fieldwork; use in preceding 12 months,survey,measured,"Google / Ipsos Our Life With AI, 2025 fieldwork",https://www.ipsos.com/sites/default/files/ct/news/documents/2026-01/Google%20Ipsos%20Our%20Life%20With%20AI%202025%20Topline.pdf,ipsos,2026-01-15,2026-10-01,"Generative AI tools or generation of images, video or audio, Q4. Same online survey and fieldwork as the all-AI measure; a different question.",No information: country outside this survey’s African sample.,{},False
adoption-survey-genai-2025,adoption,access,Generative AI use reported by online survey respondents,ZMB,ZMB,Zambia,,% of respondents,no_information_in_source,2025 fieldwork; use in preceding 12 months,survey,measured,"Google / Ipsos Our Life With AI, 2025 fieldwork",https://www.ipsos.com/sites/default/files/ct/news/documents/2026-01/Google%20Ipsos%20Our%20Life%20With%20AI%202025%20Topline.pdf,ipsos,2026-01-15,2026-10-01,"Generative AI tools or generation of images, video or audio, Q4. Same online survey and fieldwork as the all-AI measure; a different question.",No information: country outside this survey’s African sample.,{},False
adoption-survey-genai-2025,adoption,access,Generative AI use reported by online survey respondents,ZWE,ZWE,Zimbabwe,,% of respondents,no_information_in_source,2025 fieldwork; use in preceding 12 months,survey,measured,"Google / Ipsos Our Life With AI, 2025 fieldwork",https://www.ipsos.com/sites/default/files/ct/news/documents/2026-01/Google%20Ipsos%20Our%20Life%20With%20AI%202025%20Topline.pdf,ipsos,2026-01-15,2026-10-01,"Generative AI tools or generation of images, video or audio, Q4. Same online survey and fieldwork as the all-AI measure; a different question.",No information: country outside this survey’s African sample.,{},False
adoption-estimate-h1-2025,adoption,access,Estimated generative AI use — H1 2025,DZA,DZA,Algeria,11.3,% of working-age population,available,H1 2025,vendor_estimate,modelled,"Microsoft AI Economy Institute, Global AI Adoption in 2025",https://www.microsoft.com/en-us/research/wp-content/uploads/2026/01/Microsoft-AI-Diffusion-Report-January-2026.pdf,microsoft,2026-01,2026-10-01,"Generative-AI diffusion estimate adjusted from Microsoft telemetry for device/OS market share, internet penetration and population. Working-age denominator; not a direct population survey or a measure of workplace adoption. Appendix pp. 15–17.","Generative-AI diffusion estimate adjusted from Microsoft telemetry for device/OS market share, internet penetration and population. Working-age denominator; not a direct population survey or a measure of workplace adoption. Appendix pp. 15–17.",{},False
adoption-estimate-h1-2025,adoption,access,Estimated generative AI use — H1 2025,AGO,AGO,Angola,8.9,% of working-age population,available,H1 2025,vendor_estimate,modelled,"Microsoft AI Economy Institute, Global AI Adoption in 2025",https://www.microsoft.com/en-us/research/wp-content/uploads/2026/01/Microsoft-AI-Diffusion-Report-January-2026.pdf,microsoft,2026-01,2026-10-01,"Generative-AI diffusion estimate adjusted from Microsoft telemetry for device/OS market share, internet penetration and population. Working-age denominator; not a direct population survey or a measure of workplace adoption. Appendix pp. 15–17.","Generative-AI diffusion estimate adjusted from Microsoft telemetry for device/OS market share, internet penetration and population. Working-age denominator; not a direct population survey or a measure of workplace adoption. Appendix pp. 15–17.",{},False
adoption-estimate-h1-2025,adoption,access,Estimated generative AI use — H1 2025,BEN,BEN,Benin,8.7,% of working-age population,available,H1 2025,vendor_estimate,modelled,"Microsoft AI Economy Institute, Global AI Adoption in 2025",https://www.microsoft.com/en-us/research/wp-content/uploads/2026/01/Microsoft-AI-Diffusion-Report-January-2026.pdf,microsoft,2026-01,2026-10-01,"Generative-AI diffusion estimate adjusted from Microsoft telemetry for device/OS market share, internet penetration and population. Working-age denominator; not a direct population survey or a measure of workplace adoption. Appendix pp. 15–17.","Generative-AI diffusion estimate adjusted from Microsoft telemetry for device/OS market share, internet penetration and population. Working-age denominator; not a direct population survey or a measure of workplace adoption. Appendix pp. 15–17.",{},False
adoption-estimate-h1-2025,adoption,access,Estimated generative AI use — H1 2025,BWA,BWA,Botswana,12.8,% of working-age population,available,H1 2025,vendor_estimate,modelled,"Microsoft AI Economy Institute, Global AI Adoption in 2025",https://www.microsoft.com/en-us/research/wp-content/uploads/2026/01/Microsoft-AI-Diffusion-Report-January-2026.pdf,microsoft,2026-01,2026-10-01,"Generative-AI diffusion estimate adjusted from Microsoft telemetry for device/OS market share, internet penetration and population. Working-age denominator; not a direct population survey or a measure of workplace adoption. Appendix pp. 15–17.","Generative-AI diffusion estimate adjusted from Microsoft telemetry for device/OS market share, internet penetration and population. Working-age denominator; not a direct population survey or a measure of workplace adoption. Appendix pp. 15–17.",{},False
adoption-estimate-h1-2025,adoption,access,Estimated generative AI use — H1 2025,BFA,BFA,Burkina Faso,8.7,% of working-age population,available,H1 2025,vendor_estimate,modelled,"Microsoft AI Economy Institute, Global AI Adoption in 2025",https://www.microsoft.com/en-us/research/wp-content/uploads/2026/01/Microsoft-AI-Diffusion-Report-January-2026.pdf,microsoft,2026-01,2026-10-01,"Generative-AI diffusion estimate adjusted from Microsoft telemetry for device/OS market share, internet penetration and population. Working-age denominator; not a direct population survey or a measure of workplace adoption. Appendix pp. 15–17.","Generative-AI diffusion estimate adjusted from Microsoft telemetry for device/OS market share, internet penetration and population. Working-age denominator; not a direct population survey or a measure of workplace adoption. Appendix pp. 15–17.",{},False
adoption-estimate-h1-2025,adoption,access,Estimated generative AI use — H1 2025,BDI,BDI,Burundi,6.4,% of working-age population,available,H1 2025,vendor_estimate,modelled,"Microsoft AI Economy Institute, Global AI Adoption in 2025",https://www.microsoft.com/en-us/research/wp-content/uploads/2026/01/Microsoft-AI-Diffusion-Report-January-2026.pdf,microsoft,2026-01,2026-10-01,"Generative-AI diffusion estimate adjusted from Microsoft telemetry for device/OS market share, internet penetration and population. Working-age denominator; not a direct population survey or a measure of workplace adoption. Appendix pp. 15–17.","Generative-AI diffusion estimate adjusted from Microsoft telemetry for device/OS market share, internet penetration and population. Working-age denominator; not a direct population survey or a measure of workplace adoption. Appendix pp. 15–17.",{},False
adoption-estimate-h1-2025,adoption,access,Estimated generative AI use — H1 2025,CPV,CPV,Cabo Verde,,% of working-age population,no_information_in_source,H1 2025,vendor_estimate,modelled,"Microsoft AI Economy Institute, Global AI Adoption in 2025",https://www.microsoft.com/en-us/research/wp-content/uploads/2026/01/Microsoft-AI-Diffusion-Report-January-2026.pdf,microsoft,2026-01,2026-10-01,"Generative-AI diffusion estimate adjusted from Microsoft telemetry for device/OS market share, internet penetration and population. Working-age denominator; not a direct population survey or a measure of workplace adoption. Appendix pp. 15–17.",No information: no country estimate in the reviewed appendix.,{},False
adoption-estimate-h1-2025,adoption,access,Estimated generative AI use — H1 2025,CMR,CMR,Cameroon,7.0,% of working-age population,available,H1 2025,vendor_estimate,modelled,"Microsoft AI Economy Institute, Global AI Adoption in 2025",https://www.microsoft.com/en-us/research/wp-content/uploads/2026/01/Microsoft-AI-Diffusion-Report-January-2026.pdf,microsoft,2026-01,2026-10-01,"Generative-AI diffusion estimate adjusted from Microsoft telemetry for device/OS market share, internet penetration and population. Working-age denominator; not a direct population survey or a measure of workplace adoption. Appendix pp. 15–17.","Generative-AI diffusion estimate adjusted from Microsoft telemetry for device/OS market share, internet penetration and population. Working-age denominator; not a direct population survey or a measure of workplace adoption. Appendix pp. 15–17.",{},False
adoption-estimate-h1-2025,adoption,access,Estimated generative AI use — H1 2025,CAF,CAF,Central African Republic,7.0,% of working-age population,available,H1 2025,vendor_estimate,modelled,"Microsoft AI Economy Institute, Global AI Adoption in 2025",https://www.microsoft.com/en-us/research/wp-content/uploads/2026/01/Microsoft-AI-Diffusion-Report-January-2026.pdf,microsoft,2026-01,2026-10-01,"Generative-AI diffusion estimate adjusted from Microsoft telemetry for device/OS market share, internet penetration and population. Working-age denominator; not a direct population survey or a measure of workplace adoption. Appendix pp. 15–17.","Generative-AI diffusion estimate adjusted from Microsoft telemetry for device/OS market share, internet penetration and population. Working-age denominator; not a direct population survey or a measure of workplace adoption. Appendix pp. 15–17.",{},False
adoption-estimate-h1-2025,adoption,access,Estimated generative AI use — H1 2025,TCD,TCD,Chad,7.0,% of working-age population,available,H1 2025,vendor_estimate,modelled,"Microsoft AI Economy Institute, Global AI Adoption in 2025",https://www.microsoft.com/en-us/research/wp-content/uploads/2026/01/Microsoft-AI-Diffusion-Report-January-2026.pdf,microsoft,2026-01,2026-10-01,"Generative-AI diffusion estimate adjusted from Microsoft telemetry for device/OS market share, internet penetration and population. Working-age denominator; not a direct population survey or a measure of workplace adoption. Appendix pp. 15–17.","Generative-AI diffusion estimate adjusted from Microsoft telemetry for device/OS market share, internet penetration and population. Working-age denominator; not a direct population survey or a measure of workplace adoption. Appendix pp. 15–17.",{},False
adoption-estimate-h1-2025,adoption,access,Estimated generative AI use — H1 2025,COM,COM,Comoros,,% of working-age population,no_information_in_source,H1 2025,vendor_estimate,modelled,"Microsoft AI Economy Institute, Global AI Adoption in 2025",https://www.microsoft.com/en-us/research/wp-content/uploads/2026/01/Microsoft-AI-Diffusion-Report-January-2026.pdf,microsoft,2026-01,2026-10-01,"Generative-AI diffusion estimate adjusted from Microsoft telemetry for device/OS market share, internet penetration and population. Working-age denominator; not a direct population survey or a measure of workplace adoption. Appendix pp. 15–17.",No information: no country estimate in the reviewed appendix.,{},False
adoption-estimate-h1-2025,adoption,access,Estimated generative AI use — H1 2025,CIV,CIV,Côte d'Ivoire,10.8,% of working-age population,available,H1 2025,vendor_estimate,modelled,"Microsoft AI Economy Institute, Global AI Adoption in 2025",https://www.microsoft.com/en-us/research/wp-content/uploads/2026/01/Microsoft-AI-Diffusion-Report-January-2026.pdf,microsoft,2026-01,2026-10-01,"Generative-AI diffusion estimate adjusted from Microsoft telemetry for device/OS market share, internet penetration and population. Working-age denominator; not a direct population survey or a measure of workplace adoption. Appendix pp. 15–17.","Generative-AI diffusion estimate adjusted from Microsoft telemetry for device/OS market share, internet penetration and population. Working-age denominator; not a direct population survey or a measure of workplace adoption. Appendix pp. 15–17.",{},False
adoption-estimate-h1-2025,adoption,access,Estimated generative AI use — H1 2025,COD,COD,Democratic Republic of the Congo,7.0,% of working-age population,available,H1 2025,vendor_estimate,modelled,"Microsoft AI Economy Institute, Global AI Adoption in 2025",https://www.microsoft.com/en-us/research/wp-content/uploads/2026/01/Microsoft-AI-Diffusion-Report-January-2026.pdf,microsoft,2026-01,2026-10-01,"Generative-AI diffusion estimate adjusted from Microsoft telemetry for device/OS market share, internet penetration and population. Working-age denominator; not a direct population survey or a measure of workplace adoption. Appendix pp. 15–17.","Generative-AI diffusion estimate adjusted from Microsoft telemetry for device/OS market share, internet penetration and population. Working-age denominator; not a direct population survey or a measure of workplace adoption. Appendix pp. 15–17.",{},False
adoption-estimate-h1-2025,adoption,access,Estimated generative AI use — H1 2025,DJI,DJI,Djibouti,,% of working-age population,no_information_in_source,H1 2025,vendor_estimate,modelled,"Microsoft AI Economy Institute, Global AI Adoption in 2025",https://www.microsoft.com/en-us/research/wp-content/uploads/2026/01/Microsoft-AI-Diffusion-Report-January-2026.pdf,microsoft,2026-01,2026-10-01,"Generative-AI diffusion estimate adjusted from Microsoft telemetry for device/OS market share, internet penetration and population. Working-age denominator; not a direct population survey or a measure of workplace adoption. Appendix pp. 15–17.",No information: no country estimate in the reviewed appendix.,{},False
adoption-estimate-h1-2025,adoption,access,Estimated generative AI use — H1 2025,EGY,EGY,Egypt,12.5,% of working-age population,available,H1 2025,vendor_estimate,modelled,"Microsoft AI Economy Institute, Global AI Adoption in 2025",https://www.microsoft.com/en-us/research/wp-content/uploads/2026/01/Microsoft-AI-Diffusion-Report-January-2026.pdf,microsoft,2026-01,2026-10-01,"Generative-AI diffusion estimate adjusted from Microsoft telemetry for device/OS market share, internet penetration and population. Working-age denominator; not a direct population survey or a measure of workplace adoption. Appendix pp. 15–17.","Generative-AI diffusion estimate adjusted from Microsoft telemetry for device/OS market share, internet penetration and population. Working-age denominator; not a direct population survey or a measure of workplace adoption. Appendix pp. 15–17.",{},False
adoption-estimate-h1-2025,adoption,access,Estimated generative AI use — H1 2025,GNQ,GNQ,Equatorial Guinea,,% of working-age population,no_information_in_source,H1 2025,vendor_estimate,modelled,"Microsoft AI Economy Institute, Global AI Adoption in 2025",https://www.microsoft.com/en-us/research/wp-content/uploads/2026/01/Microsoft-AI-Diffusion-Report-January-2026.pdf,microsoft,2026-01,2026-10-01,"Generative-AI diffusion estimate adjusted from Microsoft telemetry for device/OS market share, internet penetration and population. Working-age denominator; not a direct population survey or a measure of workplace adoption. Appendix pp. 15–17.",No information: no country estimate in the reviewed appendix.,{},False
adoption-estimate-h1-2025,adoption,access,Estimated generative AI use — H1 2025,ERI,ERI,Eritrea,6.4,% of working-age population,available,H1 2025,vendor_estimate,modelled,"Microsoft AI Economy Institute, Global AI Adoption in 2025",https://www.microsoft.com/en-us/research/wp-content/uploads/2026/01/Microsoft-AI-Diffusion-Report-January-2026.pdf,microsoft,2026-01,2026-10-01,"Generative-AI diffusion estimate adjusted from Microsoft telemetry for device/OS market share, internet penetration and population. Working-age denominator; not a direct population survey or a measure of workplace adoption. Appendix pp. 15–17.","Generative-AI diffusion estimate adjusted from Microsoft telemetry for device/OS market share, internet penetration and population. Working-age denominator; not a direct population survey or a measure of workplace adoption. Appendix pp. 15–17.",{},False
adoption-estimate-h1-2025,adoption,access,Estimated generative AI use — H1 2025,SWZ,SWZ,Eswatini,,% of working-age population,no_information_in_source,H1 2025,vendor_estimate,modelled,"Microsoft AI Economy Institute, Global AI Adoption in 2025",https://www.microsoft.com/en-us/research/wp-content/uploads/2026/01/Microsoft-AI-Diffusion-Report-January-2026.pdf,microsoft,2026-01,2026-10-01,"Generative-AI diffusion estimate adjusted from Microsoft telemetry for device/OS market share, internet penetration and population. Working-age denominator; not a direct population survey or a measure of workplace adoption. Appendix pp. 15–17.",No information: no country estimate in the reviewed appendix.,{},False
adoption-estimate-h1-2025,adoption,access,Estimated generative AI use — H1 2025,ETH,ETH,Ethiopia,6.4,% of working-age population,available,H1 2025,vendor_estimate,modelled,"Microsoft AI Economy Institute, Global AI Adoption in 2025",https://www.microsoft.com/en-us/research/wp-content/uploads/2026/01/Microsoft-AI-Diffusion-Report-January-2026.pdf,microsoft,2026-01,2026-10-01,"Generative-AI diffusion estimate adjusted from Microsoft telemetry for device/OS market share, internet penetration and population. Working-age denominator; not a direct population survey or a measure of workplace adoption. Appendix pp. 15–17.","Generative-AI diffusion estimate adjusted from Microsoft telemetry for device/OS market share, internet penetration and population. Working-age denominator; not a direct population survey or a measure of workplace adoption. Appendix pp. 15–17.",{},False
adoption-estimate-h1-2025,adoption,access,Estimated generative AI use — H1 2025,GAB,GAB,Gabon,12.3,% of working-age population,available,H1 2025,vendor_estimate,modelled,"Microsoft AI Economy Institute, Global AI Adoption in 2025",https://www.microsoft.com/en-us/research/wp-content/uploads/2026/01/Microsoft-AI-Diffusion-Report-January-2026.pdf,microsoft,2026-01,2026-10-01,"Generative-AI diffusion estimate adjusted from Microsoft telemetry for device/OS market share, internet penetration and population. Working-age denominator; not a direct population survey or a measure of workplace adoption. Appendix pp. 15–17.","Generative-AI diffusion estimate adjusted from Microsoft telemetry for device/OS market share, internet penetration and population. Working-age denominator; not a direct population survey or a measure of workplace adoption. Appendix pp. 15–17.",{},False
adoption-estimate-h1-2025,adoption,access,Estimated generative AI use — H1 2025,GMB,GMB,Gambia,10.6,% of working-age population,available,H1 2025,vendor_estimate,modelled,"Microsoft AI Economy Institute, Global AI Adoption in 2025",https://www.microsoft.com/en-us/research/wp-content/uploads/2026/01/Microsoft-AI-Diffusion-Report-January-2026.pdf,microsoft,2026-01,2026-10-01,"Generative-AI diffusion estimate adjusted from Microsoft telemetry for device/OS market share, internet penetration and population. Working-age denominator; not a direct population survey or a measure of workplace adoption. Appendix pp. 15–17.","Generative-AI diffusion estimate adjusted from Microsoft telemetry for device/OS market share, internet penetration and population. Working-age denominator; not a direct population survey or a measure of workplace adoption. Appendix pp. 15–17.",{},False
adoption-estimate-h1-2025,adoption,access,Estimated generative AI use — H1 2025,GHA,GHA,Ghana,8.7,% of working-age population,available,H1 2025,vendor_estimate,modelled,"Microsoft AI Economy Institute, Global AI Adoption in 2025",https://www.microsoft.com/en-us/research/wp-content/uploads/2026/01/Microsoft-AI-Diffusion-Report-January-2026.pdf,microsoft,2026-01,2026-10-01,"Generative-AI diffusion estimate adjusted from Microsoft telemetry for device/OS market share, internet penetration and population. Working-age denominator; not a direct population survey or a measure of workplace adoption. Appendix pp. 15–17.","Generative-AI diffusion estimate adjusted from Microsoft telemetry for device/OS market share, internet penetration and population. Working-age denominator; not a direct population survey or a measure of workplace adoption. Appendix pp. 15–17.",{},False
adoption-estimate-h1-2025,adoption,access,Estimated generative AI use — H1 2025,GIN,GIN,Guinea,8.7,% of working-age population,available,H1 2025,vendor_estimate,modelled,"Microsoft AI Economy Institute, Global AI Adoption in 2025",https://www.microsoft.com/en-us/research/wp-content/uploads/2026/01/Microsoft-AI-Diffusion-Report-January-2026.pdf,microsoft,2026-01,2026-10-01,"Generative-AI diffusion estimate adjusted from Microsoft telemetry for device/OS market share, internet penetration and population. Working-age denominator; not a direct population survey or a measure of workplace adoption. Appendix pp. 15–17.","Generative-AI diffusion estimate adjusted from Microsoft telemetry for device/OS market share, internet penetration and population. Working-age denominator; not a direct population survey or a measure of workplace adoption. Appendix pp. 15–17.",{},False
adoption-estimate-h1-2025,adoption,access,Estimated generative AI use — H1 2025,GNB,GNB,Guinea-Bissau,8.7,% of working-age population,available,H1 2025,vendor_estimate,modelled,"Microsoft AI Economy Institute, Global AI Adoption in 2025",https://www.microsoft.com/en-us/research/wp-content/uploads/2026/01/Microsoft-AI-Diffusion-Report-January-2026.pdf,microsoft,2026-01,2026-10-01,"Generative-AI diffusion estimate adjusted from Microsoft telemetry for device/OS market share, internet penetration and population. Working-age denominator; not a direct population survey or a measure of workplace adoption. Appendix pp. 15–17.","Generative-AI diffusion estimate adjusted from Microsoft telemetry for device/OS market share, internet penetration and population. Working-age denominator; not a direct population survey or a measure of workplace adoption. Appendix pp. 15–17.",{},False
adoption-estimate-h1-2025,adoption,access,Estimated generative AI use — H1 2025,KEN,KEN,Kenya,7.8,% of working-age population,available,H1 2025,vendor_estimate,modelled,"Microsoft AI Economy Institute, Global AI Adoption in 2025",https://www.microsoft.com/en-us/research/wp-content/uploads/2026/01/Microsoft-AI-Diffusion-Report-January-2026.pdf,microsoft,2026-01,2026-10-01,"Generative-AI diffusion estimate adjusted from Microsoft telemetry for device/OS market share, internet penetration and population. Working-age denominator; not a direct population survey or a measure of workplace adoption. Appendix pp. 15–17.","Generative-AI diffusion estimate adjusted from Microsoft telemetry for device/OS market share, internet penetration and population. Working-age denominator; not a direct population survey or a measure of workplace adoption. Appendix pp. 15–17.",{},False
adoption-estimate-h1-2025,adoption,access,Estimated generative AI use — H1 2025,LSO,LSO,Lesotho,8.8,% of working-age population,available,H1 2025,vendor_estimate,modelled,"Microsoft AI Economy Institute, Global AI Adoption in 2025",https://www.microsoft.com/en-us/research/wp-content/uploads/2026/01/Microsoft-AI-Diffusion-Report-January-2026.pdf,microsoft,2026-01,2026-10-01,"Generative-AI diffusion estimate adjusted from Microsoft telemetry for device/OS market share, internet penetration and population. Working-age denominator; not a direct population survey or a measure of workplace adoption. Appendix pp. 15–17.","Generative-AI diffusion estimate adjusted from Microsoft telemetry for device/OS market share, internet penetration and population. Working-age denominator; not a direct population survey or a measure of workplace adoption. Appendix pp. 15–17.",{},False
adoption-estimate-h1-2025,adoption,access,Estimated generative AI use — H1 2025,LBR,LBR,Liberia,8.7,% of working-age population,available,H1 2025,vendor_estimate,modelled,"Microsoft AI Economy Institute, Global AI Adoption in 2025",https://www.microsoft.com/en-us/research/wp-content/uploads/2026/01/Microsoft-AI-Diffusion-Report-January-2026.pdf,microsoft,2026-01,2026-10-01,"Generative-AI diffusion estimate adjusted from Microsoft telemetry for device/OS market share, internet penetration and population. Working-age denominator; not a direct population survey or a measure of workplace adoption. Appendix pp. 15–17.","Generative-AI diffusion estimate adjusted from Microsoft telemetry for device/OS market share, internet penetration and population. Working-age denominator; not a direct population survey or a measure of workplace adoption. Appendix pp. 15–17.",{},False
adoption-estimate-h1-2025,adoption,access,Estimated generative AI use — H1 2025,LBY,LBY,Libya,12.7,% of working-age population,available,H1 2025,vendor_estimate,modelled,"Microsoft AI Economy Institute, Global AI Adoption in 2025",https://www.microsoft.com/en-us/research/wp-content/uploads/2026/01/Microsoft-AI-Diffusion-Report-January-2026.pdf,microsoft,2026-01,2026-10-01,"Generative-AI diffusion estimate adjusted from Microsoft telemetry for device/OS market share, internet penetration and population. Working-age denominator; not a direct population survey or a measure of workplace adoption. Appendix pp. 15–17.","Generative-AI diffusion estimate adjusted from Microsoft telemetry for device/OS market share, internet penetration and population. Working-age denominator; not a direct population survey or a measure of workplace adoption. Appendix pp. 15–17.",{},False
adoption-estimate-h1-2025,adoption,access,Estimated generative AI use — H1 2025,MDG,MDG,Madagascar,8.9,% of working-age population,available,H1 2025,vendor_estimate,modelled,"Microsoft AI Economy Institute, Global AI Adoption in 2025",https://www.microsoft.com/en-us/research/wp-content/uploads/2026/01/Microsoft-AI-Diffusion-Report-January-2026.pdf,microsoft,2026-01,2026-10-01,"Generative-AI diffusion estimate adjusted from Microsoft telemetry for device/OS market share, internet penetration and population. Working-age denominator; not a direct population survey or a measure of workplace adoption. Appendix pp. 15–17.","Generative-AI diffusion estimate adjusted from Microsoft telemetry for device/OS market share, internet penetration and population. Working-age denominator; not a direct population survey or a measure of workplace adoption. Appendix pp. 15–17.",{},False
adoption-estimate-h1-2025,adoption,access,Estimated generative AI use — H1 2025,MWI,MWI,Malawi,8.9,% of working-age population,available,H1 2025,vendor_estimate,modelled,"Microsoft AI Economy Institute, Global AI Adoption in 2025",https://www.microsoft.com/en-us/research/wp-content/uploads/2026/01/Microsoft-AI-Diffusion-Report-January-2026.pdf,microsoft,2026-01,2026-10-01,"Generative-AI diffusion estimate adjusted from Microsoft telemetry for device/OS market share, internet penetration and population. Working-age denominator; not a direct population survey or a measure of workplace adoption. Appendix pp. 15–17.","Generative-AI diffusion estimate adjusted from Microsoft telemetry for device/OS market share, internet penetration and population. Working-age denominator; not a direct population survey or a measure of workplace adoption. Appendix pp. 15–17.",{},False
adoption-estimate-h1-2025,adoption,access,Estimated generative AI use — H1 2025,MLI,MLI,Mali,8.7,% of working-age population,available,H1 2025,vendor_estimate,modelled,"Microsoft AI Economy Institute, Global AI Adoption in 2025",https://www.microsoft.com/en-us/research/wp-content/uploads/2026/01/Microsoft-AI-Diffusion-Report-January-2026.pdf,microsoft,2026-01,2026-10-01,"Generative-AI diffusion estimate adjusted from Microsoft telemetry for device/OS market share, internet penetration and population. Working-age denominator; not a direct population survey or a measure of workplace adoption. Appendix pp. 15–17.","Generative-AI diffusion estimate adjusted from Microsoft telemetry for device/OS market share, internet penetration and population. Working-age denominator; not a direct population survey or a measure of workplace adoption. Appendix pp. 15–17.",{},False
adoption-estimate-h1-2025,adoption,access,Estimated generative AI use — H1 2025,MRT,MRT,Mauritania,8.7,% of working-age population,available,H1 2025,vendor_estimate,modelled,"Microsoft AI Economy Institute, Global AI Adoption in 2025",https://www.microsoft.com/en-us/research/wp-content/uploads/2026/01/Microsoft-AI-Diffusion-Report-January-2026.pdf,microsoft,2026-01,2026-10-01,"Generative-AI diffusion estimate adjusted from Microsoft telemetry for device/OS market share, internet penetration and population. Working-age denominator; not a direct population survey or a measure of workplace adoption. Appendix pp. 15–17.","Generative-AI diffusion estimate adjusted from Microsoft telemetry for device/OS market share, internet penetration and population. Working-age denominator; not a direct population survey or a measure of workplace adoption. Appendix pp. 15–17.",{},False
adoption-estimate-h1-2025,adoption,access,Estimated generative AI use — H1 2025,MUS,MUS,Mauritius,,% of working-age population,no_information_in_source,H1 2025,vendor_estimate,modelled,"Microsoft AI Economy Institute, Global AI Adoption in 2025",https://www.microsoft.com/en-us/research/wp-content/uploads/2026/01/Microsoft-AI-Diffusion-Report-January-2026.pdf,microsoft,2026-01,2026-10-01,"Generative-AI diffusion estimate adjusted from Microsoft telemetry for device/OS market share, internet penetration and population. Working-age denominator; not a direct population survey or a measure of workplace adoption. Appendix pp. 15–17.",No information: no country estimate in the reviewed appendix.,{},False
adoption-estimate-h1-2025,adoption,access,Estimated generative AI use — H1 2025,MAR,MAR,Morocco,10.5,% of working-age population,available,H1 2025,vendor_estimate,modelled,"Microsoft AI Economy Institute, Global AI Adoption in 2025",https://www.microsoft.com/en-us/research/wp-content/uploads/2026/01/Microsoft-AI-Diffusion-Report-January-2026.pdf,microsoft,2026-01,2026-10-01,"Generative-AI diffusion estimate adjusted from Microsoft telemetry for device/OS market share, internet penetration and population. Working-age denominator; not a direct population survey or a measure of workplace adoption. Appendix pp. 15–17.","Generative-AI diffusion estimate adjusted from Microsoft telemetry for device/OS market share, internet penetration and population. Working-age denominator; not a direct population survey or a measure of workplace adoption. Appendix pp. 15–17.",{},False
adoption-estimate-h1-2025,adoption,access,Estimated generative AI use — H1 2025,MOZ,MOZ,Mozambique,8.9,% of working-age population,available,H1 2025,vendor_estimate,modelled,"Microsoft AI Economy Institute, Global AI Adoption in 2025",https://www.microsoft.com/en-us/research/wp-content/uploads/2026/01/Microsoft-AI-Diffusion-Report-January-2026.pdf,microsoft,2026-01,2026-10-01,"Generative-AI diffusion estimate adjusted from Microsoft telemetry for device/OS market share, internet penetration and population. Working-age denominator; not a direct population survey or a measure of workplace adoption. Appendix pp. 15–17.","Generative-AI diffusion estimate adjusted from Microsoft telemetry for device/OS market share, internet penetration and population. Working-age denominator; not a direct population survey or a measure of workplace adoption. Appendix pp. 15–17.",{},False
adoption-estimate-h1-2025,adoption,access,Estimated generative AI use — H1 2025,NAM,NAM,Namibia,13.0,% of working-age population,available,H1 2025,vendor_estimate,modelled,"Microsoft AI Economy Institute, Global AI Adoption in 2025",https://www.microsoft.com/en-us/research/wp-content/uploads/2026/01/Microsoft-AI-Diffusion-Report-January-2026.pdf,microsoft,2026-01,2026-10-01,"Generative-AI diffusion estimate adjusted from Microsoft telemetry for device/OS market share, internet penetration and population. Working-age denominator; not a direct population survey or a measure of workplace adoption. Appendix pp. 15–17.","Generative-AI diffusion estimate adjusted from Microsoft telemetry for device/OS market share, internet penetration and population. Working-age denominator; not a direct population survey or a measure of workplace adoption. Appendix pp. 15–17.",{},False
adoption-estimate-h1-2025,adoption,access,Estimated generative AI use — H1 2025,NER,NER,Niger,8.7,% of working-age population,available,H1 2025,vendor_estimate,modelled,"Microsoft AI Economy Institute, Global AI Adoption in 2025",https://www.microsoft.com/en-us/research/wp-content/uploads/2026/01/Microsoft-AI-Diffusion-Report-January-2026.pdf,microsoft,2026-01,2026-10-01,"Generative-AI diffusion estimate adjusted from Microsoft telemetry for device/OS market share, internet penetration and population. Working-age denominator; not a direct population survey or a measure of workplace adoption. Appendix pp. 15–17.","Generative-AI diffusion estimate adjusted from Microsoft telemetry for device/OS market share, internet penetration and population. Working-age denominator; not a direct population survey or a measure of workplace adoption. Appendix pp. 15–17.",{},False
adoption-estimate-h1-2025,adoption,access,Estimated generative AI use — H1 2025,NGA,NGA,Nigeria,8.7,% of working-age population,available,H1 2025,vendor_estimate,modelled,"Microsoft AI Economy Institute, Global AI Adoption in 2025",https://www.microsoft.com/en-us/research/wp-content/uploads/2026/01/Microsoft-AI-Diffusion-Report-January-2026.pdf,microsoft,2026-01,2026-10-01,"Generative-AI diffusion estimate adjusted from Microsoft telemetry for device/OS market share, internet penetration and population. Working-age denominator; not a direct population survey or a measure of workplace adoption. Appendix pp. 15–17.","Generative-AI diffusion estimate adjusted from Microsoft telemetry for device/OS market share, internet penetration and population. Working-age denominator; not a direct population survey or a measure of workplace adoption. Appendix pp. 15–17.",{},False
adoption-estimate-h1-2025,adoption,access,Estimated generative AI use — H1 2025,COG,COG,Republic of the Congo,7.0,% of working-age population,available,H1 2025,vendor_estimate,modelled,"Microsoft AI Economy Institute, Global AI Adoption in 2025",https://www.microsoft.com/en-us/research/wp-content/uploads/2026/01/Microsoft-AI-Diffusion-Report-January-2026.pdf,microsoft,2026-01,2026-10-01,"Generative-AI diffusion estimate adjusted from Microsoft telemetry for device/OS market share, internet penetration and population. Working-age denominator; not a direct population survey or a measure of workplace adoption. Appendix pp. 15–17.","Generative-AI diffusion estimate adjusted from Microsoft telemetry for device/OS market share, internet penetration and population. Working-age denominator; not a direct population survey or a measure of workplace adoption. Appendix pp. 15–17.",{},False
adoption-estimate-h1-2025,adoption,access,Estimated generative AI use — H1 2025,RWA,RWA,Rwanda,6.0,% of working-age population,available,H1 2025,vendor_estimate,modelled,"Microsoft AI Economy Institute, Global AI Adoption in 2025",https://www.microsoft.com/en-us/research/wp-content/uploads/2026/01/Microsoft-AI-Diffusion-Report-January-2026.pdf,microsoft,2026-01,2026-10-01,"Generative-AI diffusion estimate adjusted from Microsoft telemetry for device/OS market share, internet penetration and population. Working-age denominator; not a direct population survey or a measure of workplace adoption. Appendix pp. 15–17.","Generative-AI diffusion estimate adjusted from Microsoft telemetry for device/OS market share, internet penetration and population. Working-age denominator; not a direct population survey or a measure of workplace adoption. Appendix pp. 15–17.",{},False
adoption-estimate-h1-2025,adoption,access,Estimated generative AI use — H1 2025,SEN,SEN,Senegal,12.4,% of working-age population,available,H1 2025,vendor_estimate,modelled,"Microsoft AI Economy Institute, Global AI Adoption in 2025",https://www.microsoft.com/en-us/research/wp-content/uploads/2026/01/Microsoft-AI-Diffusion-Report-January-2026.pdf,microsoft,2026-01,2026-10-01,"Generative-AI diffusion estimate adjusted from Microsoft telemetry for device/OS market share, internet penetration and population. Working-age denominator; not a direct population survey or a measure of workplace adoption. Appendix pp. 15–17.","Generative-AI diffusion estimate adjusted from Microsoft telemetry for device/OS market share, internet penetration and population. Working-age denominator; not a direct population survey or a measure of workplace adoption. Appendix pp. 15–17.",{},False
adoption-estimate-h1-2025,adoption,access,Estimated generative AI use — H1 2025,SYC,SYC,Seychelles,,% of working-age population,no_information_in_source,H1 2025,vendor_estimate,modelled,"Microsoft AI Economy Institute, Global AI Adoption in 2025",https://www.microsoft.com/en-us/research/wp-content/uploads/2026/01/Microsoft-AI-Diffusion-Report-January-2026.pdf,microsoft,2026-01,2026-10-01,"Generative-AI diffusion estimate adjusted from Microsoft telemetry for device/OS market share, internet penetration and population. Working-age denominator; not a direct population survey or a measure of workplace adoption. Appendix pp. 15–17.",No information: no country estimate in the reviewed appendix.,{},False
adoption-estimate-h1-2025,adoption,access,Estimated generative AI use — H1 2025,SLE,SLE,Sierra Leone,8.7,% of working-age population,available,H1 2025,vendor_estimate,modelled,"Microsoft AI Economy Institute, Global AI Adoption in 2025",https://www.microsoft.com/en-us/research/wp-content/uploads/2026/01/Microsoft-AI-Diffusion-Report-January-2026.pdf,microsoft,2026-01,2026-10-01,"Generative-AI diffusion estimate adjusted from Microsoft telemetry for device/OS market share, internet penetration and population. Working-age denominator; not a direct population survey or a measure of workplace adoption. Appendix pp. 15–17.","Generative-AI diffusion estimate adjusted from Microsoft telemetry for device/OS market share, internet penetration and population. Working-age denominator; not a direct population survey or a measure of workplace adoption. Appendix pp. 15–17.",{},False
adoption-estimate-h1-2025,adoption,access,Estimated generative AI use — H1 2025,SOM,SOM,Somalia,6.4,% of working-age population,available,H1 2025,vendor_estimate,modelled,"Microsoft AI Economy Institute, Global AI Adoption in 2025",https://www.microsoft.com/en-us/research/wp-content/uploads/2026/01/Microsoft-AI-Diffusion-Report-January-2026.pdf,microsoft,2026-01,2026-10-01,"Generative-AI diffusion estimate adjusted from Microsoft telemetry for device/OS market share, internet penetration and population. Working-age denominator; not a direct population survey or a measure of workplace adoption. Appendix pp. 15–17.","Generative-AI diffusion estimate adjusted from Microsoft telemetry for device/OS market share, internet penetration and population. Working-age denominator; not a direct population survey or a measure of workplace adoption. Appendix pp. 15–17.",{},False
adoption-estimate-h1-2025,adoption,access,Estimated generative AI use — H1 2025,ZAF,ZAF,South Africa,19.3,% of working-age population,available,H1 2025,vendor_estimate,modelled,"Microsoft AI Economy Institute, Global AI Adoption in 2025",https://www.microsoft.com/en-us/research/wp-content/uploads/2026/01/Microsoft-AI-Diffusion-Report-January-2026.pdf,microsoft,2026-01,2026-10-01,"Generative-AI diffusion estimate adjusted from Microsoft telemetry for device/OS market share, internet penetration and population. Working-age denominator; not a direct population survey or a measure of workplace adoption. Appendix pp. 15–17.","Generative-AI diffusion estimate adjusted from Microsoft telemetry for device/OS market share, internet penetration and population. Working-age denominator; not a direct population survey or a measure of workplace adoption. Appendix pp. 15–17.",{},False
adoption-estimate-h1-2025,adoption,access,Estimated generative AI use — H1 2025,SSD,SSD,South Sudan,6.4,% of working-age population,available,H1 2025,vendor_estimate,modelled,"Microsoft AI Economy Institute, Global AI Adoption in 2025",https://www.microsoft.com/en-us/research/wp-content/uploads/2026/01/Microsoft-AI-Diffusion-Report-January-2026.pdf,microsoft,2026-01,2026-10-01,"Generative-AI diffusion estimate adjusted from Microsoft telemetry for device/OS market share, internet penetration and population. Working-age denominator; not a direct population survey or a measure of workplace adoption. Appendix pp. 15–17.","Generative-AI diffusion estimate adjusted from Microsoft telemetry for device/OS market share, internet penetration and population. Working-age denominator; not a direct population survey or a measure of workplace adoption. Appendix pp. 15–17.",{},False
adoption-estimate-h1-2025,adoption,access,Estimated generative AI use — H1 2025,SDN,SDN,Sudan,6.4,% of working-age population,available,H1 2025,vendor_estimate,modelled,"Microsoft AI Economy Institute, Global AI Adoption in 2025",https://www.microsoft.com/en-us/research/wp-content/uploads/2026/01/Microsoft-AI-Diffusion-Report-January-2026.pdf,microsoft,2026-01,2026-10-01,"Generative-AI diffusion estimate adjusted from Microsoft telemetry for device/OS market share, internet penetration and population. Working-age denominator; not a direct population survey or a measure of workplace adoption. Appendix pp. 15–17.","Generative-AI diffusion estimate adjusted from Microsoft telemetry for device/OS market share, internet penetration and population. Working-age denominator; not a direct population survey or a measure of workplace adoption. Appendix pp. 15–17.",{},False
adoption-estimate-h1-2025,adoption,access,Estimated generative AI use — H1 2025,STP,STP,São Tomé and Príncipe,,% of working-age population,no_information_in_source,H1 2025,vendor_estimate,modelled,"Microsoft AI Economy Institute, Global AI Adoption in 2025",https://www.microsoft.com/en-us/research/wp-content/uploads/2026/01/Microsoft-AI-Diffusion-Report-January-2026.pdf,microsoft,2026-01,2026-10-01,"Generative-AI diffusion estimate adjusted from Microsoft telemetry for device/OS market share, internet penetration and population. Working-age denominator; not a direct population survey or a measure of workplace adoption. Appendix pp. 15–17.",No information: no country estimate in the reviewed appendix.,{},False
adoption-estimate-h1-2025,adoption,access,Estimated generative AI use — H1 2025,TZA,TZA,Tanzania,6.4,% of working-age population,available,H1 2025,vendor_estimate,modelled,"Microsoft AI Economy Institute, Global AI Adoption in 2025",https://www.microsoft.com/en-us/research/wp-content/uploads/2026/01/Microsoft-AI-Diffusion-Report-January-2026.pdf,microsoft,2026-01,2026-10-01,"Generative-AI diffusion estimate adjusted from Microsoft telemetry for device/OS market share, internet penetration and population. Working-age denominator; not a direct population survey or a measure of workplace adoption. Appendix pp. 15–17.","Generative-AI diffusion estimate adjusted from Microsoft telemetry for device/OS market share, internet penetration and population. Working-age denominator; not a direct population survey or a measure of workplace adoption. Appendix pp. 15–17.",{},False
adoption-estimate-h1-2025,adoption,access,Estimated generative AI use — H1 2025,TGO,TGO,Togo,8.7,% of working-age population,available,H1 2025,vendor_estimate,modelled,"Microsoft AI Economy Institute, Global AI Adoption in 2025",https://www.microsoft.com/en-us/research/wp-content/uploads/2026/01/Microsoft-AI-Diffusion-Report-January-2026.pdf,microsoft,2026-01,2026-10-01,"Generative-AI diffusion estimate adjusted from Microsoft telemetry for device/OS market share, internet penetration and population. Working-age denominator; not a direct population survey or a measure of workplace adoption. Appendix pp. 15–17.","Generative-AI diffusion estimate adjusted from Microsoft telemetry for device/OS market share, internet penetration and population. Working-age denominator; not a direct population survey or a measure of workplace adoption. Appendix pp. 15–17.",{},False
adoption-estimate-h1-2025,adoption,access,Estimated generative AI use — H1 2025,TUN,TUN,Tunisia,12.3,% of working-age population,available,H1 2025,vendor_estimate,modelled,"Microsoft AI Economy Institute, Global AI Adoption in 2025",https://www.microsoft.com/en-us/research/wp-content/uploads/2026/01/Microsoft-AI-Diffusion-Report-January-2026.pdf,microsoft,2026-01,2026-10-01,"Generative-AI diffusion estimate adjusted from Microsoft telemetry for device/OS market share, internet penetration and population. Working-age denominator; not a direct population survey or a measure of workplace adoption. Appendix pp. 15–17.","Generative-AI diffusion estimate adjusted from Microsoft telemetry for device/OS market share, internet penetration and population. Working-age denominator; not a direct population survey or a measure of workplace adoption. Appendix pp. 15–17.",{},False
adoption-estimate-h1-2025,adoption,access,Estimated generative AI use — H1 2025,UGA,UGA,Uganda,6.4,% of working-age population,available,H1 2025,vendor_estimate,modelled,"Microsoft AI Economy Institute, Global AI Adoption in 2025",https://www.microsoft.com/en-us/research/wp-content/uploads/2026/01/Microsoft-AI-Diffusion-Report-January-2026.pdf,microsoft,2026-01,2026-10-01,"Generative-AI diffusion estimate adjusted from Microsoft telemetry for device/OS market share, internet penetration and population. Working-age denominator; not a direct population survey or a measure of workplace adoption. Appendix pp. 15–17.","Generative-AI diffusion estimate adjusted from Microsoft telemetry for device/OS market share, internet penetration and population. Working-age denominator; not a direct population survey or a measure of workplace adoption. Appendix pp. 15–17.",{},False
adoption-estimate-h1-2025,adoption,access,Estimated generative AI use — H1 2025,ZMB,ZMB,Zambia,11.7,% of working-age population,available,H1 2025,vendor_estimate,modelled,"Microsoft AI Economy Institute, Global AI Adoption in 2025",https://www.microsoft.com/en-us/research/wp-content/uploads/2026/01/Microsoft-AI-Diffusion-Report-January-2026.pdf,microsoft,2026-01,2026-10-01,"Generative-AI diffusion estimate adjusted from Microsoft telemetry for device/OS market share, internet penetration and population. Working-age denominator; not a direct population survey or a measure of workplace adoption. Appendix pp. 15–17.","Generative-AI diffusion estimate adjusted from Microsoft telemetry for device/OS market share, internet penetration and population. Working-age denominator; not a direct population survey or a measure of workplace adoption. Appendix pp. 15–17.",{},False
adoption-estimate-h1-2025,adoption,access,Estimated generative AI use — H1 2025,ZWE,ZWE,Zimbabwe,6.9,% of working-age population,available,H1 2025,vendor_estimate,modelled,"Microsoft AI Economy Institute, Global AI Adoption in 2025",https://www.microsoft.com/en-us/research/wp-content/uploads/2026/01/Microsoft-AI-Diffusion-Report-January-2026.pdf,microsoft,2026-01,2026-10-01,"Generative-AI diffusion estimate adjusted from Microsoft telemetry for device/OS market share, internet penetration and population. Working-age denominator; not a direct population survey or a measure of workplace adoption. Appendix pp. 15–17.","Generative-AI diffusion estimate adjusted from Microsoft telemetry for device/OS market share, internet penetration and population. Working-age denominator; not a direct population survey or a measure of workplace adoption. Appendix pp. 15–17.",{},False
adoption-estimate-h2-2025,adoption,access,Estimated generative AI use — H2 2025,DZA,DZA,Algeria,12.0,% of working-age population,available,H2 2025,vendor_estimate,modelled,"Microsoft AI Economy Institute, Global AI Adoption in 2025",https://www.microsoft.com/en-us/research/wp-content/uploads/2026/01/Microsoft-AI-Diffusion-Report-January-2026.pdf,microsoft,2026-01,2026-10-01,"Generative-AI diffusion estimate adjusted from Microsoft telemetry for device/OS market share, internet penetration and population. Working-age denominator; not a direct population survey or a measure of workplace adoption. Appendix pp. 15–17.","Generative-AI diffusion estimate adjusted from Microsoft telemetry for device/OS market share, internet penetration and population. Working-age denominator; not a direct population survey or a measure of workplace adoption. Appendix pp. 15–17.",{},False
adoption-estimate-h2-2025,adoption,access,Estimated generative AI use — H2 2025,AGO,AGO,Angola,9.7,% of working-age population,available,H2 2025,vendor_estimate,modelled,"Microsoft AI Economy Institute, Global AI Adoption in 2025",https://www.microsoft.com/en-us/research/wp-content/uploads/2026/01/Microsoft-AI-Diffusion-Report-January-2026.pdf,microsoft,2026-01,2026-10-01,"Generative-AI diffusion estimate adjusted from Microsoft telemetry for device/OS market share, internet penetration and population. Working-age denominator; not a direct population survey or a measure of workplace adoption. Appendix pp. 15–17.","Generative-AI diffusion estimate adjusted from Microsoft telemetry for device/OS market share, internet penetration and population. Working-age denominator; not a direct population survey or a measure of workplace adoption. Appendix pp. 15–17.",{},False
adoption-estimate-h2-2025,adoption,access,Estimated generative AI use — H2 2025,BEN,BEN,Benin,9.3,% of working-age population,available,H2 2025,vendor_estimate,modelled,"Microsoft AI Economy Institute, Global AI Adoption in 2025",https://www.microsoft.com/en-us/research/wp-content/uploads/2026/01/Microsoft-AI-Diffusion-Report-January-2026.pdf,microsoft,2026-01,2026-10-01,"Generative-AI diffusion estimate adjusted from Microsoft telemetry for device/OS market share, internet penetration and population. Working-age denominator; not a direct population survey or a measure of workplace adoption. Appendix pp. 15–17.","Generative-AI diffusion estimate adjusted from Microsoft telemetry for device/OS market share, internet penetration and population. Working-age denominator; not a direct population survey or a measure of workplace adoption. Appendix pp. 15–17.",{},False
adoption-estimate-h2-2025,adoption,access,Estimated generative AI use — H2 2025,BWA,BWA,Botswana,13.7,% of working-age population,available,H2 2025,vendor_estimate,modelled,"Microsoft AI Economy Institute, Global AI Adoption in 2025",https://www.microsoft.com/en-us/research/wp-content/uploads/2026/01/Microsoft-AI-Diffusion-Report-January-2026.pdf,microsoft,2026-01,2026-10-01,"Generative-AI diffusion estimate adjusted from Microsoft telemetry for device/OS market share, internet penetration and population. Working-age denominator; not a direct population survey or a measure of workplace adoption. Appendix pp. 15–17.","Generative-AI diffusion estimate adjusted from Microsoft telemetry for device/OS market share, internet penetration and population. Working-age denominator; not a direct population survey or a measure of workplace adoption. Appendix pp. 15–17.",{},False
adoption-estimate-h2-2025,adoption,access,Estimated generative AI use — H2 2025,BFA,BFA,Burkina Faso,9.3,% of working-age population,available,H2 2025,vendor_estimate,modelled,"Microsoft AI Economy Institute, Global AI Adoption in 2025",https://www.microsoft.com/en-us/research/wp-content/uploads/2026/01/Microsoft-AI-Diffusion-Report-January-2026.pdf,microsoft,2026-01,2026-10-01,"Generative-AI diffusion estimate adjusted from Microsoft telemetry for device/OS market share, internet penetration and population. Working-age denominator; not a direct population survey or a measure of workplace adoption. Appendix pp. 15–17.","Generative-AI diffusion estimate adjusted from Microsoft telemetry for device/OS market share, internet penetration and population. Working-age denominator; not a direct population survey or a measure of workplace adoption. Appendix pp. 15–17.",{},False
adoption-estimate-h2-2025,adoption,access,Estimated generative AI use — H2 2025,BDI,BDI,Burundi,6.8,% of working-age population,available,H2 2025,vendor_estimate,modelled,"Microsoft AI Economy Institute, Global AI Adoption in 2025",https://www.microsoft.com/en-us/research/wp-content/uploads/2026/01/Microsoft-AI-Diffusion-Report-January-2026.pdf,microsoft,2026-01,2026-10-01,"Generative-AI diffusion estimate adjusted from Microsoft telemetry for device/OS market share, internet penetration and population. Working-age denominator; not a direct population survey or a measure of workplace adoption. Appendix pp. 15–17.","Generative-AI diffusion estimate adjusted from Microsoft telemetry for device/OS market share, internet penetration and population. Working-age denominator; not a direct population survey or a measure of workplace adoption. Appendix pp. 15–17.",{},False
adoption-estimate-h2-2025,adoption,access,Estimated generative AI use — H2 2025,CPV,CPV,Cabo Verde,,% of working-age population,no_information_in_source,H2 2025,vendor_estimate,modelled,"Microsoft AI Economy Institute, Global AI Adoption in 2025",https://www.microsoft.com/en-us/research/wp-content/uploads/2026/01/Microsoft-AI-Diffusion-Report-January-2026.pdf,microsoft,2026-01,2026-10-01,"Generative-AI diffusion estimate adjusted from Microsoft telemetry for device/OS market share, internet penetration and population. Working-age denominator; not a direct population survey or a measure of workplace adoption. Appendix pp. 15–17.",No information: no country estimate in the reviewed appendix.,{},False
adoption-estimate-h2-2025,adoption,access,Estimated generative AI use — H2 2025,CMR,CMR,Cameroon,7.8,% of working-age population,available,H2 2025,vendor_estimate,modelled,"Microsoft AI Economy Institute, Global AI Adoption in 2025",https://www.microsoft.com/en-us/research/wp-content/uploads/2026/01/Microsoft-AI-Diffusion-Report-January-2026.pdf,microsoft,2026-01,2026-10-01,"Generative-AI diffusion estimate adjusted from Microsoft telemetry for device/OS market share, internet penetration and population. Working-age denominator; not a direct population survey or a measure of workplace adoption. Appendix pp. 15–17.","Generative-AI diffusion estimate adjusted from Microsoft telemetry for device/OS market share, internet penetration and population. Working-age denominator; not a direct population survey or a measure of workplace adoption. Appendix pp. 15–17.",{},False
adoption-estimate-h2-2025,adoption,access,Estimated generative AI use — H2 2025,CAF,CAF,Central African Republic,7.8,% of working-age population,available,H2 2025,vendor_estimate,modelled,"Microsoft AI Economy Institute, Global AI Adoption in 2025",https://www.microsoft.com/en-us/research/wp-content/uploads/2026/01/Microsoft-AI-Diffusion-Report-January-2026.pdf,microsoft,2026-01,2026-10-01,"Generative-AI diffusion estimate adjusted from Microsoft telemetry for device/OS market share, internet penetration and population. Working-age denominator; not a direct population survey or a measure of workplace adoption. Appendix pp. 15–17.","Generative-AI diffusion estimate adjusted from Microsoft telemetry for device/OS market share, internet penetration and population. Working-age denominator; not a direct population survey or a measure of workplace adoption. Appendix pp. 15–17.",{},False
adoption-estimate-h2-2025,adoption,access,Estimated generative AI use — H2 2025,TCD,TCD,Chad,7.8,% of working-age population,available,H2 2025,vendor_estimate,modelled,"Microsoft AI Economy Institute, Global AI Adoption in 2025",https://www.microsoft.com/en-us/research/wp-content/uploads/2026/01/Microsoft-AI-Diffusion-Report-January-2026.pdf,microsoft,2026-01,2026-10-01,"Generative-AI diffusion estimate adjusted from Microsoft telemetry for device/OS market share, internet penetration and population. Working-age denominator; not a direct population survey or a measure of workplace adoption. Appendix pp. 15–17.","Generative-AI diffusion estimate adjusted from Microsoft telemetry for device/OS market share, internet penetration and population. Working-age denominator; not a direct population survey or a measure of workplace adoption. Appendix pp. 15–17.",{},False
adoption-estimate-h2-2025,adoption,access,Estimated generative AI use — H2 2025,COM,COM,Comoros,,% of working-age population,no_information_in_source,H2 2025,vendor_estimate,modelled,"Microsoft AI Economy Institute, Global AI Adoption in 2025",https://www.microsoft.com/en-us/research/wp-content/uploads/2026/01/Microsoft-AI-Diffusion-Report-January-2026.pdf,microsoft,2026-01,2026-10-01,"Generative-AI diffusion estimate adjusted from Microsoft telemetry for device/OS market share, internet penetration and population. Working-age denominator; not a direct population survey or a measure of workplace adoption. Appendix pp. 15–17.",No information: no country estimate in the reviewed appendix.,{},False
adoption-estimate-h2-2025,adoption,access,Estimated generative AI use — H2 2025,CIV,CIV,Côte d'Ivoire,11.7,% of working-age population,available,H2 2025,vendor_estimate,modelled,"Microsoft AI Economy Institute, Global AI Adoption in 2025",https://www.microsoft.com/en-us/research/wp-content/uploads/2026/01/Microsoft-AI-Diffusion-Report-January-2026.pdf,microsoft,2026-01,2026-10-01,"Generative-AI diffusion estimate adjusted from Microsoft telemetry for device/OS market share, internet penetration and population. Working-age denominator; not a direct population survey or a measure of workplace adoption. Appendix pp. 15–17.","Generative-AI diffusion estimate adjusted from Microsoft telemetry for device/OS market share, internet penetration and population. Working-age denominator; not a direct population survey or a measure of workplace adoption. Appendix pp. 15–17.",{},False
adoption-estimate-h2-2025,adoption,access,Estimated generative AI use — H2 2025,COD,COD,Democratic Republic of the Congo,7.8,% of working-age population,available,H2 2025,vendor_estimate,modelled,"Microsoft AI Economy Institute, Global AI Adoption in 2025",https://www.microsoft.com/en-us/research/wp-content/uploads/2026/01/Microsoft-AI-Diffusion-Report-January-2026.pdf,microsoft,2026-01,2026-10-01,"Generative-AI diffusion estimate adjusted from Microsoft telemetry for device/OS market share, internet penetration and population. Working-age denominator; not a direct population survey or a measure of workplace adoption. Appendix pp. 15–17.","Generative-AI diffusion estimate adjusted from Microsoft telemetry for device/OS market share, internet penetration and population. Working-age denominator; not a direct population survey or a measure of workplace adoption. Appendix pp. 15–17.",{},False
adoption-estimate-h2-2025,adoption,access,Estimated generative AI use — H2 2025,DJI,DJI,Djibouti,,% of working-age population,no_information_in_source,H2 2025,vendor_estimate,modelled,"Microsoft AI Economy Institute, Global AI Adoption in 2025",https://www.microsoft.com/en-us/research/wp-content/uploads/2026/01/Microsoft-AI-Diffusion-Report-January-2026.pdf,microsoft,2026-01,2026-10-01,"Generative-AI diffusion estimate adjusted from Microsoft telemetry for device/OS market share, internet penetration and population. Working-age denominator; not a direct population survey or a measure of workplace adoption. Appendix pp. 15–17.",No information: no country estimate in the reviewed appendix.,{},False
adoption-estimate-h2-2025,adoption,access,Estimated generative AI use — H2 2025,EGY,EGY,Egypt,13.4,% of working-age population,available,H2 2025,vendor_estimate,modelled,"Microsoft AI Economy Institute, Global AI Adoption in 2025",https://www.microsoft.com/en-us/research/wp-content/uploads/2026/01/Microsoft-AI-Diffusion-Report-January-2026.pdf,microsoft,2026-01,2026-10-01,"Generative-AI diffusion estimate adjusted from Microsoft telemetry for device/OS market share, internet penetration and population. Working-age denominator; not a direct population survey or a measure of workplace adoption. Appendix pp. 15–17.","Generative-AI diffusion estimate adjusted from Microsoft telemetry for device/OS market share, internet penetration and population. Working-age denominator; not a direct population survey or a measure of workplace adoption. Appendix pp. 15–17.",{},False
adoption-estimate-h2-2025,adoption,access,Estimated generative AI use — H2 2025,GNQ,GNQ,Equatorial Guinea,,% of working-age population,no_information_in_source,H2 2025,vendor_estimate,modelled,"Microsoft AI Economy Institute, Global AI Adoption in 2025",https://www.microsoft.com/en-us/research/wp-content/uploads/2026/01/Microsoft-AI-Diffusion-Report-January-2026.pdf,microsoft,2026-01,2026-10-01,"Generative-AI diffusion estimate adjusted from Microsoft telemetry for device/OS market share, internet penetration and population. Working-age denominator; not a direct population survey or a measure of workplace adoption. Appendix pp. 15–17.",No information: no country estimate in the reviewed appendix.,{},False
adoption-estimate-h2-2025,adoption,access,Estimated generative AI use — H2 2025,ERI,ERI,Eritrea,6.8,% of working-age population,available,H2 2025,vendor_estimate,modelled,"Microsoft AI Economy Institute, Global AI Adoption in 2025",https://www.microsoft.com/en-us/research/wp-content/uploads/2026/01/Microsoft-AI-Diffusion-Report-January-2026.pdf,microsoft,2026-01,2026-10-01,"Generative-AI diffusion estimate adjusted from Microsoft telemetry for device/OS market share, internet penetration and population. Working-age denominator; not a direct population survey or a measure of workplace adoption. Appendix pp. 15–17.","Generative-AI diffusion estimate adjusted from Microsoft telemetry for device/OS market share, internet penetration and population. Working-age denominator; not a direct population survey or a measure of workplace adoption. Appendix pp. 15–17.",{},False
adoption-estimate-h2-2025,adoption,access,Estimated generative AI use — H2 2025,SWZ,SWZ,Eswatini,,% of working-age population,no_information_in_source,H2 2025,vendor_estimate,modelled,"Microsoft AI Economy Institute, Global AI Adoption in 2025",https://www.microsoft.com/en-us/research/wp-content/uploads/2026/01/Microsoft-AI-Diffusion-Report-January-2026.pdf,microsoft,2026-01,2026-10-01,"Generative-AI diffusion estimate adjusted from Microsoft telemetry for device/OS market share, internet penetration and population. Working-age denominator; not a direct population survey or a measure of workplace adoption. Appendix pp. 15–17.",No information: no country estimate in the reviewed appendix.,{},False
adoption-estimate-h2-2025,adoption,access,Estimated generative AI use — H2 2025,ETH,ETH,Ethiopia,6.8,% of working-age population,available,H2 2025,vendor_estimate,modelled,"Microsoft AI Economy Institute, Global AI Adoption in 2025",https://www.microsoft.com/en-us/research/wp-content/uploads/2026/01/Microsoft-AI-Diffusion-Report-January-2026.pdf,microsoft,2026-01,2026-10-01,"Generative-AI diffusion estimate adjusted from Microsoft telemetry for device/OS market share, internet penetration and population. Working-age denominator; not a direct population survey or a measure of workplace adoption. Appendix pp. 15–17.","Generative-AI diffusion estimate adjusted from Microsoft telemetry for device/OS market share, internet penetration and population. Working-age denominator; not a direct population survey or a measure of workplace adoption. Appendix pp. 15–17.",{},False
adoption-estimate-h2-2025,adoption,access,Estimated generative AI use — H2 2025,GAB,GAB,Gabon,13.4,% of working-age population,available,H2 2025,vendor_estimate,modelled,"Microsoft AI Economy Institute, Global AI Adoption in 2025",https://www.microsoft.com/en-us/research/wp-content/uploads/2026/01/Microsoft-AI-Diffusion-Report-January-2026.pdf,microsoft,2026-01,2026-10-01,"Generative-AI diffusion estimate adjusted from Microsoft telemetry for device/OS market share, internet penetration and population. Working-age denominator; not a direct population survey or a measure of workplace adoption. Appendix pp. 15–17.","Generative-AI diffusion estimate adjusted from Microsoft telemetry for device/OS market share, internet penetration and population. Working-age denominator; not a direct population survey or a measure of workplace adoption. Appendix pp. 15–17.",{},False
adoption-estimate-h2-2025,adoption,access,Estimated generative AI use — H2 2025,GMB,GMB,Gambia,10.9,% of working-age population,available,H2 2025,vendor_estimate,modelled,"Microsoft AI Economy Institute, Global AI Adoption in 2025",https://www.microsoft.com/en-us/research/wp-content/uploads/2026/01/Microsoft-AI-Diffusion-Report-January-2026.pdf,microsoft,2026-01,2026-10-01,"Generative-AI diffusion estimate adjusted from Microsoft telemetry for device/OS market share, internet penetration and population. Working-age denominator; not a direct population survey or a measure of workplace adoption. Appendix pp. 15–17.","Generative-AI diffusion estimate adjusted from Microsoft telemetry for device/OS market share, internet penetration and population. Working-age denominator; not a direct population survey or a measure of workplace adoption. Appendix pp. 15–17.",{},False
adoption-estimate-h2-2025,adoption,access,Estimated generative AI use — H2 2025,GHA,GHA,Ghana,9.3,% of working-age population,available,H2 2025,vendor_estimate,modelled,"Microsoft AI Economy Institute, Global AI Adoption in 2025",https://www.microsoft.com/en-us/research/wp-content/uploads/2026/01/Microsoft-AI-Diffusion-Report-January-2026.pdf,microsoft,2026-01,2026-10-01,"Generative-AI diffusion estimate adjusted from Microsoft telemetry for device/OS market share, internet penetration and population. Working-age denominator; not a direct population survey or a measure of workplace adoption. Appendix pp. 15–17.","Generative-AI diffusion estimate adjusted from Microsoft telemetry for device/OS market share, internet penetration and population. Working-age denominator; not a direct population survey or a measure of workplace adoption. Appendix pp. 15–17.",{},False
adoption-estimate-h2-2025,adoption,access,Estimated generative AI use — H2 2025,GIN,GIN,Guinea,9.3,% of working-age population,available,H2 2025,vendor_estimate,modelled,"Microsoft AI Economy Institute, Global AI Adoption in 2025",https://www.microsoft.com/en-us/research/wp-content/uploads/2026/01/Microsoft-AI-Diffusion-Report-January-2026.pdf,microsoft,2026-01,2026-10-01,"Generative-AI diffusion estimate adjusted from Microsoft telemetry for device/OS market share, internet penetration and population. Working-age denominator; not a direct population survey or a measure of workplace adoption. Appendix pp. 15–17.","Generative-AI diffusion estimate adjusted from Microsoft telemetry for device/OS market share, internet penetration and population. Working-age denominator; not a direct population survey or a measure of workplace adoption. Appendix pp. 15–17.",{},False
adoption-estimate-h2-2025,adoption,access,Estimated generative AI use — H2 2025,GNB,GNB,Guinea-Bissau,9.3,% of working-age population,available,H2 2025,vendor_estimate,modelled,"Microsoft AI Economy Institute, Global AI Adoption in 2025",https://www.microsoft.com/en-us/research/wp-content/uploads/2026/01/Microsoft-AI-Diffusion-Report-January-2026.pdf,microsoft,2026-01,2026-10-01,"Generative-AI diffusion estimate adjusted from Microsoft telemetry for device/OS market share, internet penetration and population. Working-age denominator; not a direct population survey or a measure of workplace adoption. Appendix pp. 15–17.","Generative-AI diffusion estimate adjusted from Microsoft telemetry for device/OS market share, internet penetration and population. Working-age denominator; not a direct population survey or a measure of workplace adoption. Appendix pp. 15–17.",{},False
adoption-estimate-h2-2025,adoption,access,Estimated generative AI use — H2 2025,KEN,KEN,Kenya,8.1,% of working-age population,available,H2 2025,vendor_estimate,modelled,"Microsoft AI Economy Institute, Global AI Adoption in 2025",https://www.microsoft.com/en-us/research/wp-content/uploads/2026/01/Microsoft-AI-Diffusion-Report-January-2026.pdf,microsoft,2026-01,2026-10-01,"Generative-AI diffusion estimate adjusted from Microsoft telemetry for device/OS market share, internet penetration and population. Working-age denominator; not a direct population survey or a measure of workplace adoption. Appendix pp. 15–17.","Generative-AI diffusion estimate adjusted from Microsoft telemetry for device/OS market share, internet penetration and population. Working-age denominator; not a direct population survey or a measure of workplace adoption. Appendix pp. 15–17.",{},False
adoption-estimate-h2-2025,adoption,access,Estimated generative AI use — H2 2025,LSO,LSO,Lesotho,9.1,% of working-age population,available,H2 2025,vendor_estimate,modelled,"Microsoft AI Economy Institute, Global AI Adoption in 2025",https://www.microsoft.com/en-us/research/wp-content/uploads/2026/01/Microsoft-AI-Diffusion-Report-January-2026.pdf,microsoft,2026-01,2026-10-01,"Generative-AI diffusion estimate adjusted from Microsoft telemetry for device/OS market share, internet penetration and population. Working-age denominator; not a direct population survey or a measure of workplace adoption. Appendix pp. 15–17.","Generative-AI diffusion estimate adjusted from Microsoft telemetry for device/OS market share, internet penetration and population. Working-age denominator; not a direct population survey or a measure of workplace adoption. Appendix pp. 15–17.",{},False
adoption-estimate-h2-2025,adoption,access,Estimated generative AI use — H2 2025,LBR,LBR,Liberia,9.3,% of working-age population,available,H2 2025,vendor_estimate,modelled,"Microsoft AI Economy Institute, Global AI Adoption in 2025",https://www.microsoft.com/en-us/research/wp-content/uploads/2026/01/Microsoft-AI-Diffusion-Report-January-2026.pdf,microsoft,2026-01,2026-10-01,"Generative-AI diffusion estimate adjusted from Microsoft telemetry for device/OS market share, internet penetration and population. Working-age denominator; not a direct population survey or a measure of workplace adoption. Appendix pp. 15–17.","Generative-AI diffusion estimate adjusted from Microsoft telemetry for device/OS market share, internet penetration and population. Working-age denominator; not a direct population survey or a measure of workplace adoption. Appendix pp. 15–17.",{},False
adoption-estimate-h2-2025,adoption,access,Estimated generative AI use — H2 2025,LBY,LBY,Libya,13.7,% of working-age population,available,H2 2025,vendor_estimate,modelled,"Microsoft AI Economy Institute, Global AI Adoption in 2025",https://www.microsoft.com/en-us/research/wp-content/uploads/2026/01/Microsoft-AI-Diffusion-Report-January-2026.pdf,microsoft,2026-01,2026-10-01,"Generative-AI diffusion estimate adjusted from Microsoft telemetry for device/OS market share, internet penetration and population. Working-age denominator; not a direct population survey or a measure of workplace adoption. Appendix pp. 15–17.","Generative-AI diffusion estimate adjusted from Microsoft telemetry for device/OS market share, internet penetration and population. Working-age denominator; not a direct population survey or a measure of workplace adoption. Appendix pp. 15–17.",{},False
adoption-estimate-h2-2025,adoption,access,Estimated generative AI use — H2 2025,MDG,MDG,Madagascar,9.7,% of working-age population,available,H2 2025,vendor_estimate,modelled,"Microsoft AI Economy Institute, Global AI Adoption in 2025",https://www.microsoft.com/en-us/research/wp-content/uploads/2026/01/Microsoft-AI-Diffusion-Report-January-2026.pdf,microsoft,2026-01,2026-10-01,"Generative-AI diffusion estimate adjusted from Microsoft telemetry for device/OS market share, internet penetration and population. Working-age denominator; not a direct population survey or a measure of workplace adoption. Appendix pp. 15–17.","Generative-AI diffusion estimate adjusted from Microsoft telemetry for device/OS market share, internet penetration and population. Working-age denominator; not a direct population survey or a measure of workplace adoption. Appendix pp. 15–17.",{},False
adoption-estimate-h2-2025,adoption,access,Estimated generative AI use — H2 2025,MWI,MWI,Malawi,9.7,% of working-age population,available,H2 2025,vendor_estimate,modelled,"Microsoft AI Economy Institute, Global AI Adoption in 2025",https://www.microsoft.com/en-us/research/wp-content/uploads/2026/01/Microsoft-AI-Diffusion-Report-January-2026.pdf,microsoft,2026-01,2026-10-01,"Generative-AI diffusion estimate adjusted from Microsoft telemetry for device/OS market share, internet penetration and population. Working-age denominator; not a direct population survey or a measure of workplace adoption. Appendix pp. 15–17.","Generative-AI diffusion estimate adjusted from Microsoft telemetry for device/OS market share, internet penetration and population. Working-age denominator; not a direct population survey or a measure of workplace adoption. Appendix pp. 15–17.",{},False
adoption-estimate-h2-2025,adoption,access,Estimated generative AI use — H2 2025,MLI,MLI,Mali,9.3,% of working-age population,available,H2 2025,vendor_estimate,modelled,"Microsoft AI Economy Institute, Global AI Adoption in 2025",https://www.microsoft.com/en-us/research/wp-content/uploads/2026/01/Microsoft-AI-Diffusion-Report-January-2026.pdf,microsoft,2026-01,2026-10-01,"Generative-AI diffusion estimate adjusted from Microsoft telemetry for device/OS market share, internet penetration and population. Working-age denominator; not a direct population survey or a measure of workplace adoption. Appendix pp. 15–17.","Generative-AI diffusion estimate adjusted from Microsoft telemetry for device/OS market share, internet penetration and population. Working-age denominator; not a direct population survey or a measure of workplace adoption. Appendix pp. 15–17.",{},False
adoption-estimate-h2-2025,adoption,access,Estimated generative AI use — H2 2025,MRT,MRT,Mauritania,9.3,% of working-age population,available,H2 2025,vendor_estimate,modelled,"Microsoft AI Economy Institute, Global AI Adoption in 2025",https://www.microsoft.com/en-us/research/wp-content/uploads/2026/01/Microsoft-AI-Diffusion-Report-January-2026.pdf,microsoft,2026-01,2026-10-01,"Generative-AI diffusion estimate adjusted from Microsoft telemetry for device/OS market share, internet penetration and population. Working-age denominator; not a direct population survey or a measure of workplace adoption. Appendix pp. 15–17.","Generative-AI diffusion estimate adjusted from Microsoft telemetry for device/OS market share, internet penetration and population. Working-age denominator; not a direct population survey or a measure of workplace adoption. Appendix pp. 15–17.",{},False
adoption-estimate-h2-2025,adoption,access,Estimated generative AI use — H2 2025,MUS,MUS,Mauritius,,% of working-age population,no_information_in_source,H2 2025,vendor_estimate,modelled,"Microsoft AI Economy Institute, Global AI Adoption in 2025",https://www.microsoft.com/en-us/research/wp-content/uploads/2026/01/Microsoft-AI-Diffusion-Report-January-2026.pdf,microsoft,2026-01,2026-10-01,"Generative-AI diffusion estimate adjusted from Microsoft telemetry for device/OS market share, internet penetration and population. Working-age denominator; not a direct population survey or a measure of workplace adoption. Appendix pp. 15–17.",No information: no country estimate in the reviewed appendix.,{},False
adoption-estimate-h2-2025,adoption,access,Estimated generative AI use — H2 2025,MAR,MAR,Morocco,10.9,% of working-age population,available,H2 2025,vendor_estimate,modelled,"Microsoft AI Economy Institute, Global AI Adoption in 2025",https://www.microsoft.com/en-us/research/wp-content/uploads/2026/01/Microsoft-AI-Diffusion-Report-January-2026.pdf,microsoft,2026-01,2026-10-01,"Generative-AI diffusion estimate adjusted from Microsoft telemetry for device/OS market share, internet penetration and population. Working-age denominator; not a direct population survey or a measure of workplace adoption. Appendix pp. 15–17.","Generative-AI diffusion estimate adjusted from Microsoft telemetry for device/OS market share, internet penetration and population. Working-age denominator; not a direct population survey or a measure of workplace adoption. Appendix pp. 15–17.",{},False
adoption-estimate-h2-2025,adoption,access,Estimated generative AI use — H2 2025,MOZ,MOZ,Mozambique,9.7,% of working-age population,available,H2 2025,vendor_estimate,modelled,"Microsoft AI Economy Institute, Global AI Adoption in 2025",https://www.microsoft.com/en-us/research/wp-content/uploads/2026/01/Microsoft-AI-Diffusion-Report-January-2026.pdf,microsoft,2026-01,2026-10-01,"Generative-AI diffusion estimate adjusted from Microsoft telemetry for device/OS market share, internet penetration and population. Working-age denominator; not a direct population survey or a measure of workplace adoption. Appendix pp. 15–17.","Generative-AI diffusion estimate adjusted from Microsoft telemetry for device/OS market share, internet penetration and population. Working-age denominator; not a direct population survey or a measure of workplace adoption. Appendix pp. 15–17.",{},False
adoption-estimate-h2-2025,adoption,access,Estimated generative AI use — H2 2025,NAM,NAM,Namibia,13.8,% of working-age population,available,H2 2025,vendor_estimate,modelled,"Microsoft AI Economy Institute, Global AI Adoption in 2025",https://www.microsoft.com/en-us/research/wp-content/uploads/2026/01/Microsoft-AI-Diffusion-Report-January-2026.pdf,microsoft,2026-01,2026-10-01,"Generative-AI diffusion estimate adjusted from Microsoft telemetry for device/OS market share, internet penetration and population. Working-age denominator; not a direct population survey or a measure of workplace adoption. Appendix pp. 15–17.","Generative-AI diffusion estimate adjusted from Microsoft telemetry for device/OS market share, internet penetration and population. Working-age denominator; not a direct population survey or a measure of workplace adoption. Appendix pp. 15–17.",{},False
adoption-estimate-h2-2025,adoption,access,Estimated generative AI use — H2 2025,NER,NER,Niger,9.3,% of working-age population,available,H2 2025,vendor_estimate,modelled,"Microsoft AI Economy Institute, Global AI Adoption in 2025",https://www.microsoft.com/en-us/research/wp-content/uploads/2026/01/Microsoft-AI-Diffusion-Report-January-2026.pdf,microsoft,2026-01,2026-10-01,"Generative-AI diffusion estimate adjusted from Microsoft telemetry for device/OS market share, internet penetration and population. Working-age denominator; not a direct population survey or a measure of workplace adoption. Appendix pp. 15–17.","Generative-AI diffusion estimate adjusted from Microsoft telemetry for device/OS market share, internet penetration and population. Working-age denominator; not a direct population survey or a measure of workplace adoption. Appendix pp. 15–17.",{},False
adoption-estimate-h2-2025,adoption,access,Estimated generative AI use — H2 2025,NGA,NGA,Nigeria,9.3,% of working-age population,available,H2 2025,vendor_estimate,modelled,"Microsoft AI Economy Institute, Global AI Adoption in 2025",https://www.microsoft.com/en-us/research/wp-content/uploads/2026/01/Microsoft-AI-Diffusion-Report-January-2026.pdf,microsoft,2026-01,2026-10-01,"Generative-AI diffusion estimate adjusted from Microsoft telemetry for device/OS market share, internet penetration and population. Working-age denominator; not a direct population survey or a measure of workplace adoption. Appendix pp. 15–17.","Generative-AI diffusion estimate adjusted from Microsoft telemetry for device/OS market share, internet penetration and population. Working-age denominator; not a direct population survey or a measure of workplace adoption. Appendix pp. 15–17.",{},False
adoption-estimate-h2-2025,adoption,access,Estimated generative AI use — H2 2025,COG,COG,Republic of the Congo,7.8,% of working-age population,available,H2 2025,vendor_estimate,modelled,"Microsoft AI Economy Institute, Global AI Adoption in 2025",https://www.microsoft.com/en-us/research/wp-content/uploads/2026/01/Microsoft-AI-Diffusion-Report-January-2026.pdf,microsoft,2026-01,2026-10-01,"Generative-AI diffusion estimate adjusted from Microsoft telemetry for device/OS market share, internet penetration and population. Working-age denominator; not a direct population survey or a measure of workplace adoption. Appendix pp. 15–17.","Generative-AI diffusion estimate adjusted from Microsoft telemetry for device/OS market share, internet penetration and population. Working-age denominator; not a direct population survey or a measure of workplace adoption. Appendix pp. 15–17.",{},False
adoption-estimate-h2-2025,adoption,access,Estimated generative AI use — H2 2025,RWA,RWA,Rwanda,6.3,% of working-age population,available,H2 2025,vendor_estimate,modelled,"Microsoft AI Economy Institute, Global AI Adoption in 2025",https://www.microsoft.com/en-us/research/wp-content/uploads/2026/01/Microsoft-AI-Diffusion-Report-January-2026.pdf,microsoft,2026-01,2026-10-01,"Generative-AI diffusion estimate adjusted from Microsoft telemetry for device/OS market share, internet penetration and population. Working-age denominator; not a direct population survey or a measure of workplace adoption. Appendix pp. 15–17.","Generative-AI diffusion estimate adjusted from Microsoft telemetry for device/OS market share, internet penetration and population. Working-age denominator; not a direct population survey or a measure of workplace adoption. Appendix pp. 15–17.",{},False
adoption-estimate-h2-2025,adoption,access,Estimated generative AI use — H2 2025,SEN,SEN,Senegal,12.9,% of working-age population,available,H2 2025,vendor_estimate,modelled,"Microsoft AI Economy Institute, Global AI Adoption in 2025",https://www.microsoft.com/en-us/research/wp-content/uploads/2026/01/Microsoft-AI-Diffusion-Report-January-2026.pdf,microsoft,2026-01,2026-10-01,"Generative-AI diffusion estimate adjusted from Microsoft telemetry for device/OS market share, internet penetration and population. Working-age denominator; not a direct population survey or a measure of workplace adoption. Appendix pp. 15–17.","Generative-AI diffusion estimate adjusted from Microsoft telemetry for device/OS market share, internet penetration and population. Working-age denominator; not a direct population survey or a measure of workplace adoption. Appendix pp. 15–17.",{},False
adoption-estimate-h2-2025,adoption,access,Estimated generative AI use — H2 2025,SYC,SYC,Seychelles,,% of working-age population,no_information_in_source,H2 2025,vendor_estimate,modelled,"Microsoft AI Economy Institute, Global AI Adoption in 2025",https://www.microsoft.com/en-us/research/wp-content/uploads/2026/01/Microsoft-AI-Diffusion-Report-January-2026.pdf,microsoft,2026-01,2026-10-01,"Generative-AI diffusion estimate adjusted from Microsoft telemetry for device/OS market share, internet penetration and population. Working-age denominator; not a direct population survey or a measure of workplace adoption. Appendix pp. 15–17.",No information: no country estimate in the reviewed appendix.,{},False
adoption-estimate-h2-2025,adoption,access,Estimated generative AI use — H2 2025,SLE,SLE,Sierra Leone,9.3,% of working-age population,available,H2 2025,vendor_estimate,modelled,"Microsoft AI Economy Institute, Global AI Adoption in 2025",https://www.microsoft.com/en-us/research/wp-content/uploads/2026/01/Microsoft-AI-Diffusion-Report-January-2026.pdf,microsoft,2026-01,2026-10-01,"Generative-AI diffusion estimate adjusted from Microsoft telemetry for device/OS market share, internet penetration and population. Working-age denominator; not a direct population survey or a measure of workplace adoption. Appendix pp. 15–17.","Generative-AI diffusion estimate adjusted from Microsoft telemetry for device/OS market share, internet penetration and population. Working-age denominator; not a direct population survey or a measure of workplace adoption. Appendix pp. 15–17.",{},False
adoption-estimate-h2-2025,adoption,access,Estimated generative AI use — H2 2025,SOM,SOM,Somalia,6.8,% of working-age population,available,H2 2025,vendor_estimate,modelled,"Microsoft AI Economy Institute, Global AI Adoption in 2025",https://www.microsoft.com/en-us/research/wp-content/uploads/2026/01/Microsoft-AI-Diffusion-Report-January-2026.pdf,microsoft,2026-01,2026-10-01,"Generative-AI diffusion estimate adjusted from Microsoft telemetry for device/OS market share, internet penetration and population. Working-age denominator; not a direct population survey or a measure of workplace adoption. Appendix pp. 15–17.","Generative-AI diffusion estimate adjusted from Microsoft telemetry for device/OS market share, internet penetration and population. Working-age denominator; not a direct population survey or a measure of workplace adoption. Appendix pp. 15–17.",{},False
adoption-estimate-h2-2025,adoption,access,Estimated generative AI use — H2 2025,ZAF,ZAF,South Africa,21.1,% of working-age population,available,H2 2025,vendor_estimate,modelled,"Microsoft AI Economy Institute, Global AI Adoption in 2025",https://www.microsoft.com/en-us/research/wp-content/uploads/2026/01/Microsoft-AI-Diffusion-Report-January-2026.pdf,microsoft,2026-01,2026-10-01,"Generative-AI diffusion estimate adjusted from Microsoft telemetry for device/OS market share, internet penetration and population. Working-age denominator; not a direct population survey or a measure of workplace adoption. Appendix pp. 15–17.","Generative-AI diffusion estimate adjusted from Microsoft telemetry for device/OS market share, internet penetration and population. Working-age denominator; not a direct population survey or a measure of workplace adoption. Appendix pp. 15–17.",{},False
adoption-estimate-h2-2025,adoption,access,Estimated generative AI use — H2 2025,SSD,SSD,South Sudan,6.8,% of working-age population,available,H2 2025,vendor_estimate,modelled,"Microsoft AI Economy Institute, Global AI Adoption in 2025",https://www.microsoft.com/en-us/research/wp-content/uploads/2026/01/Microsoft-AI-Diffusion-Report-January-2026.pdf,microsoft,2026-01,2026-10-01,"Generative-AI diffusion estimate adjusted from Microsoft telemetry for device/OS market share, internet penetration and population. Working-age denominator; not a direct population survey or a measure of workplace adoption. Appendix pp. 15–17.","Generative-AI diffusion estimate adjusted from Microsoft telemetry for device/OS market share, internet penetration and population. Working-age denominator; not a direct population survey or a measure of workplace adoption. Appendix pp. 15–17.",{},False
adoption-estimate-h2-2025,adoption,access,Estimated generative AI use — H2 2025,SDN,SDN,Sudan,6.8,% of working-age population,available,H2 2025,vendor_estimate,modelled,"Microsoft AI Economy Institute, Global AI Adoption in 2025",https://www.microsoft.com/en-us/research/wp-content/uploads/2026/01/Microsoft-AI-Diffusion-Report-January-2026.pdf,microsoft,2026-01,2026-10-01,"Generative-AI diffusion estimate adjusted from Microsoft telemetry for device/OS market share, internet penetration and population. Working-age denominator; not a direct population survey or a measure of workplace adoption. Appendix pp. 15–17.","Generative-AI diffusion estimate adjusted from Microsoft telemetry for device/OS market share, internet penetration and population. Working-age denominator; not a direct population survey or a measure of workplace adoption. Appendix pp. 15–17.",{},False
adoption-estimate-h2-2025,adoption,access,Estimated generative AI use — H2 2025,STP,STP,São Tomé and Príncipe,,% of working-age population,no_information_in_source,H2 2025,vendor_estimate,modelled,"Microsoft AI Economy Institute, Global AI Adoption in 2025",https://www.microsoft.com/en-us/research/wp-content/uploads/2026/01/Microsoft-AI-Diffusion-Report-January-2026.pdf,microsoft,2026-01,2026-10-01,"Generative-AI diffusion estimate adjusted from Microsoft telemetry for device/OS market share, internet penetration and population. Working-age denominator; not a direct population survey or a measure of workplace adoption. Appendix pp. 15–17.",No information: no country estimate in the reviewed appendix.,{},False
adoption-estimate-h2-2025,adoption,access,Estimated generative AI use — H2 2025,TZA,TZA,Tanzania,6.8,% of working-age population,available,H2 2025,vendor_estimate,modelled,"Microsoft AI Economy Institute, Global AI Adoption in 2025",https://www.microsoft.com/en-us/research/wp-content/uploads/2026/01/Microsoft-AI-Diffusion-Report-January-2026.pdf,microsoft,2026-01,2026-10-01,"Generative-AI diffusion estimate adjusted from Microsoft telemetry for device/OS market share, internet penetration and population. Working-age denominator; not a direct population survey or a measure of workplace adoption. Appendix pp. 15–17.","Generative-AI diffusion estimate adjusted from Microsoft telemetry for device/OS market share, internet penetration and population. Working-age denominator; not a direct population survey or a measure of workplace adoption. Appendix pp. 15–17.",{},False
adoption-estimate-h2-2025,adoption,access,Estimated generative AI use — H2 2025,TGO,TGO,Togo,9.3,% of working-age population,available,H2 2025,vendor_estimate,modelled,"Microsoft AI Economy Institute, Global AI Adoption in 2025",https://www.microsoft.com/en-us/research/wp-content/uploads/2026/01/Microsoft-AI-Diffusion-Report-January-2026.pdf,microsoft,2026-01,2026-10-01,"Generative-AI diffusion estimate adjusted from Microsoft telemetry for device/OS market share, internet penetration and population. Working-age denominator; not a direct population survey or a measure of workplace adoption. Appendix pp. 15–17.","Generative-AI diffusion estimate adjusted from Microsoft telemetry for device/OS market share, internet penetration and population. Working-age denominator; not a direct population survey or a measure of workplace adoption. Appendix pp. 15–17.",{},False
adoption-estimate-h2-2025,adoption,access,Estimated generative AI use — H2 2025,TUN,TUN,Tunisia,12.7,% of working-age population,available,H2 2025,vendor_estimate,modelled,"Microsoft AI Economy Institute, Global AI Adoption in 2025",https://www.microsoft.com/en-us/research/wp-content/uploads/2026/01/Microsoft-AI-Diffusion-Report-January-2026.pdf,microsoft,2026-01,2026-10-01,"Generative-AI diffusion estimate adjusted from Microsoft telemetry for device/OS market share, internet penetration and population. Working-age denominator; not a direct population survey or a measure of workplace adoption. Appendix pp. 15–17.","Generative-AI diffusion estimate adjusted from Microsoft telemetry for device/OS market share, internet penetration and population. Working-age denominator; not a direct population survey or a measure of workplace adoption. Appendix pp. 15–17.",{},False
adoption-estimate-h2-2025,adoption,access,Estimated generative AI use — H2 2025,UGA,UGA,Uganda,6.8,% of working-age population,available,H2 2025,vendor_estimate,modelled,"Microsoft AI Economy Institute, Global AI Adoption in 2025",https://www.microsoft.com/en-us/research/wp-content/uploads/2026/01/Microsoft-AI-Diffusion-Report-January-2026.pdf,microsoft,2026-01,2026-10-01,"Generative-AI diffusion estimate adjusted from Microsoft telemetry for device/OS market share, internet penetration and population. Working-age denominator; not a direct population survey or a measure of workplace adoption. Appendix pp. 15–17.","Generative-AI diffusion estimate adjusted from Microsoft telemetry for device/OS market share, internet penetration and population. Working-age denominator; not a direct population survey or a measure of workplace adoption. Appendix pp. 15–17.",{},False
adoption-estimate-h2-2025,adoption,access,Estimated generative AI use — H2 2025,ZMB,ZMB,Zambia,12.3,% of working-age population,available,H2 2025,vendor_estimate,modelled,"Microsoft AI Economy Institute, Global AI Adoption in 2025",https://www.microsoft.com/en-us/research/wp-content/uploads/2026/01/Microsoft-AI-Diffusion-Report-January-2026.pdf,microsoft,2026-01,2026-10-01,"Generative-AI diffusion estimate adjusted from Microsoft telemetry for device/OS market share, internet penetration and population. Working-age denominator; not a direct population survey or a measure of workplace adoption. Appendix pp. 15–17.","Generative-AI diffusion estimate adjusted from Microsoft telemetry for device/OS market share, internet penetration and population. Working-age denominator; not a direct population survey or a measure of workplace adoption. Appendix pp. 15–17.",{},False
adoption-estimate-h2-2025,adoption,access,Estimated generative AI use — H2 2025,ZWE,ZWE,Zimbabwe,7.6,% of working-age population,available,H2 2025,vendor_estimate,modelled,"Microsoft AI Economy Institute, Global AI Adoption in 2025",https://www.microsoft.com/en-us/research/wp-content/uploads/2026/01/Microsoft-AI-Diffusion-Report-January-2026.pdf,microsoft,2026-01,2026-10-01,"Generative-AI diffusion estimate adjusted from Microsoft telemetry for device/OS market share, internet penetration and population. Working-age denominator; not a direct population survey or a measure of workplace adoption. Appendix pp. 15–17.","Generative-AI diffusion estimate adjusted from Microsoft telemetry for device/OS market share, internet penetration and population. Working-age denominator; not a direct population survey or a measure of workplace adoption. Appendix pp. 15–17.",{},False
cost-mobile-usd-2025,costs,access,Mobile data basket (5 GB minimum),DZA,DZA,Algeria,2.23,USD per month,available,2025,official,measured,"ITU ICT Price Baskets, December 2025 release",https://www.itu.int/en/ITU-D/Statistics/Documents/ICT_Prices/ITU_ICTPriceBaskets_2008-2025.xlsx,itu,2025-12-02,2026-10-01,"ITU 2025 retail basket, selected under its representative-operator rules. At least 5 GB; actual allowance may be higher. Historical observation, not a current quote. The 5 GB mobile basket must not be spliced into the older 2 GB series. Connection charges and device costs are not added to this monthly figure.","ITU 2025 retail basket, selected under its representative-operator rules. At least 5 GB; actual allowance may be higher. Historical observation, not a current quote. The 5 GB mobile basket must not be spliced into the older 2 GB series. Connection charges and device costs are not added to this monthly figure.","{""allowance_gb"": 5, ""metadata_source_id"": ""itu-detail"", ""operator"": ""Algérie Télécom Mobile \""MOBILIS\"""", ""operator_notes"": ""Zero-rated Facebook and WhatsApp access for 30 days."", ""source_cell"": ""economies_2008-2025!AB2548"", ""source_code"": ""i271mb_5GB$"", ""source_value"": 2.23, ""tax_rate_as_published"": 19, ""technology"": "" 4G""}",False
cost-mobile-usd-2025,costs,access,Mobile data basket (5 GB minimum),AGO,AGO,Angola,5.48,USD per month,available,2025,official,measured,"ITU ICT Price Baskets, December 2025 release",https://www.itu.int/en/ITU-D/Statistics/Documents/ICT_Prices/ITU_ICTPriceBaskets_2008-2025.xlsx,itu,2025-12-02,2026-10-01,"ITU 2025 retail basket, selected under its representative-operator rules. At least 5 GB; actual allowance may be higher. Historical observation, not a current quote. The 5 GB mobile basket must not be spliced into the older 2 GB series. Connection charges and device costs are not added to this monthly figure.","ITU 2025 retail basket, selected under its representative-operator rules. At least 5 GB; actual allowance may be higher. Historical observation, not a current quote. The 5 GB mobile basket must not be spliced into the older 2 GB series. Connection charges and device costs are not added to this monthly figure.","{""allowance_gb"": 6, ""metadata_source_id"": ""itu-detail"", ""operator"": ""Unitel"", ""operator_notes"": """", ""source_cell"": ""economies_2008-2025!AB118"", ""source_code"": ""i271mb_5GB$"", ""source_value"": 5.48, ""tax_rate_as_published"": 14, ""technology"": ""2G& 3G & 4G & 5G""}",False
cost-mobile-usd-2025,costs,access,Mobile data basket (5 GB minimum),BEN,BEN,Benin,8.21,USD per month,available,2025,official,measured,"ITU ICT Price Baskets, December 2025 release",https://www.itu.int/en/ITU-D/Statistics/Documents/ICT_Prices/ITU_ICTPriceBaskets_2008-2025.xlsx,itu,2025-12-02,2026-10-01,"ITU 2025 retail basket, selected under its representative-operator rules. At least 5 GB; actual allowance may be higher. Historical observation, not a current quote. The 5 GB mobile basket must not be spliced into the older 2 GB series. Connection charges and device costs are not added to this monthly figure.","ITU 2025 retail basket, selected under its representative-operator rules. At least 5 GB; actual allowance may be higher. Historical observation, not a current quote. The 5 GB mobile basket must not be spliced into the older 2 GB series. Connection charges and device costs are not added to this monthly figure.","{""allowance_gb"": 5, ""metadata_source_id"": ""itu-detail"", ""operator"": ""SPACETEL BENIN (MTN)"", ""operator_notes"": """", ""source_cell"": ""economies_2008-2025!AB748"", ""source_code"": ""i271mb_5GB$"", ""source_value"": 8.21, ""tax_rate_as_published"": 18, ""technology"": ""2G&3G&4G&5G""}",False
cost-mobile-usd-2025,costs,access,Mobile data basket (5 GB minimum),BWA,BWA,Botswana,8.68,USD per month,available,2025,official,measured,"ITU ICT Price Baskets, December 2025 release",https://www.itu.int/en/ITU-D/Statistics/Documents/ICT_Prices/ITU_ICTPriceBaskets_2008-2025.xlsx,itu,2025-12-02,2026-10-01,"ITU 2025 retail basket, selected under its representative-operator rules. At least 5 GB; actual allowance may be higher. Historical observation, not a current quote. The 5 GB mobile basket must not be spliced into the older 2 GB series. Connection charges and device costs are not added to this monthly figure.","ITU 2025 retail basket, selected under its representative-operator rules. At least 5 GB; actual allowance may be higher. Historical observation, not a current quote. The 5 GB mobile basket must not be spliced into the older 2 GB series. Connection charges and device costs are not added to this monthly figure.","{""allowance_gb"": 6.5, ""metadata_source_id"": ""itu-detail"", ""operator"": ""Mascom"", ""operator_notes"": """", ""source_cell"": ""economies_2008-2025!AB1423"", ""source_code"": ""i271mb_5GB$"", ""source_value"": 8.68, ""tax_rate_as_published"": 14, ""technology"": ""2G&3G&4G&5G""}",False
cost-mobile-usd-2025,costs,access,Mobile data basket (5 GB minimum),BFA,BFA,Burkina Faso,6.74,USD per month,available,2025,official,measured,"ITU ICT Price Baskets, December 2025 release",https://www.itu.int/en/ITU-D/Statistics/Documents/ICT_Prices/ITU_ICTPriceBaskets_2008-2025.xlsx,itu,2025-12-02,2026-10-01,"ITU 2025 retail basket, selected under its representative-operator rules. At least 5 GB; actual allowance may be higher. Historical observation, not a current quote. The 5 GB mobile basket must not be spliced into the older 2 GB series. Connection charges and device costs are not added to this monthly figure.","ITU 2025 retail basket, selected under its representative-operator rules. At least 5 GB; actual allowance may be higher. Historical observation, not a current quote. The 5 GB mobile basket must not be spliced into the older 2 GB series. Connection charges and device costs are not added to this monthly figure.","{""allowance_gb"": 8, ""metadata_source_id"": ""itu-detail"", ""operator"": ""ORANGE BURKINA FASO SA"", ""operator_notes"": """", ""source_cell"": ""economies_2008-2025!AB793"", ""source_code"": ""i271mb_5GB$"", ""source_value"": 6.74, ""tax_rate_as_published"": 18, ""technology"": ""4G+""}",False
cost-mobile-usd-2025,costs,access,Mobile data basket (5 GB minimum),BDI,BDI,Burundi,5.34,USD per month,available,2025,official,measured,"ITU ICT Price Baskets, December 2025 release",https://www.itu.int/en/ITU-D/Statistics/Documents/ICT_Prices/ITU_ICTPriceBaskets_2008-2025.xlsx,itu,2025-12-02,2026-10-01,"ITU 2025 retail basket, selected under its representative-operator rules. At least 5 GB; actual allowance may be higher. Historical observation, not a current quote. The 5 GB mobile basket must not be spliced into the older 2 GB series. Connection charges and device costs are not added to this monthly figure.","ITU 2025 retail basket, selected under its representative-operator rules. At least 5 GB; actual allowance may be higher. Historical observation, not a current quote. The 5 GB mobile basket must not be spliced into the older 2 GB series. Connection charges and device costs are not added to this monthly figure.","{""allowance_gb"": 5, ""metadata_source_id"": ""itu-detail"", ""operator"": ""Econet Leo"", ""operator_notes"": """", ""source_cell"": ""economies_2008-2025!AB658"", ""source_code"": ""i271mb_5GB$"", ""source_value"": 5.34, ""tax_rate_as_published"": 18, ""technology"": ""3G""}",False
cost-mobile-usd-2025,costs,access,Mobile data basket (5 GB minimum),CPV,CPV,Cabo Verde,6.67,USD per month,available,2025,official,measured,"ITU ICT Price Baskets, December 2025 release",https://www.itu.int/en/ITU-D/Statistics/Documents/ICT_Prices/ITU_ICTPriceBaskets_2008-2025.xlsx,itu,2025-12-02,2026-10-01,"ITU 2025 retail basket, selected under its representative-operator rules. At least 5 GB; actual allowance may be higher. Historical observation, not a current quote. The 5 GB mobile basket must not be spliced into the older 2 GB series. Connection charges and device costs are not added to this monthly figure.","ITU 2025 retail basket, selected under its representative-operator rules. At least 5 GB; actual allowance may be higher. Historical observation, not a current quote. The 5 GB mobile basket must not be spliced into the older 2 GB series. Connection charges and device costs are not added to this monthly figure.","{""allowance_gb"": 5, ""metadata_source_id"": ""itu-detail"", ""operator"": ""CVTelecom"", ""operator_notes"": """", ""source_cell"": ""economies_2008-2025!AB2008"", ""source_code"": ""i271mb_5GB$"", ""source_value"": 6.67, ""tax_rate_as_published"": 15, ""technology"": ""3G""}",False
cost-mobile-usd-2025,costs,access,Mobile data basket (5 GB minimum),CMR,CMR,Cameroon,8.02,USD per month,available,2025,official,measured,"ITU ICT Price Baskets, December 2025 release",https://www.itu.int/en/ITU-D/Statistics/Documents/ICT_Prices/ITU_ICTPriceBaskets_2008-2025.xlsx,itu,2025-12-02,2026-10-01,"ITU 2025 retail basket, selected under its representative-operator rules. At least 5 GB; actual allowance may be higher. Historical observation, not a current quote. The 5 GB mobile basket must not be spliced into the older 2 GB series. Connection charges and device costs are not added to this monthly figure.","ITU 2025 retail basket, selected under its representative-operator rules. At least 5 GB; actual allowance may be higher. Historical observation, not a current quote. The 5 GB mobile basket must not be spliced into the older 2 GB series. Connection charges and device costs are not added to this monthly figure.","{""allowance_gb"": 5, ""metadata_source_id"": ""itu-detail"", ""operator"": ""ORANGE Cameroun"", ""operator_notes"": null, ""source_cell"": ""economies_2008-2025!AB1738"", ""source_code"": ""i271mb_5GB$"", ""source_value"": 8.02, ""tax_rate_as_published"": 2, ""technology"": ""LTE""}",False
cost-mobile-usd-2025,costs,access,Mobile data basket (5 GB minimum),CAF,CAF,Central African Republic,23.8,USD per month,available,2025,official,measured,"ITU ICT Price Baskets, December 2025 release",https://www.itu.int/en/ITU-D/Statistics/Documents/ICT_Prices/ITU_ICTPriceBaskets_2008-2025.xlsx,itu,2025-12-02,2026-10-01,"ITU 2025 retail basket, selected under its representative-operator rules. At least 5 GB; actual allowance may be higher. Historical observation, not a current quote. The 5 GB mobile basket must not be spliced into the older 2 GB series. Connection charges and device costs are not added to this monthly figure.","ITU 2025 retail basket, selected under its representative-operator rules. At least 5 GB; actual allowance may be higher. Historical observation, not a current quote. The 5 GB mobile basket must not be spliced into the older 2 GB series. Connection charges and device costs are not added to this monthly figure.","{""allowance_gb"": 5.6, ""metadata_source_id"": ""itu-detail"", ""operator"": ""Orange"", ""operator_notes"": """", ""source_cell"": ""economies_2008-2025!AB1468"", ""source_code"": ""i271mb_5GB$"", ""source_value"": 23.8, ""tax_rate_as_published"": 19, ""technology"": ""3G+""}",False
cost-mobile-usd-2025,costs,access,Mobile data basket (5 GB minimum),TCD,TCD,Chad,9.62,USD per month,available,2025,official,measured,"ITU ICT Price Baskets, December 2025 release",https://www.itu.int/en/ITU-D/Statistics/Documents/ICT_Prices/ITU_ICTPriceBaskets_2008-2025.xlsx,itu,2025-12-02,2026-10-01,"ITU 2025 retail basket, selected under its representative-operator rules. At least 5 GB; actual allowance may be higher. Historical observation, not a current quote. The 5 GB mobile basket must not be spliced into the older 2 GB series. Connection charges and device costs are not added to this monthly figure.","ITU 2025 retail basket, selected under its representative-operator rules. At least 5 GB; actual allowance may be higher. Historical observation, not a current quote. The 5 GB mobile basket must not be spliced into the older 2 GB series. Connection charges and device costs are not added to this monthly figure.","{""allowance_gb"": 6, ""metadata_source_id"": ""itu-detail"", ""operator"": ""Airtel"", ""operator_notes"": """", ""source_cell"": ""economies_2008-2025!AB8578"", ""source_code"": ""i271mb_5GB$"", ""source_value"": 9.62, ""tax_rate_as_published"": 18, ""technology"": ""2G/3G/4G LTE""}",False
cost-mobile-usd-2025,costs,access,Mobile data basket (5 GB minimum),COM,COM,Comoros,10.7,USD per month,available,2025,official,measured,"ITU ICT Price Baskets, December 2025 release",https://www.itu.int/en/ITU-D/Statistics/Documents/ICT_Prices/ITU_ICTPriceBaskets_2008-2025.xlsx,itu,2025-12-02,2026-10-01,"ITU 2025 retail basket, selected under its representative-operator rules. At least 5 GB; actual allowance may be higher. Historical observation, not a current quote. The 5 GB mobile basket must not be spliced into the older 2 GB series. Connection charges and device costs are not added to this monthly figure.","ITU 2025 retail basket, selected under its representative-operator rules. At least 5 GB; actual allowance may be higher. Historical observation, not a current quote. The 5 GB mobile basket must not be spliced into the older 2 GB series. Connection charges and device costs are not added to this monthly figure.","{""allowance_gb"": 10, ""metadata_source_id"": ""itu-detail"", ""operator"": ""Comores Telecom"", ""operator_notes"": """", ""source_cell"": ""economies_2008-2025!AB1963"", ""source_code"": ""i271mb_5GB$"", ""source_value"": 10.7, ""tax_rate_as_published"": 10, ""technology"": ""4.5G""}",False
cost-mobile-usd-2025,costs,access,Mobile data basket (5 GB minimum),CIV,CIV,Côte d'Ivoire,6.42,USD per month,available,2025,official,measured,"ITU ICT Price Baskets, December 2025 release",https://www.itu.int/en/ITU-D/Statistics/Documents/ICT_Prices/ITU_ICTPriceBaskets_2008-2025.xlsx,itu,2025-12-02,2026-10-01,"ITU 2025 retail basket, selected under its representative-operator rules. At least 5 GB; actual allowance may be higher. Historical observation, not a current quote. The 5 GB mobile basket must not be spliced into the older 2 GB series. Connection charges and device costs are not added to this monthly figure.","ITU 2025 retail basket, selected under its representative-operator rules. At least 5 GB; actual allowance may be higher. Historical observation, not a current quote. The 5 GB mobile basket must not be spliced into the older 2 GB series. Connection charges and device costs are not added to this monthly figure.","{""allowance_gb"": 12, ""metadata_source_id"": ""itu-detail"", ""operator"": ""Orange Cote d'Ivoire"", ""operator_notes"": """", ""source_cell"": ""economies_2008-2025!AB1693"", ""source_code"": ""i271mb_5GB$"", ""source_value"": 6.42, ""tax_rate_as_published"": 18, ""technology"": ""UMTS & LTE""}",False
cost-mobile-usd-2025,costs,access,Mobile data basket (5 GB minimum),COD,COD,Democratic Republic of the Congo,10.0,USD per month,available,2025,official,measured,"ITU ICT Price Baskets, December 2025 release",https://www.itu.int/en/ITU-D/Statistics/Documents/ICT_Prices/ITU_ICTPriceBaskets_2008-2025.xlsx,itu,2025-12-02,2026-10-01,"ITU 2025 retail basket, selected under its representative-operator rules. At least 5 GB; actual allowance may be higher. Historical observation, not a current quote. The 5 GB mobile basket must not be spliced into the older 2 GB series. Connection charges and device costs are not added to this monthly figure.","ITU 2025 retail basket, selected under its representative-operator rules. At least 5 GB; actual allowance may be higher. Historical observation, not a current quote. The 5 GB mobile basket must not be spliced into the older 2 GB series. Connection charges and device costs are not added to this monthly figure.","{""allowance_gb"": 10, ""metadata_source_id"": ""itu-detail"", ""operator"": ""Vodacom"", ""operator_notes"": """", ""source_cell"": ""economies_2008-2025!AB1783"", ""source_code"": ""i271mb_5GB$"", ""source_value"": 10, ""tax_rate_as_published"": 26, ""technology"": ""3G""}",False
cost-mobile-usd-2025,costs,access,Mobile data basket (5 GB minimum),DJI,DJI,Djibouti,16.88,USD per month,available,2025,official,measured,"ITU ICT Price Baskets, December 2025 release",https://www.itu.int/en/ITU-D/Statistics/Documents/ICT_Prices/ITU_ICTPriceBaskets_2008-2025.xlsx,itu,2025-12-02,2026-10-01,"ITU 2025 retail basket, selected under its representative-operator rules. At least 5 GB; actual allowance may be higher. Historical observation, not a current quote. The 5 GB mobile basket must not be spliced into the older 2 GB series. Connection charges and device costs are not added to this monthly figure.","ITU 2025 retail basket, selected under its representative-operator rules. At least 5 GB; actual allowance may be higher. Historical observation, not a current quote. The 5 GB mobile basket must not be spliced into the older 2 GB series. Connection charges and device costs are not added to this monthly figure.","{""allowance_gb"": 20, ""metadata_source_id"": ""itu-detail"", ""operator"": ""Djibouti Telecom"", ""operator_notes"": """", ""source_cell"": ""economies_2008-2025!AB2368"", ""source_code"": ""i271mb_5GB$"", ""source_value"": 16.88, ""tax_rate_as_published"": 10, ""technology"": ""4G""}",False
cost-mobile-usd-2025,costs,access,Mobile data basket (5 GB minimum),EGY,EGY,Egypt,2.97,USD per month,available,2025,official,measured,"ITU ICT Price Baskets, December 2025 release",https://www.itu.int/en/ITU-D/Statistics/Documents/ICT_Prices/ITU_ICTPriceBaskets_2008-2025.xlsx,itu,2025-12-02,2026-10-01,"ITU 2025 retail basket, selected under its representative-operator rules. At least 5 GB; actual allowance may be higher. Historical observation, not a current quote. The 5 GB mobile basket must not be spliced into the older 2 GB series. Connection charges and device costs are not added to this monthly figure.","ITU 2025 retail basket, selected under its representative-operator rules. At least 5 GB; actual allowance may be higher. Historical observation, not a current quote. The 5 GB mobile basket must not be spliced into the older 2 GB series. Connection charges and device costs are not added to this monthly figure.","{""allowance_gb"": 6, ""metadata_source_id"": ""itu-detail"", ""operator"": ""Vodafone Egypt"", ""operator_notes"": ""This includes (22%) tax rate and administrative fee.\n"", ""source_cell"": ""economies_2008-2025!AB2638"", ""source_code"": ""i271mb_5GB$"", ""source_value"": 2.97, ""tax_rate_as_published"": 42.86000061035156, ""technology"": ""2G, 3G, 4G""}",False
cost-mobile-usd-2025,costs,access,Mobile data basket (5 GB minimum),GNQ,GNQ,Equatorial Guinea,,USD per month,no_information_in_source,2025,official,measured,"ITU ICT Price Baskets, December 2025 release",https://www.itu.int/en/ITU-D/Statistics/Documents/ICT_Prices/ITU_ICTPriceBaskets_2008-2025.xlsx,itu,2025-12-02,2026-10-01,"ITU 2025 retail basket, selected under its representative-operator rules. At least 5 GB; actual allowance may be higher. Historical observation, not a current quote. The 5 GB mobile basket must not be spliced into the older 2 GB series. Connection charges and device costs are not added to this monthly figure.",No information in the ITU 2025 basket cell; no prior year substituted.,"{""metadata_source_id"": ""itu-detail"", ""source_cell"": ""economies_2008-2025!AB3493"", ""source_code"": ""i271mb_5GB$"", ""source_value"": ""NA""}",False
cost-mobile-usd-2025,costs,access,Mobile data basket (5 GB minimum),ERI,ERI,Eritrea,,USD per month,no_information_in_source,2025,official,measured,"ITU ICT Price Baskets, December 2025 release",https://www.itu.int/en/ITU-D/Statistics/Documents/ICT_Prices/ITU_ICTPriceBaskets_2008-2025.xlsx,itu,2025-12-02,2026-10-01,"ITU 2025 retail basket, selected under its representative-operator rules. At least 5 GB; actual allowance may be higher. Historical observation, not a current quote. The 5 GB mobile basket must not be spliced into the older 2 GB series. Connection charges and device costs are not added to this monthly figure.",No information in the ITU 2025 basket cell; no prior year substituted.,"{""metadata_source_id"": ""itu-detail"", ""source_cell"": ""economies_2008-2025!AB2683"", ""source_code"": ""i271mb_5GB$"", ""source_value"": ""NA""}",False
cost-mobile-usd-2025,costs,access,Mobile data basket (5 GB minimum),SWZ,SWZ,Eswatini,13.51,USD per month,available,2025,official,measured,"ITU ICT Price Baskets, December 2025 release",https://www.itu.int/en/ITU-D/Statistics/Documents/ICT_Prices/ITU_ICTPriceBaskets_2008-2025.xlsx,itu,2025-12-02,2026-10-01,"ITU 2025 retail basket, selected under its representative-operator rules. At least 5 GB; actual allowance may be higher. Historical observation, not a current quote. The 5 GB mobile basket must not be spliced into the older 2 GB series. Connection charges and device costs are not added to this monthly figure.","ITU 2025 retail basket, selected under its representative-operator rules. At least 5 GB; actual allowance may be higher. Historical observation, not a current quote. The 5 GB mobile basket must not be spliced into the older 2 GB series. Connection charges and device costs are not added to this monthly figure.","{""allowance_gb"": 7, ""metadata_source_id"": ""itu-detail"", ""operator"": ""MTN"", ""operator_notes"": ""Plan is bundled with 300 on-net minutes, 50 off-net minutes and 100 SMS."", ""source_cell"": ""economies_2008-2025!AB8353"", ""source_code"": ""i271mb_5GB$"", ""source_value"": 13.51, ""tax_rate_as_published"": 15, ""technology"": ""3G/4G""}",False
cost-mobile-usd-2025,costs,access,Mobile data basket (5 GB minimum),ETH,ETH,Ethiopia,2.13,USD per month,available,2025,official,measured,"ITU ICT Price Baskets, December 2025 release",https://www.itu.int/en/ITU-D/Statistics/Documents/ICT_Prices/ITU_ICTPriceBaskets_2008-2025.xlsx,itu,2025-12-02,2026-10-01,"ITU 2025 retail basket, selected under its representative-operator rules. At least 5 GB; actual allowance may be higher. Historical observation, not a current quote. The 5 GB mobile basket must not be spliced into the older 2 GB series. Connection charges and device costs are not added to this monthly figure.","ITU 2025 retail basket, selected under its representative-operator rules. At least 5 GB; actual allowance may be higher. Historical observation, not a current quote. The 5 GB mobile basket must not be spliced into the older 2 GB series. Connection charges and device costs are not added to this monthly figure.","{""allowance_gb"": 5, ""metadata_source_id"": ""itu-detail"", ""operator"": ""Ethio Telecom"", ""operator_notes"": """", ""source_cell"": ""economies_2008-2025!AB2818"", ""source_code"": ""i271mb_5GB$"", ""source_value"": 2.13, ""tax_rate_as_published"": 20, ""technology"": ""UMTS, 4G, LTE""}",False
cost-mobile-usd-2025,costs,access,Mobile data basket (5 GB minimum),GAB,GAB,Gabon,16.04,USD per month,available,2025,official,measured,"ITU ICT Price Baskets, December 2025 release",https://www.itu.int/en/ITU-D/Statistics/Documents/ICT_Prices/ITU_ICTPriceBaskets_2008-2025.xlsx,itu,2025-12-02,2026-10-01,"ITU 2025 retail basket, selected under its representative-operator rules. At least 5 GB; actual allowance may be higher. Historical observation, not a current quote. The 5 GB mobile basket must not be spliced into the older 2 GB series. Connection charges and device costs are not added to this monthly figure.","ITU 2025 retail basket, selected under its representative-operator rules. At least 5 GB; actual allowance may be higher. Historical observation, not a current quote. The 5 GB mobile basket must not be spliced into the older 2 GB series. Connection charges and device costs are not added to this monthly figure.","{""allowance_gb"": 7, ""metadata_source_id"": ""itu-detail"", ""operator"": ""Gabon Telecom/Moov Africa (Maroc Telecom)"", ""operator_notes"": """", ""source_cell"": ""economies_2008-2025!AB3133"", ""source_code"": ""i271mb_5GB$"", ""source_value"": 16.04, ""tax_rate_as_published"": 18, ""technology"": ""4G""}",False
cost-mobile-usd-2025,costs,access,Mobile data basket (5 GB minimum),GMB,GMB,Gambia,6.13,USD per month,available,2025,official,measured,"ITU ICT Price Baskets, December 2025 release",https://www.itu.int/en/ITU-D/Statistics/Documents/ICT_Prices/ITU_ICTPriceBaskets_2008-2025.xlsx,itu,2025-12-02,2026-10-01,"ITU 2025 retail basket, selected under its representative-operator rules. At least 5 GB; actual allowance may be higher. Historical observation, not a current quote. The 5 GB mobile basket must not be spliced into the older 2 GB series. Connection charges and device costs are not added to this monthly figure.","ITU 2025 retail basket, selected under its representative-operator rules. At least 5 GB; actual allowance may be higher. Historical observation, not a current quote. The 5 GB mobile basket must not be spliced into the older 2 GB series. Connection charges and device costs are not added to this monthly figure.","{""allowance_gb"": 5, ""metadata_source_id"": ""itu-detail"", ""operator"": ""Africell"", ""operator_notes"": """", ""source_cell"": ""economies_2008-2025!AB3403"", ""source_code"": ""i271mb_5GB$"", ""source_value"": 6.13, ""tax_rate_as_published"": 21.25, ""technology"": ""4G""}",False
cost-mobile-usd-2025,costs,access,Mobile data basket (5 GB minimum),GHA,GHA,Ghana,5.5,USD per month,available,2025,official,measured,"ITU ICT Price Baskets, December 2025 release",https://www.itu.int/en/ITU-D/Statistics/Documents/ICT_Prices/ITU_ICTPriceBaskets_2008-2025.xlsx,itu,2025-12-02,2026-10-01,"ITU 2025 retail basket, selected under its representative-operator rules. At least 5 GB; actual allowance may be higher. Historical observation, not a current quote. The 5 GB mobile basket must not be spliced into the older 2 GB series. Connection charges and device costs are not added to this monthly figure.","ITU 2025 retail basket, selected under its representative-operator rules. At least 5 GB; actual allowance may be higher. Historical observation, not a current quote. The 5 GB mobile basket must not be spliced into the older 2 GB series. Connection charges and device costs are not added to this monthly figure.","{""allowance_gb"": 5, ""metadata_source_id"": ""itu-detail"", ""operator"": ""MTN GHANA"", ""operator_notes"": """", ""source_cell"": ""economies_2008-2025!AB3268"", ""source_code"": ""i271mb_5GB$"", ""source_value"": 5.5, ""tax_rate_as_published"": 26, ""technology"": ""3G & LTE""}",False
cost-mobile-usd-2025,costs,access,Mobile data basket (5 GB minimum),GIN,GIN,Guinea,6.72,USD per month,available,2025,official,measured,"ITU ICT Price Baskets, December 2025 release",https://www.itu.int/en/ITU-D/Statistics/Documents/ICT_Prices/ITU_ICTPriceBaskets_2008-2025.xlsx,itu,2025-12-02,2026-10-01,"ITU 2025 retail basket, selected under its representative-operator rules. At least 5 GB; actual allowance may be higher. Historical observation, not a current quote. The 5 GB mobile basket must not be spliced into the older 2 GB series. Connection charges and device costs are not added to this monthly figure.","ITU 2025 retail basket, selected under its representative-operator rules. At least 5 GB; actual allowance may be higher. Historical observation, not a current quote. The 5 GB mobile basket must not be spliced into the older 2 GB series. Connection charges and device costs are not added to this monthly figure.","{""allowance_gb"": 5, ""metadata_source_id"": ""itu-detail"", ""operator"": ""Orange Guinea"", ""operator_notes"": """", ""source_cell"": ""economies_2008-2025!AB3358"", ""source_code"": ""i271mb_5GB$"", ""source_value"": 6.72, ""tax_rate_as_published"": 18, ""technology"": ""3G+, 4G""}",False
cost-mobile-usd-2025,costs,access,Mobile data basket (5 GB minimum),GNB,GNB,Guinea-Bissau,8.02,USD per month,available,2025,official,measured,"ITU ICT Price Baskets, December 2025 release",https://www.itu.int/en/ITU-D/Statistics/Documents/ICT_Prices/ITU_ICTPriceBaskets_2008-2025.xlsx,itu,2025-12-02,2026-10-01,"ITU 2025 retail basket, selected under its representative-operator rules. At least 5 GB; actual allowance may be higher. Historical observation, not a current quote. The 5 GB mobile basket must not be spliced into the older 2 GB series. Connection charges and device costs are not added to this monthly figure.","ITU 2025 retail basket, selected under its representative-operator rules. At least 5 GB; actual allowance may be higher. Historical observation, not a current quote. The 5 GB mobile basket must not be spliced into the older 2 GB series. Connection charges and device costs are not added to this monthly figure.","{""allowance_gb"": 8, ""metadata_source_id"": ""itu-detail"", ""operator"": ""Orange (Sonatel)"", ""operator_notes"": null, ""source_cell"": ""economies_2008-2025!AB3448"", ""source_code"": ""i271mb_5GB$"", ""source_value"": 8.02, ""tax_rate_as_published"": 19, ""technology"": ""3G&4G""}",False
cost-mobile-usd-2025,costs,access,Mobile data basket (5 GB minimum),KEN,KEN,Kenya,7.73,USD per month,available,2025,official,measured,"ITU ICT Price Baskets, December 2025 release",https://www.itu.int/en/ITU-D/Statistics/Documents/ICT_Prices/ITU_ICTPriceBaskets_2008-2025.xlsx,itu,2025-12-02,2026-10-01,"ITU 2025 retail basket, selected under its representative-operator rules. At least 5 GB; actual allowance may be higher. Historical observation, not a current quote. The 5 GB mobile basket must not be spliced into the older 2 GB series. Connection charges and device costs are not added to this monthly figure.","ITU 2025 retail basket, selected under its representative-operator rules. At least 5 GB; actual allowance may be higher. Historical observation, not a current quote. The 5 GB mobile basket must not be spliced into the older 2 GB series. Connection charges and device costs are not added to this monthly figure.","{""allowance_gb"": 5, ""metadata_source_id"": ""itu-detail"", ""operator"": ""Safaricom"", ""operator_notes"": """", ""source_cell"": ""economies_2008-2025!AB4618"", ""source_code"": ""i271mb_5GB$"", ""source_value"": 7.73, ""tax_rate_as_published"": 31, ""technology"": ""UMTS, LTE, 5G""}",False
cost-mobile-usd-2025,costs,access,Mobile data basket (5 GB minimum),LSO,LSO,Lesotho,8.0,USD per month,available,2025,official,measured,"ITU ICT Price Baskets, December 2025 release",https://www.itu.int/en/ITU-D/Statistics/Documents/ICT_Prices/ITU_ICTPriceBaskets_2008-2025.xlsx,itu,2025-12-02,2026-10-01,"ITU 2025 retail basket, selected under its representative-operator rules. At least 5 GB; actual allowance may be higher. Historical observation, not a current quote. The 5 GB mobile basket must not be spliced into the older 2 GB series. Connection charges and device costs are not added to this monthly figure.","ITU 2025 retail basket, selected under its representative-operator rules. At least 5 GB; actual allowance may be higher. Historical observation, not a current quote. The 5 GB mobile basket must not be spliced into the older 2 GB series. Connection charges and device costs are not added to this monthly figure.","{""allowance_gb"": 6, ""metadata_source_id"": ""itu-detail"", ""operator"": ""Vodacom Lesotho"", ""operator_notes"": """", ""source_cell"": ""economies_2008-2025!AB5248"", ""source_code"": ""i271mb_5GB$"", ""source_value"": 8, ""tax_rate_as_published"": 15, ""technology"": ""3G/LTE""}",False
cost-mobile-usd-2025,costs,access,Mobile data basket (5 GB minimum),LBR,LBR,Liberia,8.0,USD per month,available,2025,official,measured,"ITU ICT Price Baskets, December 2025 release",https://www.itu.int/en/ITU-D/Statistics/Documents/ICT_Prices/ITU_ICTPriceBaskets_2008-2025.xlsx,itu,2025-12-02,2026-10-01,"ITU 2025 retail basket, selected under its representative-operator rules. At least 5 GB; actual allowance may be higher. Historical observation, not a current quote. The 5 GB mobile basket must not be spliced into the older 2 GB series. Connection charges and device costs are not added to this monthly figure.","ITU 2025 retail basket, selected under its representative-operator rules. At least 5 GB; actual allowance may be higher. Historical observation, not a current quote. The 5 GB mobile basket must not be spliced into the older 2 GB series. Connection charges and device costs are not added to this monthly figure.","{""allowance_gb"": 7.2, ""metadata_source_id"": ""itu-detail"", ""operator"": ""Orange"", ""operator_notes"": """", ""source_cell"": ""economies_2008-2025!AB5023"", ""source_code"": ""i271mb_5GB$"", ""source_value"": 8, ""tax_rate_as_published"": 15, ""technology"": ""LTE""}",False
cost-mobile-usd-2025,costs,access,Mobile data basket (5 GB minimum),LBY,LBY,Libya,2.04,USD per month,available,2025,official,measured,"ITU ICT Price Baskets, December 2025 release",https://www.itu.int/en/ITU-D/Statistics/Documents/ICT_Prices/ITU_ICTPriceBaskets_2008-2025.xlsx,itu,2025-12-02,2026-10-01,"ITU 2025 retail basket, selected under its representative-operator rules. At least 5 GB; actual allowance may be higher. Historical observation, not a current quote. The 5 GB mobile basket must not be spliced into the older 2 GB series. Connection charges and device costs are not added to this monthly figure.","ITU 2025 retail basket, selected under its representative-operator rules. At least 5 GB; actual allowance may be higher. Historical observation, not a current quote. The 5 GB mobile basket must not be spliced into the older 2 GB series. Connection charges and device costs are not added to this monthly figure.","{""allowance_gb"": 5, ""metadata_source_id"": ""itu-detail"", ""operator"": ""Libyana"", ""operator_notes"": """", ""source_cell"": ""economies_2008-2025!AB5068"", ""source_code"": ""i271mb_5GB$"", ""source_value"": 2.04, ""tax_rate_as_published"": 0, ""technology"": ""4G""}",False
cost-mobile-usd-2025,costs,access,Mobile data basket (5 GB minimum),MDG,MDG,Madagascar,5.34,USD per month,available,2025,official,measured,"ITU ICT Price Baskets, December 2025 release",https://www.itu.int/en/ITU-D/Statistics/Documents/ICT_Prices/ITU_ICTPriceBaskets_2008-2025.xlsx,itu,2025-12-02,2026-10-01,"ITU 2025 retail basket, selected under its representative-operator rules. At least 5 GB; actual allowance may be higher. Historical observation, not a current quote. The 5 GB mobile basket must not be spliced into the older 2 GB series. Connection charges and device costs are not added to this monthly figure.","ITU 2025 retail basket, selected under its representative-operator rules. At least 5 GB; actual allowance may be higher. Historical observation, not a current quote. The 5 GB mobile basket must not be spliced into the older 2 GB series. Connection charges and device costs are not added to this monthly figure.","{""allowance_gb"": 5, ""metadata_source_id"": ""itu-detail"", ""operator"": ""Yas Madagascar"", ""operator_notes"": """", ""source_cell"": ""economies_2008-2025!AB5608"", ""source_code"": ""i271mb_5GB$"", ""source_value"": 5.34, ""tax_rate_as_published"": 20, ""technology"": ""4G & 5G""}",False
cost-mobile-usd-2025,costs,access,Mobile data basket (5 GB minimum),MWI,MWI,Malawi,3.43,USD per month,available,2025,official,measured,"ITU ICT Price Baskets, December 2025 release",https://www.itu.int/en/ITU-D/Statistics/Documents/ICT_Prices/ITU_ICTPriceBaskets_2008-2025.xlsx,itu,2025-12-02,2026-10-01,"ITU 2025 retail basket, selected under its representative-operator rules. At least 5 GB; actual allowance may be higher. Historical observation, not a current quote. The 5 GB mobile basket must not be spliced into the older 2 GB series. Connection charges and device costs are not added to this monthly figure.","ITU 2025 retail basket, selected under its representative-operator rules. At least 5 GB; actual allowance may be higher. Historical observation, not a current quote. The 5 GB mobile basket must not be spliced into the older 2 GB series. Connection charges and device costs are not added to this monthly figure.","{""allowance_gb"": 10.4, ""metadata_source_id"": ""itu-detail"", ""operator"": ""Airtel Malawi"", ""operator_notes"": """", ""source_cell"": ""economies_2008-2025!AB6238"", ""source_code"": ""i271mb_5GB$"", ""source_value"": 3.43, ""tax_rate_as_published"": 26.5, ""technology"": ""3G, LTE""}",False
cost-mobile-usd-2025,costs,access,Mobile data basket (5 GB minimum),MLI,MLI,Mali,8.02,USD per month,available,2025,official,measured,"ITU ICT Price Baskets, December 2025 release",https://www.itu.int/en/ITU-D/Statistics/Documents/ICT_Prices/ITU_ICTPriceBaskets_2008-2025.xlsx,itu,2025-12-02,2026-10-01,"ITU 2025 retail basket, selected under its representative-operator rules. At least 5 GB; actual allowance may be higher. Historical observation, not a current quote. The 5 GB mobile basket must not be spliced into the older 2 GB series. Connection charges and device costs are not added to this monthly figure.","ITU 2025 retail basket, selected under its representative-operator rules. At least 5 GB; actual allowance may be higher. Historical observation, not a current quote. The 5 GB mobile basket must not be spliced into the older 2 GB series. Connection charges and device costs are not added to this monthly figure.","{""allowance_gb"": 8, ""metadata_source_id"": ""itu-detail"", ""operator"": ""Orange Mali"", ""operator_notes"": """", ""source_cell"": ""economies_2008-2025!AB5833"", ""source_code"": ""i271mb_5GB$"", ""source_value"": 8.02, ""tax_rate_as_published"": 18, ""technology"": ""LTE""}",False
cost-mobile-usd-2025,costs,access,Mobile data basket (5 GB minimum),MRT,MRT,Mauritania,5.02,USD per month,available,2025,official,measured,"ITU ICT Price Baskets, December 2025 release",https://www.itu.int/en/ITU-D/Statistics/Documents/ICT_Prices/ITU_ICTPriceBaskets_2008-2025.xlsx,itu,2025-12-02,2026-10-01,"ITU 2025 retail basket, selected under its representative-operator rules. At least 5 GB; actual allowance may be higher. Historical observation, not a current quote. The 5 GB mobile basket must not be spliced into the older 2 GB series. Connection charges and device costs are not added to this monthly figure.","ITU 2025 retail basket, selected under its representative-operator rules. At least 5 GB; actual allowance may be higher. Historical observation, not a current quote. The 5 GB mobile basket must not be spliced into the older 2 GB series. Connection charges and device costs are not added to this monthly figure.","{""allowance_gb"": 6, ""metadata_source_id"": ""itu-detail"", ""operator"": ""Mauritel"", ""operator_notes"": """", ""source_cell"": ""economies_2008-2025!AB6148"", ""source_code"": ""i271mb_5GB$"", ""source_value"": 5.02, ""tax_rate_as_published"": 18, ""technology"": ""3G/4G""}",False
cost-mobile-usd-2025,costs,access,Mobile data basket (5 GB minimum),MUS,MUS,Mauritius,5.89,USD per month,available,2025,official,measured,"ITU ICT Price Baskets, December 2025 release",https://www.itu.int/en/ITU-D/Statistics/Documents/ICT_Prices/ITU_ICTPriceBaskets_2008-2025.xlsx,itu,2025-12-02,2026-10-01,"ITU 2025 retail basket, selected under its representative-operator rules. At least 5 GB; actual allowance may be higher. Historical observation, not a current quote. The 5 GB mobile basket must not be spliced into the older 2 GB series. Connection charges and device costs are not added to this monthly figure.","ITU 2025 retail basket, selected under its representative-operator rules. At least 5 GB; actual allowance may be higher. Historical observation, not a current quote. The 5 GB mobile basket must not be spliced into the older 2 GB series. Connection charges and device costs are not added to this monthly figure.","{""allowance_gb"": 200, ""metadata_source_id"": ""itu-detail"", ""operator"": ""Cellplus Mobile Communications Ltd (my.t)"", ""operator_notes"": ""VAT is already deducted when consumer purchases airtime. Therefore when calls, SMS or data packs are purchased, VAT of 15% is not levied again on the approved tariff."", ""source_cell"": ""economies_2008-2025!AB6193"", ""source_code"": ""i271mb_5GB$"", ""source_value"": 5.89, ""tax_rate_as_published"": 15, ""technology"": ""3G, 4G, 5G""}",False
cost-mobile-usd-2025,costs,access,Mobile data basket (5 GB minimum),MAR,MAR,Morocco,4.95,USD per month,available,2025,official,measured,"ITU ICT Price Baskets, December 2025 release",https://www.itu.int/en/ITU-D/Statistics/Documents/ICT_Prices/ITU_ICTPriceBaskets_2008-2025.xlsx,itu,2025-12-02,2026-10-01,"ITU 2025 retail basket, selected under its representative-operator rules. At least 5 GB; actual allowance may be higher. Historical observation, not a current quote. The 5 GB mobile basket must not be spliced into the older 2 GB series. Connection charges and device costs are not added to this monthly figure.","ITU 2025 retail basket, selected under its representative-operator rules. At least 5 GB; actual allowance may be higher. Historical observation, not a current quote. The 5 GB mobile basket must not be spliced into the older 2 GB series. Connection charges and device costs are not added to this monthly figure.","{""allowance_gb"": 11, ""metadata_source_id"": ""itu-detail"", ""operator"": ""Orange"", ""operator_notes"": null, ""source_cell"": ""economies_2008-2025!AB5473"", ""source_code"": ""i271mb_5GB$"", ""source_value"": 4.95, ""tax_rate_as_published"": 20, ""technology"": ""4G""}",False
cost-mobile-usd-2025,costs,access,Mobile data basket (5 GB minimum),MOZ,MOZ,Mozambique,3.07,USD per month,available,2025,official,measured,"ITU ICT Price Baskets, December 2025 release",https://www.itu.int/en/ITU-D/Statistics/Documents/ICT_Prices/ITU_ICTPriceBaskets_2008-2025.xlsx,itu,2025-12-02,2026-10-01,"ITU 2025 retail basket, selected under its representative-operator rules. At least 5 GB; actual allowance may be higher. Historical observation, not a current quote. The 5 GB mobile basket must not be spliced into the older 2 GB series. Connection charges and device costs are not added to this monthly figure.","ITU 2025 retail basket, selected under its representative-operator rules. At least 5 GB; actual allowance may be higher. Historical observation, not a current quote. The 5 GB mobile basket must not be spliced into the older 2 GB series. Connection charges and device costs are not added to this monthly figure.","{""allowance_gb"": 5.8, ""metadata_source_id"": ""itu-detail"", ""operator"": ""Vodacom Mozambique"", ""operator_notes"": """", ""source_cell"": ""economies_2008-2025!AB6103"", ""source_code"": ""i271mb_5GB$"", ""source_value"": 3.07, ""tax_rate_as_published"": 16, ""technology"": ""LTE & 5G""}",False
cost-mobile-usd-2025,costs,access,Mobile data basket (5 GB minimum),NAM,NAM,Namibia,9.7,USD per month,available,2025,official,measured,"ITU ICT Price Baskets, December 2025 release",https://www.itu.int/en/ITU-D/Statistics/Documents/ICT_Prices/ITU_ICTPriceBaskets_2008-2025.xlsx,itu,2025-12-02,2026-10-01,"ITU 2025 retail basket, selected under its representative-operator rules. At least 5 GB; actual allowance may be higher. Historical observation, not a current quote. The 5 GB mobile basket must not be spliced into the older 2 GB series. Connection charges and device costs are not added to this monthly figure.","ITU 2025 retail basket, selected under its representative-operator rules. At least 5 GB; actual allowance may be higher. Historical observation, not a current quote. The 5 GB mobile basket must not be spliced into the older 2 GB series. Connection charges and device costs are not added to this monthly figure.","{""allowance_gb"": 8, ""metadata_source_id"": ""itu-detail"", ""operator"": ""Mobile Telecommunications Company (MTC)"", ""operator_notes"": null, ""source_cell"": ""economies_2008-2025!AB6328"", ""source_code"": ""i271mb_5GB$"", ""source_value"": 9.7, ""tax_rate_as_published"": 15, ""technology"": ""LTE""}",False
cost-mobile-usd-2025,costs,access,Mobile data basket (5 GB minimum),NER,NER,Niger,8.02,USD per month,available,2025,official,measured,"ITU ICT Price Baskets, December 2025 release",https://www.itu.int/en/ITU-D/Statistics/Documents/ICT_Prices/ITU_ICTPriceBaskets_2008-2025.xlsx,itu,2025-12-02,2026-10-01,"ITU 2025 retail basket, selected under its representative-operator rules. At least 5 GB; actual allowance may be higher. Historical observation, not a current quote. The 5 GB mobile basket must not be spliced into the older 2 GB series. Connection charges and device costs are not added to this monthly figure.","ITU 2025 retail basket, selected under its representative-operator rules. At least 5 GB; actual allowance may be higher. Historical observation, not a current quote. The 5 GB mobile basket must not be spliced into the older 2 GB series. Connection charges and device costs are not added to this monthly figure.","{""allowance_gb"": 5, ""metadata_source_id"": ""itu-detail"", ""operator"": ""Airtel Niger SA (Ex Celtel)"", ""operator_notes"": """", ""source_cell"": ""economies_2008-2025!AB6418"", ""source_code"": ""i271mb_5GB$"", ""source_value"": 8.02, ""tax_rate_as_published"": 19, ""technology"": ""UMTS & LTE""}",False
cost-mobile-usd-2025,costs,access,Mobile data basket (5 GB minimum),NGA,NGA,Nigeria,0.99,USD per month,available,2025,official,measured,"ITU ICT Price Baskets, December 2025 release",https://www.itu.int/en/ITU-D/Statistics/Documents/ICT_Prices/ITU_ICTPriceBaskets_2008-2025.xlsx,itu,2025-12-02,2026-10-01,"ITU 2025 retail basket, selected under its representative-operator rules. At least 5 GB; actual allowance may be higher. Historical observation, not a current quote. The 5 GB mobile basket must not be spliced into the older 2 GB series. Connection charges and device costs are not added to this monthly figure.","ITU 2025 retail basket, selected under its representative-operator rules. At least 5 GB; actual allowance may be higher. Historical observation, not a current quote. The 5 GB mobile basket must not be spliced into the older 2 GB series. Connection charges and device costs are not added to this monthly figure.","{""allowance_gb"": 5, ""metadata_source_id"": ""itu-detail"", ""operator"": ""MTN"", ""operator_notes"": """", ""source_cell"": ""economies_2008-2025!AB6463"", ""source_code"": ""i271mb_5GB$"", ""source_value"": 0.99, ""tax_rate_as_published"": 7.5, ""technology"": ""LTE & 5G""}",False
cost-mobile-usd-2025,costs,access,Mobile data basket (5 GB minimum),COG,COG,Republic of the Congo,10.2,USD per month,available,2025,official,measured,"ITU ICT Price Baskets, December 2025 release",https://www.itu.int/en/ITU-D/Statistics/Documents/ICT_Prices/ITU_ICTPriceBaskets_2008-2025.xlsx,itu,2025-12-02,2026-10-01,"ITU 2025 retail basket, selected under its representative-operator rules. At least 5 GB; actual allowance may be higher. Historical observation, not a current quote. The 5 GB mobile basket must not be spliced into the older 2 GB series. Connection charges and device costs are not added to this monthly figure.","ITU 2025 retail basket, selected under its representative-operator rules. At least 5 GB; actual allowance may be higher. Historical observation, not a current quote. The 5 GB mobile basket must not be spliced into the older 2 GB series. Connection charges and device costs are not added to this monthly figure.","{""allowance_gb"": 5.1, ""metadata_source_id"": ""itu-detail"", ""operator"": ""MTN"", ""operator_notes"": """", ""source_cell"": ""economies_2008-2025!AB1828"", ""source_code"": ""i271mb_5GB$"", ""source_value"": 10.2, ""tax_rate_as_published"": 18.899999618530273, ""technology"": ""LTE""}",False
cost-mobile-usd-2025,costs,access,Mobile data basket (5 GB minimum),RWA,RWA,Rwanda,1.43,USD per month,available,2025,official,measured,"ITU ICT Price Baskets, December 2025 release",https://www.itu.int/en/ITU-D/Statistics/Documents/ICT_Prices/ITU_ICTPriceBaskets_2008-2025.xlsx,itu,2025-12-02,2026-10-01,"ITU 2025 retail basket, selected under its representative-operator rules. At least 5 GB; actual allowance may be higher. Historical observation, not a current quote. The 5 GB mobile basket must not be spliced into the older 2 GB series. Connection charges and device costs are not added to this monthly figure.","ITU 2025 retail basket, selected under its representative-operator rules. At least 5 GB; actual allowance may be higher. Historical observation, not a current quote. The 5 GB mobile basket must not be spliced into the older 2 GB series. Connection charges and device costs are not added to this monthly figure.","{""allowance_gb"": 15, ""metadata_source_id"": ""itu-detail"", ""operator"": ""MTN Rwandacell Plc"", ""operator_notes"": ""Daily limit usage of 500 MB."", ""source_cell"": ""economies_2008-2025!AB7543"", ""source_code"": ""i271mb_5GB$"", ""source_value"": 1.43, ""tax_rate_as_published"": 28, ""technology"": ""UMTS and LTE""}",False
cost-mobile-usd-2025,costs,access,Mobile data basket (5 GB minimum),SEN,SEN,Senegal,6.42,USD per month,available,2025,official,measured,"ITU ICT Price Baskets, December 2025 release",https://www.itu.int/en/ITU-D/Statistics/Documents/ICT_Prices/ITU_ICTPriceBaskets_2008-2025.xlsx,itu,2025-12-02,2026-10-01,"ITU 2025 retail basket, selected under its representative-operator rules. At least 5 GB; actual allowance may be higher. Historical observation, not a current quote. The 5 GB mobile basket must not be spliced into the older 2 GB series. Connection charges and device costs are not added to this monthly figure.","ITU 2025 retail basket, selected under its representative-operator rules. At least 5 GB; actual allowance may be higher. Historical observation, not a current quote. The 5 GB mobile basket must not be spliced into the older 2 GB series. Connection charges and device costs are not added to this monthly figure.","{""allowance_gb"": 8, ""metadata_source_id"": ""itu-detail"", ""operator"": ""Orange"", ""operator_notes"": """", ""source_cell"": ""economies_2008-2025!AB7678"", ""source_code"": ""i271mb_5GB$"", ""source_value"": 6.42, ""tax_rate_as_published"": 23, ""technology"": ""3G/4G""}",False
cost-mobile-usd-2025,costs,access,Mobile data basket (5 GB minimum),SYC,SYC,Seychelles,20.27,USD per month,available,2025,official,measured,"ITU ICT Price Baskets, December 2025 release",https://www.itu.int/en/ITU-D/Statistics/Documents/ICT_Prices/ITU_ICTPriceBaskets_2008-2025.xlsx,itu,2025-12-02,2026-10-01,"ITU 2025 retail basket, selected under its representative-operator rules. At least 5 GB; actual allowance may be higher. Historical observation, not a current quote. The 5 GB mobile basket must not be spliced into the older 2 GB series. Connection charges and device costs are not added to this monthly figure.","ITU 2025 retail basket, selected under its representative-operator rules. At least 5 GB; actual allowance may be higher. Historical observation, not a current quote. The 5 GB mobile basket must not be spliced into the older 2 GB series. Connection charges and device costs are not added to this monthly figure.","{""allowance_gb"": 6.5, ""metadata_source_id"": ""itu-detail"", ""operator"": ""Cable and Wireless (Seychelles) Ltd"", ""operator_notes"": """", ""source_cell"": ""economies_2008-2025!AB8443"", ""source_code"": ""i271mb_5GB$"", ""source_value"": 20.27, ""tax_rate_as_published"": 15, ""technology"": ""4G LTE, 3G UMTS""}",False
cost-mobile-usd-2025,costs,access,Mobile data basket (5 GB minimum),SLE,SLE,Sierra Leone,4.26,USD per month,available,2025,official,measured,"ITU ICT Price Baskets, December 2025 release",https://www.itu.int/en/ITU-D/Statistics/Documents/ICT_Prices/ITU_ICTPriceBaskets_2008-2025.xlsx,itu,2025-12-02,2026-10-01,"ITU 2025 retail basket, selected under its representative-operator rules. At least 5 GB; actual allowance may be higher. Historical observation, not a current quote. The 5 GB mobile basket must not be spliced into the older 2 GB series. Connection charges and device costs are not added to this monthly figure.","ITU 2025 retail basket, selected under its representative-operator rules. At least 5 GB; actual allowance may be higher. Historical observation, not a current quote. The 5 GB mobile basket must not be spliced into the older 2 GB series. Connection charges and device costs are not added to this monthly figure.","{""allowance_gb"": 5, ""metadata_source_id"": ""itu-detail"", ""operator"": ""Africell"", ""operator_notes"": """", ""source_cell"": ""economies_2008-2025!AB7858"", ""source_code"": ""i271mb_5GB$"", ""source_value"": 4.26, ""tax_rate_as_published"": 15, ""technology"": ""4G""}",False
cost-mobile-usd-2025,costs,access,Mobile data basket (5 GB minimum),SOM,SOM,Somalia,2.0,USD per month,available,2025,official,measured,"ITU ICT Price Baskets, December 2025 release",https://www.itu.int/en/ITU-D/Statistics/Documents/ICT_Prices/ITU_ICTPriceBaskets_2008-2025.xlsx,itu,2025-12-02,2026-10-01,"ITU 2025 retail basket, selected under its representative-operator rules. At least 5 GB; actual allowance may be higher. Historical observation, not a current quote. The 5 GB mobile basket must not be spliced into the older 2 GB series. Connection charges and device costs are not added to this monthly figure.","ITU 2025 retail basket, selected under its representative-operator rules. At least 5 GB; actual allowance may be higher. Historical observation, not a current quote. The 5 GB mobile basket must not be spliced into the older 2 GB series. Connection charges and device costs are not added to this monthly figure.","{""allowance_gb"": 5, ""metadata_source_id"": ""itu-detail"", ""operator"": ""Hormuud Telecom "", ""operator_notes"": """", ""source_cell"": ""economies_2008-2025!AB7993"", ""source_code"": ""i271mb_5GB$"", ""source_value"": 2, ""tax_rate_as_published"": 5, ""technology"": ""LTE, 5G""}",False
cost-mobile-usd-2025,costs,access,Mobile data basket (5 GB minimum),ZAF,ZAF,South Africa,6.43,USD per month,available,2025,official,measured,"ITU ICT Price Baskets, December 2025 release",https://www.itu.int/en/ITU-D/Statistics/Documents/ICT_Prices/ITU_ICTPriceBaskets_2008-2025.xlsx,itu,2025-12-02,2026-10-01,"ITU 2025 retail basket, selected under its representative-operator rules. At least 5 GB; actual allowance may be higher. Historical observation, not a current quote. The 5 GB mobile basket must not be spliced into the older 2 GB series. Connection charges and device costs are not added to this monthly figure.","ITU 2025 retail basket, selected under its representative-operator rules. At least 5 GB; actual allowance may be higher. Historical observation, not a current quote. The 5 GB mobile basket must not be spliced into the older 2 GB series. Connection charges and device costs are not added to this monthly figure.","{""allowance_gb"": 5, ""metadata_source_id"": ""itu-detail"", ""operator"": ""Vodacom SA"", ""operator_notes"": """", ""source_cell"": ""economies_2008-2025!AB9838"", ""source_code"": ""i271mb_5GB$"", ""source_value"": 6.43, ""tax_rate_as_published"": 15, ""technology"": ""3G/LTE/5G""}",False
cost-mobile-usd-2025,costs,access,Mobile data basket (5 GB minimum),SSD,SSD,South Sudan,6.07,USD per month,available,2025,official,measured,"ITU ICT Price Baskets, December 2025 release",https://www.itu.int/en/ITU-D/Statistics/Documents/ICT_Prices/ITU_ICTPriceBaskets_2008-2025.xlsx,itu,2025-12-02,2026-10-01,"ITU 2025 retail basket, selected under its representative-operator rules. At least 5 GB; actual allowance may be higher. Historical observation, not a current quote. The 5 GB mobile basket must not be spliced into the older 2 GB series. Connection charges and device costs are not added to this monthly figure.","ITU 2025 retail basket, selected under its representative-operator rules. At least 5 GB; actual allowance may be higher. Historical observation, not a current quote. The 5 GB mobile basket must not be spliced into the older 2 GB series. Connection charges and device costs are not added to this monthly figure.","{""allowance_gb"": 5, ""metadata_source_id"": ""itu-detail"", ""operator"": ""MTN"", ""operator_notes"": """", ""source_cell"": ""economies_2008-2025!AB8083"", ""source_code"": ""i271mb_5GB$"", ""source_value"": 6.07, ""tax_rate_as_published"": 10, ""technology"": ""3G/4G""}",False
cost-mobile-usd-2025,costs,access,Mobile data basket (5 GB minimum),SDN,SDN,Sudan,4.17,USD per month,available,2025,official,measured,"ITU ICT Price Baskets, December 2025 release",https://www.itu.int/en/ITU-D/Statistics/Documents/ICT_Prices/ITU_ICTPriceBaskets_2008-2025.xlsx,itu,2025-12-02,2026-10-01,"ITU 2025 retail basket, selected under its representative-operator rules. At least 5 GB; actual allowance may be higher. Historical observation, not a current quote. The 5 GB mobile basket must not be spliced into the older 2 GB series. Connection charges and device costs are not added to this monthly figure.","ITU 2025 retail basket, selected under its representative-operator rules. At least 5 GB; actual allowance may be higher. Historical observation, not a current quote. The 5 GB mobile basket must not be spliced into the older 2 GB series. Connection charges and device costs are not added to this monthly figure.","{""allowance_gb"": 10, ""metadata_source_id"": ""itu-detail"", ""operator"": ""Zain Sudan"", ""operator_notes"": """", ""source_cell"": ""economies_2008-2025!AB7633"", ""source_code"": ""i271mb_5GB$"", ""source_value"": 4.17, ""tax_rate_as_published"": 30, ""technology"": ""3G & 4G""}",False
cost-mobile-usd-2025,costs,access,Mobile data basket (5 GB minimum),STP,STP,São Tomé and Príncipe,11.75,USD per month,available,2025,official,measured,"ITU ICT Price Baskets, December 2025 release",https://www.itu.int/en/ITU-D/Statistics/Documents/ICT_Prices/ITU_ICTPriceBaskets_2008-2025.xlsx,itu,2025-12-02,2026-10-01,"ITU 2025 retail basket, selected under its representative-operator rules. At least 5 GB; actual allowance may be higher. Historical observation, not a current quote. The 5 GB mobile basket must not be spliced into the older 2 GB series. Connection charges and device costs are not added to this monthly figure.","ITU 2025 retail basket, selected under its representative-operator rules. At least 5 GB; actual allowance may be higher. Historical observation, not a current quote. The 5 GB mobile basket must not be spliced into the older 2 GB series. Connection charges and device costs are not added to this monthly figure.","{""allowance_gb"": 5, ""metadata_source_id"": ""itu-detail"", ""operator"": ""CST"", ""operator_notes"": """", ""source_cell"": ""economies_2008-2025!AB8128"", ""source_code"": ""i271mb_5GB$"", ""source_value"": 11.75, ""tax_rate_as_published"": 15, ""technology"": ""4G""}",False
cost-mobile-usd-2025,costs,access,Mobile data basket (5 GB minimum),TZA,TZA,Tanzania,4.72,USD per month,available,2025,official,measured,"ITU ICT Price Baskets, December 2025 release",https://www.itu.int/en/ITU-D/Statistics/Documents/ICT_Prices/ITU_ICTPriceBaskets_2008-2025.xlsx,itu,2025-12-02,2026-10-01,"ITU 2025 retail basket, selected under its representative-operator rules. At least 5 GB; actual allowance may be higher. Historical observation, not a current quote. The 5 GB mobile basket must not be spliced into the older 2 GB series. Connection charges and device costs are not added to this monthly figure.","ITU 2025 retail basket, selected under its representative-operator rules. At least 5 GB; actual allowance may be higher. Historical observation, not a current quote. The 5 GB mobile basket must not be spliced into the older 2 GB series. Connection charges and device costs are not added to this monthly figure.","{""allowance_gb"": 5.6, ""metadata_source_id"": ""itu-detail"", ""operator"": ""Vodacom Tanzania"", ""operator_notes"": """", ""source_cell"": ""economies_2008-2025!AB9163"", ""source_code"": ""i271mb_5GB$"", ""source_value"": 4.72, ""tax_rate_as_published"": 18, ""technology"": ""4G""}",False
cost-mobile-usd-2025,costs,access,Mobile data basket (5 GB minimum),TGO,TGO,Togo,8.02,USD per month,available,2025,official,measured,"ITU ICT Price Baskets, December 2025 release",https://www.itu.int/en/ITU-D/Statistics/Documents/ICT_Prices/ITU_ICTPriceBaskets_2008-2025.xlsx,itu,2025-12-02,2026-10-01,"ITU 2025 retail basket, selected under its representative-operator rules. At least 5 GB; actual allowance may be higher. Historical observation, not a current quote. The 5 GB mobile basket must not be spliced into the older 2 GB series. Connection charges and device costs are not added to this monthly figure.","ITU 2025 retail basket, selected under its representative-operator rules. At least 5 GB; actual allowance may be higher. Historical observation, not a current quote. The 5 GB mobile basket must not be spliced into the older 2 GB series. Connection charges and device costs are not added to this monthly figure.","{""allowance_gb"": 6, ""metadata_source_id"": ""itu-detail"", ""operator"": ""Togo Cellulaire"", ""operator_notes"": null, ""source_cell"": ""economies_2008-2025!AB8623"", ""source_code"": ""i271mb_5GB$"", ""source_value"": 8.02, ""tax_rate_as_published"": 18, ""technology"": ""4G+""}",False
cost-mobile-usd-2025,costs,access,Mobile data basket (5 GB minimum),TUN,TUN,Tunisia,4.74,USD per month,available,2025,official,measured,"ITU ICT Price Baskets, December 2025 release",https://www.itu.int/en/ITU-D/Statistics/Documents/ICT_Prices/ITU_ICTPriceBaskets_2008-2025.xlsx,itu,2025-12-02,2026-10-01,"ITU 2025 retail basket, selected under its representative-operator rules. At least 5 GB; actual allowance may be higher. Historical observation, not a current quote. The 5 GB mobile basket must not be spliced into the older 2 GB series. Connection charges and device costs are not added to this monthly figure.","ITU 2025 retail basket, selected under its representative-operator rules. At least 5 GB; actual allowance may be higher. Historical observation, not a current quote. The 5 GB mobile basket must not be spliced into the older 2 GB series. Connection charges and device costs are not added to this monthly figure.","{""allowance_gb"": 6, ""metadata_source_id"": ""itu-detail"", ""operator"": ""Ooredoo"", ""operator_notes"": null, ""source_cell"": ""economies_2008-2025!AB8983"", ""source_code"": ""i271mb_5GB$"", ""source_value"": 4.74, ""tax_rate_as_published"": 19, ""technology"": ""3G/4G/5G""}",False
cost-mobile-usd-2025,costs,access,Mobile data basket (5 GB minimum),UGA,UGA,Uganda,5.44,USD per month,available,2025,official,measured,"ITU ICT Price Baskets, December 2025 release",https://www.itu.int/en/ITU-D/Statistics/Documents/ICT_Prices/ITU_ICTPriceBaskets_2008-2025.xlsx,itu,2025-12-02,2026-10-01,"ITU 2025 retail basket, selected under its representative-operator rules. At least 5 GB; actual allowance may be higher. Historical observation, not a current quote. The 5 GB mobile basket must not be spliced into the older 2 GB series. Connection charges and device costs are not added to this monthly figure.","ITU 2025 retail basket, selected under its representative-operator rules. At least 5 GB; actual allowance may be higher. Historical observation, not a current quote. The 5 GB mobile basket must not be spliced into the older 2 GB series. Connection charges and device costs are not added to this monthly figure.","{""allowance_gb"": 7.5, ""metadata_source_id"": ""itu-detail"", ""operator"": ""MTN Uganda"", ""operator_notes"": """", ""source_cell"": ""economies_2008-2025!AB9208"", ""source_code"": ""i271mb_5GB$"", ""source_value"": 5.44, ""tax_rate_as_published"": 30, ""technology"": ""2G, 3G+, 4G""}",False
cost-mobile-usd-2025,costs,access,Mobile data basket (5 GB minimum),ZMB,ZMB,Zambia,2.83,USD per month,available,2025,official,measured,"ITU ICT Price Baskets, December 2025 release",https://www.itu.int/en/ITU-D/Statistics/Documents/ICT_Prices/ITU_ICTPriceBaskets_2008-2025.xlsx,itu,2025-12-02,2026-10-01,"ITU 2025 retail basket, selected under its representative-operator rules. At least 5 GB; actual allowance may be higher. Historical observation, not a current quote. The 5 GB mobile basket must not be spliced into the older 2 GB series. Connection charges and device costs are not added to this monthly figure.","ITU 2025 retail basket, selected under its representative-operator rules. At least 5 GB; actual allowance may be higher. Historical observation, not a current quote. The 5 GB mobile basket must not be spliced into the older 2 GB series. Connection charges and device costs are not added to this monthly figure.","{""allowance_gb"": 6, ""metadata_source_id"": ""itu-detail"", ""operator"": ""Airtel"", ""operator_notes"": """", ""source_cell"": ""economies_2008-2025!AB9883"", ""source_code"": ""i271mb_5GB$"", ""source_value"": 2.83, ""tax_rate_as_published"": 33.5, ""technology"": ""3G & 4G""}",False
cost-mobile-usd-2025,costs,access,Mobile data basket (5 GB minimum),ZWE,ZWE,Zimbabwe,,USD per month,no_information_in_source,2025,official,measured,"ITU ICT Price Baskets, December 2025 release",https://www.itu.int/en/ITU-D/Statistics/Documents/ICT_Prices/ITU_ICTPriceBaskets_2008-2025.xlsx,itu,2025-12-02,2026-10-01,"ITU 2025 retail basket, selected under its representative-operator rules. At least 5 GB; actual allowance may be higher. Historical observation, not a current quote. The 5 GB mobile basket must not be spliced into the older 2 GB series. Connection charges and device costs are not added to this monthly figure.",No information in the ITU 2025 basket cell; no prior year substituted.,"{""allowance_gb"": 5.6, ""metadata_source_id"": ""itu-detail"", ""operator"": ""ECONET"", ""operator_notes"": """", ""source_cell"": ""economies_2008-2025!AB9928"", ""source_code"": ""i271mb_5GB$"", ""source_value"": ""NA"", ""tax_rate_as_published"": 25, ""technology"": ""W-CDMA, LTE, 5G""}",False
cost-mobile-gni-2025,costs,access,Mobile data basket / monthly income,DZA,DZA,Algeria,0.49,% of monthly GNI per capita,available,2025,official,measured,"ITU ICT Price Baskets, December 2025 release",https://www.itu.int/en/ITU-D/Statistics/Documents/ICT_Prices/ITU_ICTPriceBaskets_2008-2025.xlsx,itu,2025-12-02,2026-10-01,"ITU 2025 retail basket, selected under its representative-operator rules. At least 5 GB; actual allowance may be higher. Historical observation, not a current quote. The 5 GB mobile basket must not be spliced into the older 2 GB series. Income ratio uses ITU’s own GNI denominator and release, which can differ from this Observatory’s AI-price income base.","ITU 2025 retail basket, selected under its representative-operator rules. At least 5 GB; actual allowance may be higher. Historical observation, not a current quote. The 5 GB mobile basket must not be spliced into the older 2 GB series. Income ratio uses ITU’s own GNI denominator and release, which can differ from this Observatory’s AI-price income base.","{""allowance_gb"": 5, ""metadata_source_id"": ""itu-detail"", ""operator"": ""Algérie Télécom Mobile \""MOBILIS\"""", ""operator_notes"": ""Zero-rated Facebook and WhatsApp access for 30 days."", ""source_cell"": ""economies_2008-2025!AB2546"", ""source_code"": ""i271mb_5GB_GNI"", ""source_value"": 0.49, ""tax_rate_as_published"": 19, ""technology"": "" 4G""}",False
cost-mobile-gni-2025,costs,access,Mobile data basket / monthly income,AGO,AGO,Angola,3.05,% of monthly GNI per capita,available,2025,official,measured,"ITU ICT Price Baskets, December 2025 release",https://www.itu.int/en/ITU-D/Statistics/Documents/ICT_Prices/ITU_ICTPriceBaskets_2008-2025.xlsx,itu,2025-12-02,2026-10-01,"ITU 2025 retail basket, selected under its representative-operator rules. At least 5 GB; actual allowance may be higher. Historical observation, not a current quote. The 5 GB mobile basket must not be spliced into the older 2 GB series. Income ratio uses ITU’s own GNI denominator and release, which can differ from this Observatory’s AI-price income base.","ITU 2025 retail basket, selected under its representative-operator rules. At least 5 GB; actual allowance may be higher. Historical observation, not a current quote. The 5 GB mobile basket must not be spliced into the older 2 GB series. Income ratio uses ITU’s own GNI denominator and release, which can differ from this Observatory’s AI-price income base.","{""allowance_gb"": 6, ""metadata_source_id"": ""itu-detail"", ""operator"": ""Unitel"", ""operator_notes"": """", ""source_cell"": ""economies_2008-2025!AB116"", ""source_code"": ""i271mb_5GB_GNI"", ""source_value"": 3.05, ""tax_rate_as_published"": 14, ""technology"": ""2G& 3G & 4G & 5G""}",False
cost-mobile-gni-2025,costs,access,Mobile data basket / monthly income,BEN,BEN,Benin,6.89,% of monthly GNI per capita,available,2025,official,measured,"ITU ICT Price Baskets, December 2025 release",https://www.itu.int/en/ITU-D/Statistics/Documents/ICT_Prices/ITU_ICTPriceBaskets_2008-2025.xlsx,itu,2025-12-02,2026-10-01,"ITU 2025 retail basket, selected under its representative-operator rules. At least 5 GB; actual allowance may be higher. Historical observation, not a current quote. The 5 GB mobile basket must not be spliced into the older 2 GB series. Income ratio uses ITU’s own GNI denominator and release, which can differ from this Observatory’s AI-price income base.","ITU 2025 retail basket, selected under its representative-operator rules. At least 5 GB; actual allowance may be higher. Historical observation, not a current quote. The 5 GB mobile basket must not be spliced into the older 2 GB series. Income ratio uses ITU’s own GNI denominator and release, which can differ from this Observatory’s AI-price income base.","{""allowance_gb"": 5, ""metadata_source_id"": ""itu-detail"", ""operator"": ""SPACETEL BENIN (MTN)"", ""operator_notes"": """", ""source_cell"": ""economies_2008-2025!AB746"", ""source_code"": ""i271mb_5GB_GNI"", ""source_value"": 6.89, ""tax_rate_as_published"": 18, ""technology"": ""2G&3G&4G&5G""}",False
cost-mobile-gni-2025,costs,access,Mobile data basket / monthly income,BWA,BWA,Botswana,1.38,% of monthly GNI per capita,available,2025,official,measured,"ITU ICT Price Baskets, December 2025 release",https://www.itu.int/en/ITU-D/Statistics/Documents/ICT_Prices/ITU_ICTPriceBaskets_2008-2025.xlsx,itu,2025-12-02,2026-10-01,"ITU 2025 retail basket, selected under its representative-operator rules. At least 5 GB; actual allowance may be higher. Historical observation, not a current quote. The 5 GB mobile basket must not be spliced into the older 2 GB series. Income ratio uses ITU’s own GNI denominator and release, which can differ from this Observatory’s AI-price income base.","ITU 2025 retail basket, selected under its representative-operator rules. At least 5 GB; actual allowance may be higher. Historical observation, not a current quote. The 5 GB mobile basket must not be spliced into the older 2 GB series. Income ratio uses ITU’s own GNI denominator and release, which can differ from this Observatory’s AI-price income base.","{""allowance_gb"": 6.5, ""metadata_source_id"": ""itu-detail"", ""operator"": ""Mascom"", ""operator_notes"": """", ""source_cell"": ""economies_2008-2025!AB1421"", ""source_code"": ""i271mb_5GB_GNI"", ""source_value"": 1.38, ""tax_rate_as_published"": 14, ""technology"": ""2G&3G&4G&5G""}",False
cost-mobile-gni-2025,costs,access,Mobile data basket / monthly income,BFA,BFA,Burkina Faso,8.8,% of monthly GNI per capita,available,2025,official,measured,"ITU ICT Price Baskets, December 2025 release",https://www.itu.int/en/ITU-D/Statistics/Documents/ICT_Prices/ITU_ICTPriceBaskets_2008-2025.xlsx,itu,2025-12-02,2026-10-01,"ITU 2025 retail basket, selected under its representative-operator rules. At least 5 GB; actual allowance may be higher. Historical observation, not a current quote. The 5 GB mobile basket must not be spliced into the older 2 GB series. Income ratio uses ITU’s own GNI denominator and release, which can differ from this Observatory’s AI-price income base.","ITU 2025 retail basket, selected under its representative-operator rules. At least 5 GB; actual allowance may be higher. Historical observation, not a current quote. The 5 GB mobile basket must not be spliced into the older 2 GB series. Income ratio uses ITU’s own GNI denominator and release, which can differ from this Observatory’s AI-price income base.","{""allowance_gb"": 8, ""metadata_source_id"": ""itu-detail"", ""operator"": ""ORANGE BURKINA FASO SA"", ""operator_notes"": """", ""source_cell"": ""economies_2008-2025!AB791"", ""source_code"": ""i271mb_5GB_GNI"", ""source_value"": 8.8, ""tax_rate_as_published"": 18, ""technology"": ""4G+""}",False
cost-mobile-gni-2025,costs,access,Mobile data basket / monthly income,BDI,BDI,Burundi,25.18,% of monthly GNI per capita,available,2025,official,measured,"ITU ICT Price Baskets, December 2025 release",https://www.itu.int/en/ITU-D/Statistics/Documents/ICT_Prices/ITU_ICTPriceBaskets_2008-2025.xlsx,itu,2025-12-02,2026-10-01,"ITU 2025 retail basket, selected under its representative-operator rules. At least 5 GB; actual allowance may be higher. Historical observation, not a current quote. The 5 GB mobile basket must not be spliced into the older 2 GB series. Income ratio uses ITU’s own GNI denominator and release, which can differ from this Observatory’s AI-price income base.","ITU 2025 retail basket, selected under its representative-operator rules. At least 5 GB; actual allowance may be higher. Historical observation, not a current quote. The 5 GB mobile basket must not be spliced into the older 2 GB series. Income ratio uses ITU’s own GNI denominator and release, which can differ from this Observatory’s AI-price income base.","{""allowance_gb"": 5, ""metadata_source_id"": ""itu-detail"", ""operator"": ""Econet Leo"", ""operator_notes"": """", ""source_cell"": ""economies_2008-2025!AB656"", ""source_code"": ""i271mb_5GB_GNI"", ""source_value"": 25.18, ""tax_rate_as_published"": 18, ""technology"": ""3G""}",False
cost-mobile-gni-2025,costs,access,Mobile data basket / monthly income,CPV,CPV,Cabo Verde,1.59,% of monthly GNI per capita,available,2025,official,measured,"ITU ICT Price Baskets, December 2025 release",https://www.itu.int/en/ITU-D/Statistics/Documents/ICT_Prices/ITU_ICTPriceBaskets_2008-2025.xlsx,itu,2025-12-02,2026-10-01,"ITU 2025 retail basket, selected under its representative-operator rules. At least 5 GB; actual allowance may be higher. Historical observation, not a current quote. The 5 GB mobile basket must not be spliced into the older 2 GB series. Income ratio uses ITU’s own GNI denominator and release, which can differ from this Observatory’s AI-price income base.","ITU 2025 retail basket, selected under its representative-operator rules. At least 5 GB; actual allowance may be higher. Historical observation, not a current quote. The 5 GB mobile basket must not be spliced into the older 2 GB series. Income ratio uses ITU’s own GNI denominator and release, which can differ from this Observatory’s AI-price income base.","{""allowance_gb"": 5, ""metadata_source_id"": ""itu-detail"", ""operator"": ""CVTelecom"", ""operator_notes"": """", ""source_cell"": ""economies_2008-2025!AB2006"", ""source_code"": ""i271mb_5GB_GNI"", ""source_value"": 1.59, ""tax_rate_as_published"": 15, ""technology"": ""3G""}",False
cost-mobile-gni-2025,costs,access,Mobile data basket / monthly income,CMR,CMR,Cameroon,5.72,% of monthly GNI per capita,available,2025,official,measured,"ITU ICT Price Baskets, December 2025 release",https://www.itu.int/en/ITU-D/Statistics/Documents/ICT_Prices/ITU_ICTPriceBaskets_2008-2025.xlsx,itu,2025-12-02,2026-10-01,"ITU 2025 retail basket, selected under its representative-operator rules. At least 5 GB; actual allowance may be higher. Historical observation, not a current quote. The 5 GB mobile basket must not be spliced into the older 2 GB series. Income ratio uses ITU’s own GNI denominator and release, which can differ from this Observatory’s AI-price income base.","ITU 2025 retail basket, selected under its representative-operator rules. At least 5 GB; actual allowance may be higher. Historical observation, not a current quote. The 5 GB mobile basket must not be spliced into the older 2 GB series. Income ratio uses ITU’s own GNI denominator and release, which can differ from this Observatory’s AI-price income base.","{""allowance_gb"": 5, ""metadata_source_id"": ""itu-detail"", ""operator"": ""ORANGE Cameroun"", ""operator_notes"": null, ""source_cell"": ""economies_2008-2025!AB1736"", ""source_code"": ""i271mb_5GB_GNI"", ""source_value"": 5.72, ""tax_rate_as_published"": 2, ""technology"": ""LTE""}",False
cost-mobile-gni-2025,costs,access,Mobile data basket / monthly income,CAF,CAF,Central African Republic,53.67,% of monthly GNI per capita,available,2025,official,measured,"ITU ICT Price Baskets, December 2025 release",https://www.itu.int/en/ITU-D/Statistics/Documents/ICT_Prices/ITU_ICTPriceBaskets_2008-2025.xlsx,itu,2025-12-02,2026-10-01,"ITU 2025 retail basket, selected under its representative-operator rules. At least 5 GB; actual allowance may be higher. Historical observation, not a current quote. The 5 GB mobile basket must not be spliced into the older 2 GB series. Income ratio uses ITU’s own GNI denominator and release, which can differ from this Observatory’s AI-price income base.","ITU 2025 retail basket, selected under its representative-operator rules. At least 5 GB; actual allowance may be higher. Historical observation, not a current quote. The 5 GB mobile basket must not be spliced into the older 2 GB series. Income ratio uses ITU’s own GNI denominator and release, which can differ from this Observatory’s AI-price income base.","{""allowance_gb"": 5.6, ""metadata_source_id"": ""itu-detail"", ""operator"": ""Orange"", ""operator_notes"": """", ""source_cell"": ""economies_2008-2025!AB1466"", ""source_code"": ""i271mb_5GB_GNI"", ""source_value"": 53.67, ""tax_rate_as_published"": 19, ""technology"": ""3G+""}",False
cost-mobile-gni-2025,costs,access,Mobile data basket / monthly income,TCD,TCD,Chad,11.81,% of monthly GNI per capita,available,2025,official,measured,"ITU ICT Price Baskets, December 2025 release",https://www.itu.int/en/ITU-D/Statistics/Documents/ICT_Prices/ITU_ICTPriceBaskets_2008-2025.xlsx,itu,2025-12-02,2026-10-01,"ITU 2025 retail basket, selected under its representative-operator rules. At least 5 GB; actual allowance may be higher. Historical observation, not a current quote. The 5 GB mobile basket must not be spliced into the older 2 GB series. Income ratio uses ITU’s own GNI denominator and release, which can differ from this Observatory’s AI-price income base.","ITU 2025 retail basket, selected under its representative-operator rules. At least 5 GB; actual allowance may be higher. Historical observation, not a current quote. The 5 GB mobile basket must not be spliced into the older 2 GB series. Income ratio uses ITU’s own GNI denominator and release, which can differ from this Observatory’s AI-price income base.","{""allowance_gb"": 6, ""metadata_source_id"": ""itu-detail"", ""operator"": ""Airtel"", ""operator_notes"": """", ""source_cell"": ""economies_2008-2025!AB8576"", ""source_code"": ""i271mb_5GB_GNI"", ""source_value"": 11.81, ""tax_rate_as_published"": 18, ""technology"": ""2G/3G/4G LTE""}",False
cost-mobile-gni-2025,costs,access,Mobile data basket / monthly income,COM,COM,Comoros,7.36,% of monthly GNI per capita,available,2025,official,measured,"ITU ICT Price Baskets, December 2025 release",https://www.itu.int/en/ITU-D/Statistics/Documents/ICT_Prices/ITU_ICTPriceBaskets_2008-2025.xlsx,itu,2025-12-02,2026-10-01,"ITU 2025 retail basket, selected under its representative-operator rules. At least 5 GB; actual allowance may be higher. Historical observation, not a current quote. The 5 GB mobile basket must not be spliced into the older 2 GB series. Income ratio uses ITU’s own GNI denominator and release, which can differ from this Observatory’s AI-price income base.","ITU 2025 retail basket, selected under its representative-operator rules. At least 5 GB; actual allowance may be higher. Historical observation, not a current quote. The 5 GB mobile basket must not be spliced into the older 2 GB series. Income ratio uses ITU’s own GNI denominator and release, which can differ from this Observatory’s AI-price income base.","{""allowance_gb"": 10, ""metadata_source_id"": ""itu-detail"", ""operator"": ""Comores Telecom"", ""operator_notes"": """", ""source_cell"": ""economies_2008-2025!AB1961"", ""source_code"": ""i271mb_5GB_GNI"", ""source_value"": 7.36, ""tax_rate_as_published"": 10, ""technology"": ""4.5G""}",False
cost-mobile-gni-2025,costs,access,Mobile data basket / monthly income,CIV,CIV,Côte d'Ivoire,3.04,% of monthly GNI per capita,available,2025,official,measured,"ITU ICT Price Baskets, December 2025 release",https://www.itu.int/en/ITU-D/Statistics/Documents/ICT_Prices/ITU_ICTPriceBaskets_2008-2025.xlsx,itu,2025-12-02,2026-10-01,"ITU 2025 retail basket, selected under its representative-operator rules. At least 5 GB; actual allowance may be higher. Historical observation, not a current quote. The 5 GB mobile basket must not be spliced into the older 2 GB series. Income ratio uses ITU’s own GNI denominator and release, which can differ from this Observatory’s AI-price income base.","ITU 2025 retail basket, selected under its representative-operator rules. At least 5 GB; actual allowance may be higher. Historical observation, not a current quote. The 5 GB mobile basket must not be spliced into the older 2 GB series. Income ratio uses ITU’s own GNI denominator and release, which can differ from this Observatory’s AI-price income base.","{""allowance_gb"": 12, ""metadata_source_id"": ""itu-detail"", ""operator"": ""Orange Cote d'Ivoire"", ""operator_notes"": """", ""source_cell"": ""economies_2008-2025!AB1691"", ""source_code"": ""i271mb_5GB_GNI"", ""source_value"": 3.04, ""tax_rate_as_published"": 18, ""technology"": ""UMTS & LTE""}",False
cost-mobile-gni-2025,costs,access,Mobile data basket / monthly income,COD,COD,Democratic Republic of the Congo,18.75,% of monthly GNI per capita,available,2025,official,measured,"ITU ICT Price Baskets, December 2025 release",https://www.itu.int/en/ITU-D/Statistics/Documents/ICT_Prices/ITU_ICTPriceBaskets_2008-2025.xlsx,itu,2025-12-02,2026-10-01,"ITU 2025 retail basket, selected under its representative-operator rules. At least 5 GB; actual allowance may be higher. Historical observation, not a current quote. The 5 GB mobile basket must not be spliced into the older 2 GB series. Income ratio uses ITU’s own GNI denominator and release, which can differ from this Observatory’s AI-price income base.","ITU 2025 retail basket, selected under its representative-operator rules. At least 5 GB; actual allowance may be higher. Historical observation, not a current quote. The 5 GB mobile basket must not be spliced into the older 2 GB series. Income ratio uses ITU’s own GNI denominator and release, which can differ from this Observatory’s AI-price income base.","{""allowance_gb"": 10, ""metadata_source_id"": ""itu-detail"", ""operator"": ""Vodacom"", ""operator_notes"": """", ""source_cell"": ""economies_2008-2025!AB1781"", ""source_code"": ""i271mb_5GB_GNI"", ""source_value"": 18.75, ""tax_rate_as_published"": 26, ""technology"": ""3G""}",False
cost-mobile-gni-2025,costs,access,Mobile data basket / monthly income,DJI,DJI,Djibouti,5.74,% of monthly GNI per capita,available,2025,official,measured,"ITU ICT Price Baskets, December 2025 release",https://www.itu.int/en/ITU-D/Statistics/Documents/ICT_Prices/ITU_ICTPriceBaskets_2008-2025.xlsx,itu,2025-12-02,2026-10-01,"ITU 2025 retail basket, selected under its representative-operator rules. At least 5 GB; actual allowance may be higher. Historical observation, not a current quote. The 5 GB mobile basket must not be spliced into the older 2 GB series. Income ratio uses ITU’s own GNI denominator and release, which can differ from this Observatory’s AI-price income base.","ITU 2025 retail basket, selected under its representative-operator rules. At least 5 GB; actual allowance may be higher. Historical observation, not a current quote. The 5 GB mobile basket must not be spliced into the older 2 GB series. Income ratio uses ITU’s own GNI denominator and release, which can differ from this Observatory’s AI-price income base.","{""allowance_gb"": 20, ""metadata_source_id"": ""itu-detail"", ""operator"": ""Djibouti Telecom"", ""operator_notes"": """", ""source_cell"": ""economies_2008-2025!AB2366"", ""source_code"": ""i271mb_5GB_GNI"", ""source_value"": 5.74, ""tax_rate_as_published"": 10, ""technology"": ""4G""}",False
cost-mobile-gni-2025,costs,access,Mobile data basket / monthly income,EGY,EGY,Egypt,1.58,% of monthly GNI per capita,available,2025,official,measured,"ITU ICT Price Baskets, December 2025 release",https://www.itu.int/en/ITU-D/Statistics/Documents/ICT_Prices/ITU_ICTPriceBaskets_2008-2025.xlsx,itu,2025-12-02,2026-10-01,"ITU 2025 retail basket, selected under its representative-operator rules. At least 5 GB; actual allowance may be higher. Historical observation, not a current quote. The 5 GB mobile basket must not be spliced into the older 2 GB series. Income ratio uses ITU’s own GNI denominator and release, which can differ from this Observatory’s AI-price income base.","ITU 2025 retail basket, selected under its representative-operator rules. At least 5 GB; actual allowance may be higher. Historical observation, not a current quote. The 5 GB mobile basket must not be spliced into the older 2 GB series. Income ratio uses ITU’s own GNI denominator and release, which can differ from this Observatory’s AI-price income base.","{""allowance_gb"": 6, ""metadata_source_id"": ""itu-detail"", ""operator"": ""Vodafone Egypt"", ""operator_notes"": ""This includes (22%) tax rate and administrative fee.\n"", ""source_cell"": ""economies_2008-2025!AB2636"", ""source_code"": ""i271mb_5GB_GNI"", ""source_value"": 1.58, ""tax_rate_as_published"": 42.86000061035156, ""technology"": ""2G, 3G, 4G""}",False
cost-mobile-gni-2025,costs,access,Mobile data basket / monthly income,GNQ,GNQ,Equatorial Guinea,,% of monthly GNI per capita,no_information_in_source,2025,official,measured,"ITU ICT Price Baskets, December 2025 release",https://www.itu.int/en/ITU-D/Statistics/Documents/ICT_Prices/ITU_ICTPriceBaskets_2008-2025.xlsx,itu,2025-12-02,2026-10-01,"ITU 2025 retail basket, selected under its representative-operator rules. At least 5 GB; actual allowance may be higher. Historical observation, not a current quote. The 5 GB mobile basket must not be spliced into the older 2 GB series. Income ratio uses ITU’s own GNI denominator and release, which can differ from this Observatory’s AI-price income base.",No information in the ITU 2025 basket cell; no prior year substituted.,"{""metadata_source_id"": ""itu-detail"", ""source_cell"": ""economies_2008-2025!AB3491"", ""source_code"": ""i271mb_5GB_GNI"", ""source_value"": ""NA""}",False
cost-mobile-gni-2025,costs,access,Mobile data basket / monthly income,ERI,ERI,Eritrea,,% of monthly GNI per capita,no_information_in_source,2025,official,measured,"ITU ICT Price Baskets, December 2025 release",https://www.itu.int/en/ITU-D/Statistics/Documents/ICT_Prices/ITU_ICTPriceBaskets_2008-2025.xlsx,itu,2025-12-02,2026-10-01,"ITU 2025 retail basket, selected under its representative-operator rules. At least 5 GB; actual allowance may be higher. Historical observation, not a current quote. The 5 GB mobile basket must not be spliced into the older 2 GB series. Income ratio uses ITU’s own GNI denominator and release, which can differ from this Observatory’s AI-price income base.",No information in the ITU 2025 basket cell; no prior year substituted.,"{""metadata_source_id"": ""itu-detail"", ""source_cell"": ""economies_2008-2025!AB2681"", ""source_code"": ""i271mb_5GB_GNI"", ""source_value"": ""NA""}",False
cost-mobile-gni-2025,costs,access,Mobile data basket / monthly income,SWZ,SWZ,Eswatini,4.56,% of monthly GNI per capita,available,2025,official,measured,"ITU ICT Price Baskets, December 2025 release",https://www.itu.int/en/ITU-D/Statistics/Documents/ICT_Prices/ITU_ICTPriceBaskets_2008-2025.xlsx,itu,2025-12-02,2026-10-01,"ITU 2025 retail basket, selected under its representative-operator rules. At least 5 GB; actual allowance may be higher. Historical observation, not a current quote. The 5 GB mobile basket must not be spliced into the older 2 GB series. Income ratio uses ITU’s own GNI denominator and release, which can differ from this Observatory’s AI-price income base.","ITU 2025 retail basket, selected under its representative-operator rules. At least 5 GB; actual allowance may be higher. Historical observation, not a current quote. The 5 GB mobile basket must not be spliced into the older 2 GB series. Income ratio uses ITU’s own GNI denominator and release, which can differ from this Observatory’s AI-price income base.","{""allowance_gb"": 7, ""metadata_source_id"": ""itu-detail"", ""operator"": ""MTN"", ""operator_notes"": ""Plan is bundled with 300 on-net minutes, 50 off-net minutes and 100 SMS."", ""source_cell"": ""economies_2008-2025!AB8351"", ""source_code"": ""i271mb_5GB_GNI"", ""source_value"": 4.56, ""tax_rate_as_published"": 15, ""technology"": ""3G/4G""}",False
cost-mobile-gni-2025,costs,access,Mobile data basket / monthly income,ETH,ETH,Ethiopia,4.79,% of monthly GNI per capita,available,2025,official,measured,"ITU ICT Price Baskets, December 2025 release",https://www.itu.int/en/ITU-D/Statistics/Documents/ICT_Prices/ITU_ICTPriceBaskets_2008-2025.xlsx,itu,2025-12-02,2026-10-01,"ITU 2025 retail basket, selected under its representative-operator rules. At least 5 GB; actual allowance may be higher. Historical observation, not a current quote. The 5 GB mobile basket must not be spliced into the older 2 GB series. Income ratio uses ITU’s own GNI denominator and release, which can differ from this Observatory’s AI-price income base.","ITU 2025 retail basket, selected under its representative-operator rules. At least 5 GB; actual allowance may be higher. Historical observation, not a current quote. The 5 GB mobile basket must not be spliced into the older 2 GB series. Income ratio uses ITU’s own GNI denominator and release, which can differ from this Observatory’s AI-price income base.","{""allowance_gb"": 5, ""metadata_source_id"": ""itu-detail"", ""operator"": ""Ethio Telecom"", ""operator_notes"": """", ""source_cell"": ""economies_2008-2025!AB2816"", ""source_code"": ""i271mb_5GB_GNI"", ""source_value"": 4.79, ""tax_rate_as_published"": 20, ""technology"": ""UMTS, 4G, LTE""}",False
cost-mobile-gni-2025,costs,access,Mobile data basket / monthly income,GAB,GAB,Gabon,2.65,% of monthly GNI per capita,available,2025,official,measured,"ITU ICT Price Baskets, December 2025 release",https://www.itu.int/en/ITU-D/Statistics/Documents/ICT_Prices/ITU_ICTPriceBaskets_2008-2025.xlsx,itu,2025-12-02,2026-10-01,"ITU 2025 retail basket, selected under its representative-operator rules. At least 5 GB; actual allowance may be higher. Historical observation, not a current quote. The 5 GB mobile basket must not be spliced into the older 2 GB series. Income ratio uses ITU’s own GNI denominator and release, which can differ from this Observatory’s AI-price income base.","ITU 2025 retail basket, selected under its representative-operator rules. At least 5 GB; actual allowance may be higher. Historical observation, not a current quote. The 5 GB mobile basket must not be spliced into the older 2 GB series. Income ratio uses ITU’s own GNI denominator and release, which can differ from this Observatory’s AI-price income base.","{""allowance_gb"": 7, ""metadata_source_id"": ""itu-detail"", ""operator"": ""Gabon Telecom/Moov Africa (Maroc Telecom)"", ""operator_notes"": """", ""source_cell"": ""economies_2008-2025!AB3131"", ""source_code"": ""i271mb_5GB_GNI"", ""source_value"": 2.65, ""tax_rate_as_published"": 18, ""technology"": ""4G""}",False
cost-mobile-gni-2025,costs,access,Mobile data basket / monthly income,GMB,GMB,Gambia,8.68,% of monthly GNI per capita,available,2025,official,measured,"ITU ICT Price Baskets, December 2025 release",https://www.itu.int/en/ITU-D/Statistics/Documents/ICT_Prices/ITU_ICTPriceBaskets_2008-2025.xlsx,itu,2025-12-02,2026-10-01,"ITU 2025 retail basket, selected under its representative-operator rules. At least 5 GB; actual allowance may be higher. Historical observation, not a current quote. The 5 GB mobile basket must not be spliced into the older 2 GB series. Income ratio uses ITU’s own GNI denominator and release, which can differ from this Observatory’s AI-price income base.","ITU 2025 retail basket, selected under its representative-operator rules. At least 5 GB; actual allowance may be higher. Historical observation, not a current quote. The 5 GB mobile basket must not be spliced into the older 2 GB series. Income ratio uses ITU’s own GNI denominator and release, which can differ from this Observatory’s AI-price income base.","{""allowance_gb"": 5, ""metadata_source_id"": ""itu-detail"", ""operator"": ""Africell"", ""operator_notes"": """", ""source_cell"": ""economies_2008-2025!AB3401"", ""source_code"": ""i271mb_5GB_GNI"", ""source_value"": 8.68, ""tax_rate_as_published"": 21.25, ""technology"": ""4G""}",False
cost-mobile-gni-2025,costs,access,Mobile data basket / monthly income,GHA,GHA,Ghana,3.06,% of monthly GNI per capita,available,2025,official,measured,"ITU ICT Price Baskets, December 2025 release",https://www.itu.int/en/ITU-D/Statistics/Documents/ICT_Prices/ITU_ICTPriceBaskets_2008-2025.xlsx,itu,2025-12-02,2026-10-01,"ITU 2025 retail basket, selected under its representative-operator rules. At least 5 GB; actual allowance may be higher. Historical observation, not a current quote. The 5 GB mobile basket must not be spliced into the older 2 GB series. Income ratio uses ITU’s own GNI denominator and release, which can differ from this Observatory’s AI-price income base.","ITU 2025 retail basket, selected under its representative-operator rules. At least 5 GB; actual allowance may be higher. Historical observation, not a current quote. The 5 GB mobile basket must not be spliced into the older 2 GB series. Income ratio uses ITU’s own GNI denominator and release, which can differ from this Observatory’s AI-price income base.","{""allowance_gb"": 5, ""metadata_source_id"": ""itu-detail"", ""operator"": ""MTN GHANA"", ""operator_notes"": """", ""source_cell"": ""economies_2008-2025!AB3266"", ""source_code"": ""i271mb_5GB_GNI"", ""source_value"": 3.06, ""tax_rate_as_published"": 26, ""technology"": ""3G & LTE""}",False
cost-mobile-gni-2025,costs,access,Mobile data basket / monthly income,GIN,GIN,Guinea,5.16,% of monthly GNI per capita,available,2025,official,measured,"ITU ICT Price Baskets, December 2025 release",https://www.itu.int/en/ITU-D/Statistics/Documents/ICT_Prices/ITU_ICTPriceBaskets_2008-2025.xlsx,itu,2025-12-02,2026-10-01,"ITU 2025 retail basket, selected under its representative-operator rules. At least 5 GB; actual allowance may be higher. Historical observation, not a current quote. The 5 GB mobile basket must not be spliced into the older 2 GB series. Income ratio uses ITU’s own GNI denominator and release, which can differ from this Observatory’s AI-price income base.","ITU 2025 retail basket, selected under its representative-operator rules. At least 5 GB; actual allowance may be higher. Historical observation, not a current quote. The 5 GB mobile basket must not be spliced into the older 2 GB series. Income ratio uses ITU’s own GNI denominator and release, which can differ from this Observatory’s AI-price income base.","{""allowance_gb"": 5, ""metadata_source_id"": ""itu-detail"", ""operator"": ""Orange Guinea"", ""operator_notes"": """", ""source_cell"": ""economies_2008-2025!AB3356"", ""source_code"": ""i271mb_5GB_GNI"", ""source_value"": 5.16, ""tax_rate_as_published"": 18, ""technology"": ""3G+, 4G""}",False
cost-mobile-gni-2025,costs,access,Mobile data basket / monthly income,GNB,GNB,Guinea-Bissau,10.2,% of monthly GNI per capita,available,2025,official,measured,"ITU ICT Price Baskets, December 2025 release",https://www.itu.int/en/ITU-D/Statistics/Documents/ICT_Prices/ITU_ICTPriceBaskets_2008-2025.xlsx,itu,2025-12-02,2026-10-01,"ITU 2025 retail basket, selected under its representative-operator rules. At least 5 GB; actual allowance may be higher. Historical observation, not a current quote. The 5 GB mobile basket must not be spliced into the older 2 GB series. Income ratio uses ITU’s own GNI denominator and release, which can differ from this Observatory’s AI-price income base.","ITU 2025 retail basket, selected under its representative-operator rules. At least 5 GB; actual allowance may be higher. Historical observation, not a current quote. The 5 GB mobile basket must not be spliced into the older 2 GB series. Income ratio uses ITU’s own GNI denominator and release, which can differ from this Observatory’s AI-price income base.","{""allowance_gb"": 8, ""metadata_source_id"": ""itu-detail"", ""operator"": ""Orange (Sonatel)"", ""operator_notes"": null, ""source_cell"": ""economies_2008-2025!AB3446"", ""source_code"": ""i271mb_5GB_GNI"", ""source_value"": 10.2, ""tax_rate_as_published"": 19, ""technology"": ""3G&4G""}",False
cost-mobile-gni-2025,costs,access,Mobile data basket / monthly income,KEN,KEN,Kenya,4.1,% of monthly GNI per capita,available,2025,official,measured,"ITU ICT Price Baskets, December 2025 release",https://www.itu.int/en/ITU-D/Statistics/Documents/ICT_Prices/ITU_ICTPriceBaskets_2008-2025.xlsx,itu,2025-12-02,2026-10-01,"ITU 2025 retail basket, selected under its representative-operator rules. At least 5 GB; actual allowance may be higher. Historical observation, not a current quote. The 5 GB mobile basket must not be spliced into the older 2 GB series. Income ratio uses ITU’s own GNI denominator and release, which can differ from this Observatory’s AI-price income base.","ITU 2025 retail basket, selected under its representative-operator rules. At least 5 GB; actual allowance may be higher. Historical observation, not a current quote. The 5 GB mobile basket must not be spliced into the older 2 GB series. Income ratio uses ITU’s own GNI denominator and release, which can differ from this Observatory’s AI-price income base.","{""allowance_gb"": 5, ""metadata_source_id"": ""itu-detail"", ""operator"": ""Safaricom"", ""operator_notes"": """", ""source_cell"": ""economies_2008-2025!AB4616"", ""source_code"": ""i271mb_5GB_GNI"", ""source_value"": 4.1, ""tax_rate_as_published"": 31, ""technology"": ""UMTS, LTE, 5G""}",False
cost-mobile-gni-2025,costs,access,Mobile data basket / monthly income,LSO,LSO,Lesotho,8.35,% of monthly GNI per capita,available,2025,official,measured,"ITU ICT Price Baskets, December 2025 release",https://www.itu.int/en/ITU-D/Statistics/Documents/ICT_Prices/ITU_ICTPriceBaskets_2008-2025.xlsx,itu,2025-12-02,2026-10-01,"ITU 2025 retail basket, selected under its representative-operator rules. At least 5 GB; actual allowance may be higher. Historical observation, not a current quote. The 5 GB mobile basket must not be spliced into the older 2 GB series. Income ratio uses ITU’s own GNI denominator and release, which can differ from this Observatory’s AI-price income base.","ITU 2025 retail basket, selected under its representative-operator rules. At least 5 GB; actual allowance may be higher. Historical observation, not a current quote. The 5 GB mobile basket must not be spliced into the older 2 GB series. Income ratio uses ITU’s own GNI denominator and release, which can differ from this Observatory’s AI-price income base.","{""allowance_gb"": 6, ""metadata_source_id"": ""itu-detail"", ""operator"": ""Vodacom Lesotho"", ""operator_notes"": """", ""source_cell"": ""economies_2008-2025!AB5246"", ""source_code"": ""i271mb_5GB_GNI"", ""source_value"": 8.35, ""tax_rate_as_published"": 15, ""technology"": ""3G/LTE""}",False
cost-mobile-gni-2025,costs,access,Mobile data basket / monthly income,LBR,LBR,Liberia,12.63,% of monthly GNI per capita,available,2025,official,measured,"ITU ICT Price Baskets, December 2025 release",https://www.itu.int/en/ITU-D/Statistics/Documents/ICT_Prices/ITU_ICTPriceBaskets_2008-2025.xlsx,itu,2025-12-02,2026-10-01,"ITU 2025 retail basket, selected under its representative-operator rules. At least 5 GB; actual allowance may be higher. Historical observation, not a current quote. The 5 GB mobile basket must not be spliced into the older 2 GB series. Income ratio uses ITU’s own GNI denominator and release, which can differ from this Observatory’s AI-price income base.","ITU 2025 retail basket, selected under its representative-operator rules. At least 5 GB; actual allowance may be higher. Historical observation, not a current quote. The 5 GB mobile basket must not be spliced into the older 2 GB series. Income ratio uses ITU’s own GNI denominator and release, which can differ from this Observatory’s AI-price income base.","{""allowance_gb"": 7.2, ""metadata_source_id"": ""itu-detail"", ""operator"": ""Orange"", ""operator_notes"": """", ""source_cell"": ""economies_2008-2025!AB5021"", ""source_code"": ""i271mb_5GB_GNI"", ""source_value"": 12.63, ""tax_rate_as_published"": 15, ""technology"": ""LTE""}",False
cost-mobile-gni-2025,costs,access,Mobile data basket / monthly income,LBY,LBY,Libya,0.39,% of monthly GNI per capita,available,2025,official,measured,"ITU ICT Price Baskets, December 2025 release",https://www.itu.int/en/ITU-D/Statistics/Documents/ICT_Prices/ITU_ICTPriceBaskets_2008-2025.xlsx,itu,2025-12-02,2026-10-01,"ITU 2025 retail basket, selected under its representative-operator rules. At least 5 GB; actual allowance may be higher. Historical observation, not a current quote. The 5 GB mobile basket must not be spliced into the older 2 GB series. Income ratio uses ITU’s own GNI denominator and release, which can differ from this Observatory’s AI-price income base.","ITU 2025 retail basket, selected under its representative-operator rules. At least 5 GB; actual allowance may be higher. Historical observation, not a current quote. The 5 GB mobile basket must not be spliced into the older 2 GB series. Income ratio uses ITU’s own GNI denominator and release, which can differ from this Observatory’s AI-price income base.","{""allowance_gb"": 5, ""metadata_source_id"": ""itu-detail"", ""operator"": ""Libyana"", ""operator_notes"": """", ""source_cell"": ""economies_2008-2025!AB5066"", ""source_code"": ""i271mb_5GB_GNI"", ""source_value"": 0.39, ""tax_rate_as_published"": 0, ""technology"": ""4G""}",False
cost-mobile-gni-2025,costs,access,Mobile data basket / monthly income,MDG,MDG,Madagascar,12.49,% of monthly GNI per capita,available,2025,official,measured,"ITU ICT Price Baskets, December 2025 release",https://www.itu.int/en/ITU-D/Statistics/Documents/ICT_Prices/ITU_ICTPriceBaskets_2008-2025.xlsx,itu,2025-12-02,2026-10-01,"ITU 2025 retail basket, selected under its representative-operator rules. At least 5 GB; actual allowance may be higher. Historical observation, not a current quote. The 5 GB mobile basket must not be spliced into the older 2 GB series. Income ratio uses ITU’s own GNI denominator and release, which can differ from this Observatory’s AI-price income base.","ITU 2025 retail basket, selected under its representative-operator rules. At least 5 GB; actual allowance may be higher. Historical observation, not a current quote. The 5 GB mobile basket must not be spliced into the older 2 GB series. Income ratio uses ITU’s own GNI denominator and release, which can differ from this Observatory’s AI-price income base.","{""allowance_gb"": 5, ""metadata_source_id"": ""itu-detail"", ""operator"": ""Yas Madagascar"", ""operator_notes"": """", ""source_cell"": ""economies_2008-2025!AB5606"", ""source_code"": ""i271mb_5GB_GNI"", ""source_value"": 12.49, ""tax_rate_as_published"": 20, ""technology"": ""4G & 5G""}",False
cost-mobile-gni-2025,costs,access,Mobile data basket / monthly income,MWI,MWI,Malawi,8.45,% of monthly GNI per capita,available,2025,official,measured,"ITU ICT Price Baskets, December 2025 release",https://www.itu.int/en/ITU-D/Statistics/Documents/ICT_Prices/ITU_ICTPriceBaskets_2008-2025.xlsx,itu,2025-12-02,2026-10-01,"ITU 2025 retail basket, selected under its representative-operator rules. At least 5 GB; actual allowance may be higher. Historical observation, not a current quote. The 5 GB mobile basket must not be spliced into the older 2 GB series. Income ratio uses ITU’s own GNI denominator and release, which can differ from this Observatory’s AI-price income base.","ITU 2025 retail basket, selected under its representative-operator rules. At least 5 GB; actual allowance may be higher. Historical observation, not a current quote. The 5 GB mobile basket must not be spliced into the older 2 GB series. Income ratio uses ITU’s own GNI denominator and release, which can differ from this Observatory’s AI-price income base.","{""allowance_gb"": 10.4, ""metadata_source_id"": ""itu-detail"", ""operator"": ""Airtel Malawi"", ""operator_notes"": """", ""source_cell"": ""economies_2008-2025!AB6236"", ""source_code"": ""i271mb_5GB_GNI"", ""source_value"": 8.45, ""tax_rate_as_published"": 26.5, ""technology"": ""3G, LTE""}",False
cost-mobile-gni-2025,costs,access,Mobile data basket / monthly income,MLI,MLI,Mali,9.38,% of monthly GNI per capita,available,2025,official,measured,"ITU ICT Price Baskets, December 2025 release",https://www.itu.int/en/ITU-D/Statistics/Documents/ICT_Prices/ITU_ICTPriceBaskets_2008-2025.xlsx,itu,2025-12-02,2026-10-01,"ITU 2025 retail basket, selected under its representative-operator rules. At least 5 GB; actual allowance may be higher. Historical observation, not a current quote. The 5 GB mobile basket must not be spliced into the older 2 GB series. Income ratio uses ITU’s own GNI denominator and release, which can differ from this Observatory’s AI-price income base.","ITU 2025 retail basket, selected under its representative-operator rules. At least 5 GB; actual allowance may be higher. Historical observation, not a current quote. The 5 GB mobile basket must not be spliced into the older 2 GB series. Income ratio uses ITU’s own GNI denominator and release, which can differ from this Observatory’s AI-price income base.","{""allowance_gb"": 8, ""metadata_source_id"": ""itu-detail"", ""operator"": ""Orange Mali"", ""operator_notes"": """", ""source_cell"": ""economies_2008-2025!AB5831"", ""source_code"": ""i271mb_5GB_GNI"", ""source_value"": 9.38, ""tax_rate_as_published"": 18, ""technology"": ""LTE""}",False
cost-mobile-gni-2025,costs,access,Mobile data basket / monthly income,MRT,MRT,Mauritania,2.94,% of monthly GNI per capita,available,2025,official,measured,"ITU ICT Price Baskets, December 2025 release",https://www.itu.int/en/ITU-D/Statistics/Documents/ICT_Prices/ITU_ICTPriceBaskets_2008-2025.xlsx,itu,2025-12-02,2026-10-01,"ITU 2025 retail basket, selected under its representative-operator rules. At least 5 GB; actual allowance may be higher. Historical observation, not a current quote. The 5 GB mobile basket must not be spliced into the older 2 GB series. Income ratio uses ITU’s own GNI denominator and release, which can differ from this Observatory’s AI-price income base.","ITU 2025 retail basket, selected under its representative-operator rules. At least 5 GB; actual allowance may be higher. Historical observation, not a current quote. The 5 GB mobile basket must not be spliced into the older 2 GB series. Income ratio uses ITU’s own GNI denominator and release, which can differ from this Observatory’s AI-price income base.","{""allowance_gb"": 6, ""metadata_source_id"": ""itu-detail"", ""operator"": ""Mauritel"", ""operator_notes"": """", ""source_cell"": ""economies_2008-2025!AB6146"", ""source_code"": ""i271mb_5GB_GNI"", ""source_value"": 2.94, ""tax_rate_as_published"": 18, ""technology"": ""3G/4G""}",False
cost-mobile-gni-2025,costs,access,Mobile data basket / monthly income,MUS,MUS,Mauritius,0.54,% of monthly GNI per capita,available,2025,official,measured,"ITU ICT Price Baskets, December 2025 release",https://www.itu.int/en/ITU-D/Statistics/Documents/ICT_Prices/ITU_ICTPriceBaskets_2008-2025.xlsx,itu,2025-12-02,2026-10-01,"ITU 2025 retail basket, selected under its representative-operator rules. At least 5 GB; actual allowance may be higher. Historical observation, not a current quote. The 5 GB mobile basket must not be spliced into the older 2 GB series. Income ratio uses ITU’s own GNI denominator and release, which can differ from this Observatory’s AI-price income base.","ITU 2025 retail basket, selected under its representative-operator rules. At least 5 GB; actual allowance may be higher. Historical observation, not a current quote. The 5 GB mobile basket must not be spliced into the older 2 GB series. Income ratio uses ITU’s own GNI denominator and release, which can differ from this Observatory’s AI-price income base.","{""allowance_gb"": 200, ""metadata_source_id"": ""itu-detail"", ""operator"": ""Cellplus Mobile Communications Ltd (my.t)"", ""operator_notes"": ""VAT is already deducted when consumer purchases airtime. Therefore when calls, SMS or data packs are purchased, VAT of 15% is not levied again on the approved tariff."", ""source_cell"": ""economies_2008-2025!AB6191"", ""source_code"": ""i271mb_5GB_GNI"", ""source_value"": 0.54, ""tax_rate_as_published"": 15, ""technology"": ""3G, 4G, 5G""}",False
cost-mobile-gni-2025,costs,access,Mobile data basket / monthly income,MAR,MAR,Morocco,1.5,% of monthly GNI per capita,available,2025,official,measured,"ITU ICT Price Baskets, December 2025 release",https://www.itu.int/en/ITU-D/Statistics/Documents/ICT_Prices/ITU_ICTPriceBaskets_2008-2025.xlsx,itu,2025-12-02,2026-10-01,"ITU 2025 retail basket, selected under its representative-operator rules. At least 5 GB; actual allowance may be higher. Historical observation, not a current quote. The 5 GB mobile basket must not be spliced into the older 2 GB series. Income ratio uses ITU’s own GNI denominator and release, which can differ from this Observatory’s AI-price income base.","ITU 2025 retail basket, selected under its representative-operator rules. At least 5 GB; actual allowance may be higher. Historical observation, not a current quote. The 5 GB mobile basket must not be spliced into the older 2 GB series. Income ratio uses ITU’s own GNI denominator and release, which can differ from this Observatory’s AI-price income base.","{""allowance_gb"": 11, ""metadata_source_id"": ""itu-detail"", ""operator"": ""Orange"", ""operator_notes"": null, ""source_cell"": ""economies_2008-2025!AB5471"", ""source_code"": ""i271mb_5GB_GNI"", ""source_value"": 1.5, ""tax_rate_as_published"": 20, ""technology"": ""4G""}",False
cost-mobile-gni-2025,costs,access,Mobile data basket / monthly income,MOZ,MOZ,Mozambique,6.4,% of monthly GNI per capita,available,2025,official,measured,"ITU ICT Price Baskets, December 2025 release",https://www.itu.int/en/ITU-D/Statistics/Documents/ICT_Prices/ITU_ICTPriceBaskets_2008-2025.xlsx,itu,2025-12-02,2026-10-01,"ITU 2025 retail basket, selected under its representative-operator rules. At least 5 GB; actual allowance may be higher. Historical observation, not a current quote. The 5 GB mobile basket must not be spliced into the older 2 GB series. Income ratio uses ITU’s own GNI denominator and release, which can differ from this Observatory’s AI-price income base.","ITU 2025 retail basket, selected under its representative-operator rules. At least 5 GB; actual allowance may be higher. Historical observation, not a current quote. The 5 GB mobile basket must not be spliced into the older 2 GB series. Income ratio uses ITU’s own GNI denominator and release, which can differ from this Observatory’s AI-price income base.","{""allowance_gb"": 5.8, ""metadata_source_id"": ""itu-detail"", ""operator"": ""Vodacom Mozambique"", ""operator_notes"": """", ""source_cell"": ""economies_2008-2025!AB6101"", ""source_code"": ""i271mb_5GB_GNI"", ""source_value"": 6.4, ""tax_rate_as_published"": 16, ""technology"": ""LTE & 5G""}",False
cost-mobile-gni-2025,costs,access,Mobile data basket / monthly income,NAM,NAM,Namibia,2.75,% of monthly GNI per capita,available,2025,official,measured,"ITU ICT Price Baskets, December 2025 release",https://www.itu.int/en/ITU-D/Statistics/Documents/ICT_Prices/ITU_ICTPriceBaskets_2008-2025.xlsx,itu,2025-12-02,2026-10-01,"ITU 2025 retail basket, selected under its representative-operator rules. At least 5 GB; actual allowance may be higher. Historical observation, not a current quote. The 5 GB mobile basket must not be spliced into the older 2 GB series. Income ratio uses ITU’s own GNI denominator and release, which can differ from this Observatory’s AI-price income base.","ITU 2025 retail basket, selected under its representative-operator rules. At least 5 GB; actual allowance may be higher. Historical observation, not a current quote. The 5 GB mobile basket must not be spliced into the older 2 GB series. Income ratio uses ITU’s own GNI denominator and release, which can differ from this Observatory’s AI-price income base.","{""allowance_gb"": 8, ""metadata_source_id"": ""itu-detail"", ""operator"": ""Mobile Telecommunications Company (MTC)"", ""operator_notes"": null, ""source_cell"": ""economies_2008-2025!AB6326"", ""source_code"": ""i271mb_5GB_GNI"", ""source_value"": 2.75, ""tax_rate_as_published"": 15, ""technology"": ""LTE""}",False
cost-mobile-gni-2025,costs,access,Mobile data basket / monthly income,NER,NER,Niger,13.86,% of monthly GNI per capita,available,2025,official,measured,"ITU ICT Price Baskets, December 2025 release",https://www.itu.int/en/ITU-D/Statistics/Documents/ICT_Prices/ITU_ICTPriceBaskets_2008-2025.xlsx,itu,2025-12-02,2026-10-01,"ITU 2025 retail basket, selected under its representative-operator rules. At least 5 GB; actual allowance may be higher. Historical observation, not a current quote. The 5 GB mobile basket must not be spliced into the older 2 GB series. Income ratio uses ITU’s own GNI denominator and release, which can differ from this Observatory’s AI-price income base.","ITU 2025 retail basket, selected under its representative-operator rules. At least 5 GB; actual allowance may be higher. Historical observation, not a current quote. The 5 GB mobile basket must not be spliced into the older 2 GB series. Income ratio uses ITU’s own GNI denominator and release, which can differ from this Observatory’s AI-price income base.","{""allowance_gb"": 5, ""metadata_source_id"": ""itu-detail"", ""operator"": ""Airtel Niger SA (Ex Celtel)"", ""operator_notes"": """", ""source_cell"": ""economies_2008-2025!AB6416"", ""source_code"": ""i271mb_5GB_GNI"", ""source_value"": 13.86, ""tax_rate_as_published"": 19, ""technology"": ""UMTS & LTE""}",False
cost-mobile-gni-2025,costs,access,Mobile data basket / monthly income,NGA,NGA,Nigeria,1.56,% of monthly GNI per capita,available,2025,official,measured,"ITU ICT Price Baskets, December 2025 release",https://www.itu.int/en/ITU-D/Statistics/Documents/ICT_Prices/ITU_ICTPriceBaskets_2008-2025.xlsx,itu,2025-12-02,2026-10-01,"ITU 2025 retail basket, selected under its representative-operator rules. At least 5 GB; actual allowance may be higher. Historical observation, not a current quote. The 5 GB mobile basket must not be spliced into the older 2 GB series. Income ratio uses ITU’s own GNI denominator and release, which can differ from this Observatory’s AI-price income base.","ITU 2025 retail basket, selected under its representative-operator rules. At least 5 GB; actual allowance may be higher. Historical observation, not a current quote. The 5 GB mobile basket must not be spliced into the older 2 GB series. Income ratio uses ITU’s own GNI denominator and release, which can differ from this Observatory’s AI-price income base.","{""allowance_gb"": 5, ""metadata_source_id"": ""itu-detail"", ""operator"": ""MTN"", ""operator_notes"": """", ""source_cell"": ""economies_2008-2025!AB6461"", ""source_code"": ""i271mb_5GB_GNI"", ""source_value"": 1.56, ""tax_rate_as_published"": 7.5, ""technology"": ""LTE & 5G""}",False
cost-mobile-gni-2025,costs,access,Mobile data basket / monthly income,COG,COG,Republic of the Congo,5.32,% of monthly GNI per capita,available,2025,official,measured,"ITU ICT Price Baskets, December 2025 release",https://www.itu.int/en/ITU-D/Statistics/Documents/ICT_Prices/ITU_ICTPriceBaskets_2008-2025.xlsx,itu,2025-12-02,2026-10-01,"ITU 2025 retail basket, selected under its representative-operator rules. At least 5 GB; actual allowance may be higher. Historical observation, not a current quote. The 5 GB mobile basket must not be spliced into the older 2 GB series. Income ratio uses ITU’s own GNI denominator and release, which can differ from this Observatory’s AI-price income base.","ITU 2025 retail basket, selected under its representative-operator rules. At least 5 GB; actual allowance may be higher. Historical observation, not a current quote. The 5 GB mobile basket must not be spliced into the older 2 GB series. Income ratio uses ITU’s own GNI denominator and release, which can differ from this Observatory’s AI-price income base.","{""allowance_gb"": 5.1, ""metadata_source_id"": ""itu-detail"", ""operator"": ""MTN"", ""operator_notes"": """", ""source_cell"": ""economies_2008-2025!AB1826"", ""source_code"": ""i271mb_5GB_GNI"", ""source_value"": 5.32, ""tax_rate_as_published"": 18.899999618530273, ""technology"": ""LTE""}",False
cost-mobile-gni-2025,costs,access,Mobile data basket / monthly income,RWA,RWA,Rwanda,1.87,% of monthly GNI per capita,available,2025,official,measured,"ITU ICT Price Baskets, December 2025 release",https://www.itu.int/en/ITU-D/Statistics/Documents/ICT_Prices/ITU_ICTPriceBaskets_2008-2025.xlsx,itu,2025-12-02,2026-10-01,"ITU 2025 retail basket, selected under its representative-operator rules. At least 5 GB; actual allowance may be higher. Historical observation, not a current quote. The 5 GB mobile basket must not be spliced into the older 2 GB series. Income ratio uses ITU’s own GNI denominator and release, which can differ from this Observatory’s AI-price income base.","ITU 2025 retail basket, selected under its representative-operator rules. At least 5 GB; actual allowance may be higher. Historical observation, not a current quote. The 5 GB mobile basket must not be spliced into the older 2 GB series. Income ratio uses ITU’s own GNI denominator and release, which can differ from this Observatory’s AI-price income base.","{""allowance_gb"": 15, ""metadata_source_id"": ""itu-detail"", ""operator"": ""MTN Rwandacell Plc"", ""operator_notes"": ""Daily limit usage of 500 MB."", ""source_cell"": ""economies_2008-2025!AB7541"", ""source_code"": ""i271mb_5GB_GNI"", ""source_value"": 1.87, ""tax_rate_as_published"": 28, ""technology"": ""UMTS and LTE""}",False
cost-mobile-gni-2025,costs,access,Mobile data basket / monthly income,SEN,SEN,Senegal,4.68,% of monthly GNI per capita,available,2025,official,measured,"ITU ICT Price Baskets, December 2025 release",https://www.itu.int/en/ITU-D/Statistics/Documents/ICT_Prices/ITU_ICTPriceBaskets_2008-2025.xlsx,itu,2025-12-02,2026-10-01,"ITU 2025 retail basket, selected under its representative-operator rules. At least 5 GB; actual allowance may be higher. Historical observation, not a current quote. The 5 GB mobile basket must not be spliced into the older 2 GB series. Income ratio uses ITU’s own GNI denominator and release, which can differ from this Observatory’s AI-price income base.","ITU 2025 retail basket, selected under its representative-operator rules. At least 5 GB; actual allowance may be higher. Historical observation, not a current quote. The 5 GB mobile basket must not be spliced into the older 2 GB series. Income ratio uses ITU’s own GNI denominator and release, which can differ from this Observatory’s AI-price income base.","{""allowance_gb"": 8, ""metadata_source_id"": ""itu-detail"", ""operator"": ""Orange"", ""operator_notes"": """", ""source_cell"": ""economies_2008-2025!AB7676"", ""source_code"": ""i271mb_5GB_GNI"", ""source_value"": 4.68, ""tax_rate_as_published"": 23, ""technology"": ""3G/4G""}",False
cost-mobile-gni-2025,costs,access,Mobile data basket / monthly income,SYC,SYC,Seychelles,1.43,% of monthly GNI per capita,available,2025,official,measured,"ITU ICT Price Baskets, December 2025 release",https://www.itu.int/en/ITU-D/Statistics/Documents/ICT_Prices/ITU_ICTPriceBaskets_2008-2025.xlsx,itu,2025-12-02,2026-10-01,"ITU 2025 retail basket, selected under its representative-operator rules. At least 5 GB; actual allowance may be higher. Historical observation, not a current quote. The 5 GB mobile basket must not be spliced into the older 2 GB series. Income ratio uses ITU’s own GNI denominator and release, which can differ from this Observatory’s AI-price income base.","ITU 2025 retail basket, selected under its representative-operator rules. At least 5 GB; actual allowance may be higher. Historical observation, not a current quote. The 5 GB mobile basket must not be spliced into the older 2 GB series. Income ratio uses ITU’s own GNI denominator and release, which can differ from this Observatory’s AI-price income base.","{""allowance_gb"": 6.5, ""metadata_source_id"": ""itu-detail"", ""operator"": ""Cable and Wireless (Seychelles) Ltd"", ""operator_notes"": """", ""source_cell"": ""economies_2008-2025!AB8441"", ""source_code"": ""i271mb_5GB_GNI"", ""source_value"": 1.43, ""tax_rate_as_published"": 15, ""technology"": ""4G LTE, 3G UMTS""}",False
cost-mobile-gni-2025,costs,access,Mobile data basket / monthly income,SLE,SLE,Sierra Leone,6.13,% of monthly GNI per capita,available,2025,official,measured,"ITU ICT Price Baskets, December 2025 release",https://www.itu.int/en/ITU-D/Statistics/Documents/ICT_Prices/ITU_ICTPriceBaskets_2008-2025.xlsx,itu,2025-12-02,2026-10-01,"ITU 2025 retail basket, selected under its representative-operator rules. At least 5 GB; actual allowance may be higher. Historical observation, not a current quote. The 5 GB mobile basket must not be spliced into the older 2 GB series. Income ratio uses ITU’s own GNI denominator and release, which can differ from this Observatory’s AI-price income base.","ITU 2025 retail basket, selected under its representative-operator rules. At least 5 GB; actual allowance may be higher. Historical observation, not a current quote. The 5 GB mobile basket must not be spliced into the older 2 GB series. Income ratio uses ITU’s own GNI denominator and release, which can differ from this Observatory’s AI-price income base.","{""allowance_gb"": 5, ""metadata_source_id"": ""itu-detail"", ""operator"": ""Africell"", ""operator_notes"": """", ""source_cell"": ""economies_2008-2025!AB7856"", ""source_code"": ""i271mb_5GB_GNI"", ""source_value"": 6.13, ""tax_rate_as_published"": 15, ""technology"": ""4G""}",False
cost-mobile-gni-2025,costs,access,Mobile data basket / monthly income,SOM,SOM,Somalia,4.0,% of monthly GNI per capita,available,2025,official,measured,"ITU ICT Price Baskets, December 2025 release",https://www.itu.int/en/ITU-D/Statistics/Documents/ICT_Prices/ITU_ICTPriceBaskets_2008-2025.xlsx,itu,2025-12-02,2026-10-01,"ITU 2025 retail basket, selected under its representative-operator rules. At least 5 GB; actual allowance may be higher. Historical observation, not a current quote. The 5 GB mobile basket must not be spliced into the older 2 GB series. Income ratio uses ITU’s own GNI denominator and release, which can differ from this Observatory’s AI-price income base.","ITU 2025 retail basket, selected under its representative-operator rules. At least 5 GB; actual allowance may be higher. Historical observation, not a current quote. The 5 GB mobile basket must not be spliced into the older 2 GB series. Income ratio uses ITU’s own GNI denominator and release, which can differ from this Observatory’s AI-price income base.","{""allowance_gb"": 5, ""metadata_source_id"": ""itu-detail"", ""operator"": ""Hormuud Telecom "", ""operator_notes"": """", ""source_cell"": ""economies_2008-2025!AB7991"", ""source_code"": ""i271mb_5GB_GNI"", ""source_value"": 4, ""tax_rate_as_published"": 5, ""technology"": ""LTE, 5G""}",False
cost-mobile-gni-2025,costs,access,Mobile data basket / monthly income,ZAF,ZAF,South Africa,1.27,% of monthly GNI per capita,available,2025,official,measured,"ITU ICT Price Baskets, December 2025 release",https://www.itu.int/en/ITU-D/Statistics/Documents/ICT_Prices/ITU_ICTPriceBaskets_2008-2025.xlsx,itu,2025-12-02,2026-10-01,"ITU 2025 retail basket, selected under its representative-operator rules. At least 5 GB; actual allowance may be higher. Historical observation, not a current quote. The 5 GB mobile basket must not be spliced into the older 2 GB series. Income ratio uses ITU’s own GNI denominator and release, which can differ from this Observatory’s AI-price income base.","ITU 2025 retail basket, selected under its representative-operator rules. At least 5 GB; actual allowance may be higher. Historical observation, not a current quote. The 5 GB mobile basket must not be spliced into the older 2 GB series. Income ratio uses ITU’s own GNI denominator and release, which can differ from this Observatory’s AI-price income base.","{""allowance_gb"": 5, ""metadata_source_id"": ""itu-detail"", ""operator"": ""Vodacom SA"", ""operator_notes"": """", ""source_cell"": ""economies_2008-2025!AB9836"", ""source_code"": ""i271mb_5GB_GNI"", ""source_value"": 1.27, ""tax_rate_as_published"": 15, ""technology"": ""3G/LTE/5G""}",False
cost-mobile-gni-2025,costs,access,Mobile data basket / monthly income,SSD,SSD,South Sudan,24.23,% of monthly GNI per capita,available,2025,official,measured,"ITU ICT Price Baskets, December 2025 release",https://www.itu.int/en/ITU-D/Statistics/Documents/ICT_Prices/ITU_ICTPriceBaskets_2008-2025.xlsx,itu,2025-12-02,2026-10-01,"ITU 2025 retail basket, selected under its representative-operator rules. At least 5 GB; actual allowance may be higher. Historical observation, not a current quote. The 5 GB mobile basket must not be spliced into the older 2 GB series. Income ratio uses ITU’s own GNI denominator and release, which can differ from this Observatory’s AI-price income base.","ITU 2025 retail basket, selected under its representative-operator rules. At least 5 GB; actual allowance may be higher. Historical observation, not a current quote. The 5 GB mobile basket must not be spliced into the older 2 GB series. Income ratio uses ITU’s own GNI denominator and release, which can differ from this Observatory’s AI-price income base.","{""allowance_gb"": 5, ""metadata_source_id"": ""itu-detail"", ""operator"": ""MTN"", ""operator_notes"": """", ""source_cell"": ""economies_2008-2025!AB8081"", ""source_code"": ""i271mb_5GB_GNI"", ""source_value"": 24.23, ""tax_rate_as_published"": 10, ""technology"": ""3G/4G""}",False
cost-mobile-gni-2025,costs,access,Mobile data basket / monthly income,SDN,SDN,Sudan,6.62,% of monthly GNI per capita,available,2025,official,measured,"ITU ICT Price Baskets, December 2025 release",https://www.itu.int/en/ITU-D/Statistics/Documents/ICT_Prices/ITU_ICTPriceBaskets_2008-2025.xlsx,itu,2025-12-02,2026-10-01,"ITU 2025 retail basket, selected under its representative-operator rules. At least 5 GB; actual allowance may be higher. Historical observation, not a current quote. The 5 GB mobile basket must not be spliced into the older 2 GB series. Income ratio uses ITU’s own GNI denominator and release, which can differ from this Observatory’s AI-price income base.","ITU 2025 retail basket, selected under its representative-operator rules. At least 5 GB; actual allowance may be higher. Historical observation, not a current quote. The 5 GB mobile basket must not be spliced into the older 2 GB series. Income ratio uses ITU’s own GNI denominator and release, which can differ from this Observatory’s AI-price income base.","{""allowance_gb"": 10, ""metadata_source_id"": ""itu-detail"", ""operator"": ""Zain Sudan"", ""operator_notes"": """", ""source_cell"": ""economies_2008-2025!AB7631"", ""source_code"": ""i271mb_5GB_GNI"", ""source_value"": 6.62, ""tax_rate_as_published"": 30, ""technology"": ""3G & 4G""}",False
cost-mobile-gni-2025,costs,access,Mobile data basket / monthly income,STP,STP,São Tomé and Príncipe,4.35,% of monthly GNI per capita,available,2025,official,measured,"ITU ICT Price Baskets, December 2025 release",https://www.itu.int/en/ITU-D/Statistics/Documents/ICT_Prices/ITU_ICTPriceBaskets_2008-2025.xlsx,itu,2025-12-02,2026-10-01,"ITU 2025 retail basket, selected under its representative-operator rules. At least 5 GB; actual allowance may be higher. Historical observation, not a current quote. The 5 GB mobile basket must not be spliced into the older 2 GB series. Income ratio uses ITU’s own GNI denominator and release, which can differ from this Observatory’s AI-price income base.","ITU 2025 retail basket, selected under its representative-operator rules. At least 5 GB; actual allowance may be higher. Historical observation, not a current quote. The 5 GB mobile basket must not be spliced into the older 2 GB series. Income ratio uses ITU’s own GNI denominator and release, which can differ from this Observatory’s AI-price income base.","{""allowance_gb"": 5, ""metadata_source_id"": ""itu-detail"", ""operator"": ""CST"", ""operator_notes"": """", ""source_cell"": ""economies_2008-2025!AB8126"", ""source_code"": ""i271mb_5GB_GNI"", ""source_value"": 4.35, ""tax_rate_as_published"": 15, ""technology"": ""4G""}",False
cost-mobile-gni-2025,costs,access,Mobile data basket / monthly income,TZA,TZA,Tanzania,4.79,% of monthly GNI per capita,available,2025,official,measured,"ITU ICT Price Baskets, December 2025 release",https://www.itu.int/en/ITU-D/Statistics/Documents/ICT_Prices/ITU_ICTPriceBaskets_2008-2025.xlsx,itu,2025-12-02,2026-10-01,"ITU 2025 retail basket, selected under its representative-operator rules. At least 5 GB; actual allowance may be higher. Historical observation, not a current quote. The 5 GB mobile basket must not be spliced into the older 2 GB series. Income ratio uses ITU’s own GNI denominator and release, which can differ from this Observatory’s AI-price income base.","ITU 2025 retail basket, selected under its representative-operator rules. At least 5 GB; actual allowance may be higher. Historical observation, not a current quote. The 5 GB mobile basket must not be spliced into the older 2 GB series. Income ratio uses ITU’s own GNI denominator and release, which can differ from this Observatory’s AI-price income base.","{""allowance_gb"": 5.6, ""metadata_source_id"": ""itu-detail"", ""operator"": ""Vodacom Tanzania"", ""operator_notes"": """", ""source_cell"": ""economies_2008-2025!AB9161"", ""source_code"": ""i271mb_5GB_GNI"", ""source_value"": 4.79, ""tax_rate_as_published"": 18, ""technology"": ""4G""}",False
cost-mobile-gni-2025,costs,access,Mobile data basket / monthly income,TGO,TGO,Togo,9.46,% of monthly GNI per capita,available,2025,official,measured,"ITU ICT Price Baskets, December 2025 release",https://www.itu.int/en/ITU-D/Statistics/Documents/ICT_Prices/ITU_ICTPriceBaskets_2008-2025.xlsx,itu,2025-12-02,2026-10-01,"ITU 2025 retail basket, selected under its representative-operator rules. At least 5 GB; actual allowance may be higher. Historical observation, not a current quote. The 5 GB mobile basket must not be spliced into the older 2 GB series. Income ratio uses ITU’s own GNI denominator and release, which can differ from this Observatory’s AI-price income base.","ITU 2025 retail basket, selected under its representative-operator rules. At least 5 GB; actual allowance may be higher. Historical observation, not a current quote. The 5 GB mobile basket must not be spliced into the older 2 GB series. Income ratio uses ITU’s own GNI denominator and release, which can differ from this Observatory’s AI-price income base.","{""allowance_gb"": 6, ""metadata_source_id"": ""itu-detail"", ""operator"": ""Togo Cellulaire"", ""operator_notes"": null, ""source_cell"": ""economies_2008-2025!AB8621"", ""source_code"": ""i271mb_5GB_GNI"", ""source_value"": 9.46, ""tax_rate_as_published"": 18, ""technology"": ""4G+""}",False
cost-mobile-gni-2025,costs,access,Mobile data basket / monthly income,TUN,TUN,Tunisia,1.36,% of monthly GNI per capita,available,2025,official,measured,"ITU ICT Price Baskets, December 2025 release",https://www.itu.int/en/ITU-D/Statistics/Documents/ICT_Prices/ITU_ICTPriceBaskets_2008-2025.xlsx,itu,2025-12-02,2026-10-01,"ITU 2025 retail basket, selected under its representative-operator rules. At least 5 GB; actual allowance may be higher. Historical observation, not a current quote. The 5 GB mobile basket must not be spliced into the older 2 GB series. Income ratio uses ITU’s own GNI denominator and release, which can differ from this Observatory’s AI-price income base.","ITU 2025 retail basket, selected under its representative-operator rules. At least 5 GB; actual allowance may be higher. Historical observation, not a current quote. The 5 GB mobile basket must not be spliced into the older 2 GB series. Income ratio uses ITU’s own GNI denominator and release, which can differ from this Observatory’s AI-price income base.","{""allowance_gb"": 6, ""metadata_source_id"": ""itu-detail"", ""operator"": ""Ooredoo"", ""operator_notes"": null, ""source_cell"": ""economies_2008-2025!AB8981"", ""source_code"": ""i271mb_5GB_GNI"", ""source_value"": 1.36, ""tax_rate_as_published"": 19, ""technology"": ""3G/4G/5G""}",False
cost-mobile-gni-2025,costs,access,Mobile data basket / monthly income,UGA,UGA,Uganda,6.07,% of monthly GNI per capita,available,2025,official,measured,"ITU ICT Price Baskets, December 2025 release",https://www.itu.int/en/ITU-D/Statistics/Documents/ICT_Prices/ITU_ICTPriceBaskets_2008-2025.xlsx,itu,2025-12-02,2026-10-01,"ITU 2025 retail basket, selected under its representative-operator rules. At least 5 GB; actual allowance may be higher. Historical observation, not a current quote. The 5 GB mobile basket must not be spliced into the older 2 GB series. Income ratio uses ITU’s own GNI denominator and release, which can differ from this Observatory’s AI-price income base.","ITU 2025 retail basket, selected under its representative-operator rules. At least 5 GB; actual allowance may be higher. Historical observation, not a current quote. The 5 GB mobile basket must not be spliced into the older 2 GB series. Income ratio uses ITU’s own GNI denominator and release, which can differ from this Observatory’s AI-price income base.","{""allowance_gb"": 7.5, ""metadata_source_id"": ""itu-detail"", ""operator"": ""MTN Uganda"", ""operator_notes"": """", ""source_cell"": ""economies_2008-2025!AB9206"", ""source_code"": ""i271mb_5GB_GNI"", ""source_value"": 6.07, ""tax_rate_as_published"": 30, ""technology"": ""2G, 3G+, 4G""}",False
cost-mobile-gni-2025,costs,access,Mobile data basket / monthly income,ZMB,ZMB,Zambia,3.18,% of monthly GNI per capita,available,2025,official,measured,"ITU ICT Price Baskets, December 2025 release",https://www.itu.int/en/ITU-D/Statistics/Documents/ICT_Prices/ITU_ICTPriceBaskets_2008-2025.xlsx,itu,2025-12-02,2026-10-01,"ITU 2025 retail basket, selected under its representative-operator rules. At least 5 GB; actual allowance may be higher. Historical observation, not a current quote. The 5 GB mobile basket must not be spliced into the older 2 GB series. Income ratio uses ITU’s own GNI denominator and release, which can differ from this Observatory’s AI-price income base.","ITU 2025 retail basket, selected under its representative-operator rules. At least 5 GB; actual allowance may be higher. Historical observation, not a current quote. The 5 GB mobile basket must not be spliced into the older 2 GB series. Income ratio uses ITU’s own GNI denominator and release, which can differ from this Observatory’s AI-price income base.","{""allowance_gb"": 6, ""metadata_source_id"": ""itu-detail"", ""operator"": ""Airtel"", ""operator_notes"": """", ""source_cell"": ""economies_2008-2025!AB9881"", ""source_code"": ""i271mb_5GB_GNI"", ""source_value"": 3.18, ""tax_rate_as_published"": 33.5, ""technology"": ""3G & 4G""}",False
cost-mobile-gni-2025,costs,access,Mobile data basket / monthly income,ZWE,ZWE,Zimbabwe,,% of monthly GNI per capita,no_information_in_source,2025,official,measured,"ITU ICT Price Baskets, December 2025 release",https://www.itu.int/en/ITU-D/Statistics/Documents/ICT_Prices/ITU_ICTPriceBaskets_2008-2025.xlsx,itu,2025-12-02,2026-10-01,"ITU 2025 retail basket, selected under its representative-operator rules. At least 5 GB; actual allowance may be higher. Historical observation, not a current quote. The 5 GB mobile basket must not be spliced into the older 2 GB series. Income ratio uses ITU’s own GNI denominator and release, which can differ from this Observatory’s AI-price income base.",No information in the ITU 2025 basket cell; no prior year substituted.,"{""allowance_gb"": 5.6, ""metadata_source_id"": ""itu-detail"", ""operator"": ""ECONET"", ""operator_notes"": """", ""source_cell"": ""economies_2008-2025!AB9926"", ""source_code"": ""i271mb_5GB_GNI"", ""source_value"": ""NA"", ""tax_rate_as_published"": 25, ""technology"": ""W-CDMA, LTE, 5G""}",False
cost-fixed-usd-2025,costs,access,Fixed broadband basket (5 GB minimum),DZA,DZA,Algeria,11.88,USD per month,available,2025,official,measured,"ITU ICT Price Baskets, December 2025 release",https://www.itu.int/en/ITU-D/Statistics/Documents/ICT_Prices/ITU_ICTPriceBaskets_2008-2025.xlsx,itu,2025-12-02,2026-10-01,"ITU 2025 retail basket, selected under its representative-operator rules. At least 5 GB; actual allowance may be higher. Historical observation, not a current quote. Connection charges and device costs are not added to this monthly figure.","ITU 2025 retail basket, selected under its representative-operator rules. At least 5 GB; actual allowance may be higher. Historical observation, not a current quote. Connection charges and device costs are not added to this monthly figure.","{""allowance_gb"": ""Unlimited"", ""metadata_source_id"": ""itu-detail"", ""operator"": ""Algérie Télécom"", ""operator_notes"": null, ""source_cell"": ""economies_2008-2025!AB2527"", ""source_code"": ""i154_FBB5$"", ""source_value"": 11.88, ""tax_rate_as_published"": 0, ""technology"": ""XDSL et FTTX""}",False
cost-fixed-usd-2025,costs,access,Fixed broadband basket (5 GB minimum),AGO,AGO,Angola,30.69,USD per month,available,2025,official,measured,"ITU ICT Price Baskets, December 2025 release",https://www.itu.int/en/ITU-D/Statistics/Documents/ICT_Prices/ITU_ICTPriceBaskets_2008-2025.xlsx,itu,2025-12-02,2026-10-01,"ITU 2025 retail basket, selected under its representative-operator rules. At least 5 GB; actual allowance may be higher. Historical observation, not a current quote. Connection charges and device costs are not added to this monthly figure.","ITU 2025 retail basket, selected under its representative-operator rules. At least 5 GB; actual allowance may be higher. Historical observation, not a current quote. Connection charges and device costs are not added to this monthly figure.","{""allowance_gb"": ""Unlimited"", ""metadata_source_id"": ""itu-detail"", ""operator"": ""ZAP"", ""operator_notes"": null, ""source_cell"": ""economies_2008-2025!AB97"", ""source_code"": ""i154_FBB5$"", ""source_value"": 30.69, ""tax_rate_as_published"": 14, ""technology"": ""FTTH""}",False
cost-fixed-usd-2025,costs,access,Fixed broadband basket (5 GB minimum),BEN,BEN,Benin,25.66,USD per month,available,2025,official,measured,"ITU ICT Price Baskets, December 2025 release",https://www.itu.int/en/ITU-D/Statistics/Documents/ICT_Prices/ITU_ICTPriceBaskets_2008-2025.xlsx,itu,2025-12-02,2026-10-01,"ITU 2025 retail basket, selected under its representative-operator rules. At least 5 GB; actual allowance may be higher. Historical observation, not a current quote. Connection charges and device costs are not added to this monthly figure.","ITU 2025 retail basket, selected under its representative-operator rules. At least 5 GB; actual allowance may be higher. Historical observation, not a current quote. Connection charges and device costs are not added to this monthly figure.","{""allowance_gb"": ""Unlimited"", ""metadata_source_id"": ""itu-detail"", ""operator"": ""SBIN"", ""operator_notes"": null, ""source_cell"": ""economies_2008-2025!AB727"", ""source_code"": ""i154_FBB5$"", ""source_value"": 25.66, ""tax_rate_as_published"": 18, ""technology"": ""ADSL""}",False
cost-fixed-usd-2025,costs,access,Fixed broadband basket (5 GB minimum),BWA,BWA,Botswana,49.97,USD per month,available,2025,official,measured,"ITU ICT Price Baskets, December 2025 release",https://www.itu.int/en/ITU-D/Statistics/Documents/ICT_Prices/ITU_ICTPriceBaskets_2008-2025.xlsx,itu,2025-12-02,2026-10-01,"ITU 2025 retail basket, selected under its representative-operator rules. At least 5 GB; actual allowance may be higher. Historical observation, not a current quote. Connection charges and device costs are not added to this monthly figure.","ITU 2025 retail basket, selected under its representative-operator rules. At least 5 GB; actual allowance may be higher. Historical observation, not a current quote. Connection charges and device costs are not added to this monthly figure.","{""allowance_gb"": ""Unlimited"", ""metadata_source_id"": ""itu-detail"", ""operator"": ""Botswana Telecommunications Corporation Limited (BTCL)"", ""operator_notes"": null, ""source_cell"": ""economies_2008-2025!AB1402"", ""source_code"": ""i154_FBB5$"", ""source_value"": 49.97, ""tax_rate_as_published"": 14, ""technology"": ""DSL""}",False
cost-fixed-usd-2025,costs,access,Fixed broadband basket (5 GB minimum),BFA,BFA,Burkina Faso,24.06,USD per month,available,2025,official,measured,"ITU ICT Price Baskets, December 2025 release",https://www.itu.int/en/ITU-D/Statistics/Documents/ICT_Prices/ITU_ICTPriceBaskets_2008-2025.xlsx,itu,2025-12-02,2026-10-01,"ITU 2025 retail basket, selected under its representative-operator rules. At least 5 GB; actual allowance may be higher. Historical observation, not a current quote. Connection charges and device costs are not added to this monthly figure.","ITU 2025 retail basket, selected under its representative-operator rules. At least 5 GB; actual allowance may be higher. Historical observation, not a current quote. Connection charges and device costs are not added to this monthly figure.","{""allowance_gb"": ""Unlimited"", ""metadata_source_id"": ""itu-detail"", ""operator"": ""CanalBox"", ""operator_notes"": null, ""source_cell"": ""economies_2008-2025!AB772"", ""source_code"": ""i154_FBB5$"", ""source_value"": 24.06, ""tax_rate_as_published"": 18, ""technology"": ""FTTH""}",False
cost-fixed-usd-2025,costs,access,Fixed broadband basket (5 GB minimum),BDI,BDI,Burundi,64.88,USD per month,available,2025,official,measured,"ITU ICT Price Baskets, December 2025 release",https://www.itu.int/en/ITU-D/Statistics/Documents/ICT_Prices/ITU_ICTPriceBaskets_2008-2025.xlsx,itu,2025-12-02,2026-10-01,"ITU 2025 retail basket, selected under its representative-operator rules. At least 5 GB; actual allowance may be higher. Historical observation, not a current quote. Connection charges and device costs are not added to this monthly figure.","ITU 2025 retail basket, selected under its representative-operator rules. At least 5 GB; actual allowance may be higher. Historical observation, not a current quote. Connection charges and device costs are not added to this monthly figure.","{""allowance_gb"": ""Unlimited"", ""metadata_source_id"": ""itu-detail"", ""operator"": ""CBINET"", ""operator_notes"": ""An additional tax called OTT and IP Communication Tax of 100,000 BIF/month/subscription is applied to each connection (including each additional residential connection)."", ""source_cell"": ""economies_2008-2025!AB637"", ""source_code"": ""i154_FBB5$"", ""source_value"": 64.88, ""tax_rate_as_published"": 18, ""technology"": ""DSL, FTTH""}",False
cost-fixed-usd-2025,costs,access,Fixed broadband basket (5 GB minimum),CPV,CPV,Cabo Verde,8.57,USD per month,available,2025,official,measured,"ITU ICT Price Baskets, December 2025 release",https://www.itu.int/en/ITU-D/Statistics/Documents/ICT_Prices/ITU_ICTPriceBaskets_2008-2025.xlsx,itu,2025-12-02,2026-10-01,"ITU 2025 retail basket, selected under its representative-operator rules. At least 5 GB; actual allowance may be higher. Historical observation, not a current quote. Connection charges and device costs are not added to this monthly figure.","ITU 2025 retail basket, selected under its representative-operator rules. At least 5 GB; actual allowance may be higher. Historical observation, not a current quote. Connection charges and device costs are not added to this monthly figure.","{""allowance_gb"": 10, ""metadata_source_id"": ""itu-detail"", ""operator"": ""CVTelecom"", ""operator_notes"": """", ""source_cell"": ""economies_2008-2025!AB1987"", ""source_code"": ""i154_FBB5$"", ""source_value"": 8.57, ""tax_rate_as_published"": 15, ""technology"": ""DSL, FTTH""}",False
cost-fixed-usd-2025,costs,access,Fixed broadband basket (5 GB minimum),CMR,CMR,Cameroon,24.06,USD per month,available,2025,official,measured,"ITU ICT Price Baskets, December 2025 release",https://www.itu.int/en/ITU-D/Statistics/Documents/ICT_Prices/ITU_ICTPriceBaskets_2008-2025.xlsx,itu,2025-12-02,2026-10-01,"ITU 2025 retail basket, selected under its representative-operator rules. At least 5 GB; actual allowance may be higher. Historical observation, not a current quote. Connection charges and device costs are not added to this monthly figure.","ITU 2025 retail basket, selected under its representative-operator rules. At least 5 GB; actual allowance may be higher. Historical observation, not a current quote. Connection charges and device costs are not added to this monthly figure.","{""allowance_gb"": ""Throttled"", ""metadata_source_id"": ""itu-detail"", ""operator"": ""CAMTEL"", ""operator_notes"": ""Throttled, beyond the 35 GB quota, the maximum internet speed decreases to 1 Mbps."", ""source_cell"": ""economies_2008-2025!AB1717"", ""source_code"": ""i154_FBB5$"", ""source_value"": 24.06, ""tax_rate_as_published"": 19.25, ""technology"": ""Fixed wireless""}",False
cost-fixed-usd-2025,costs,access,Fixed broadband basket (5 GB minimum),CAF,CAF,Central African Republic,33.96,USD per month,available,2025,official,measured,"ITU ICT Price Baskets, December 2025 release",https://www.itu.int/en/ITU-D/Statistics/Documents/ICT_Prices/ITU_ICTPriceBaskets_2008-2025.xlsx,itu,2025-12-02,2026-10-01,"ITU 2025 retail basket, selected under its representative-operator rules. At least 5 GB; actual allowance may be higher. Historical observation, not a current quote. Connection charges and device costs are not added to this monthly figure.","ITU 2025 retail basket, selected under its representative-operator rules. At least 5 GB; actual allowance may be higher. Historical observation, not a current quote. Connection charges and device costs are not added to this monthly figure.","{""allowance_gb"": 20, ""metadata_source_id"": ""itu-detail"", ""operator"": ""Orange"", ""operator_notes"": """", ""source_cell"": ""economies_2008-2025!AB1447"", ""source_code"": ""i154_FBB5$"", ""source_value"": 33.96, ""tax_rate_as_published"": 19, ""technology"": ""Wireless 3G+""}",False
cost-fixed-usd-2025,costs,access,Fixed broadband basket (5 GB minimum),TCD,TCD,Chad,,USD per month,no_information_in_source,2025,official,measured,"ITU ICT Price Baskets, December 2025 release",https://www.itu.int/en/ITU-D/Statistics/Documents/ICT_Prices/ITU_ICTPriceBaskets_2008-2025.xlsx,itu,2025-12-02,2026-10-01,"ITU 2025 retail basket, selected under its representative-operator rules. At least 5 GB; actual allowance may be higher. Historical observation, not a current quote. Connection charges and device costs are not added to this monthly figure.",No information in the ITU 2025 basket cell; no prior year substituted.,"{""metadata_source_id"": ""itu-detail"", ""source_cell"": ""economies_2008-2025!AB8557"", ""source_code"": ""i154_FBB5$"", ""source_value"": ""NA""}",False
cost-fixed-usd-2025,costs,access,Fixed broadband basket (5 GB minimum),COM,COM,Comoros,34.49,USD per month,available,2025,official,measured,"ITU ICT Price Baskets, December 2025 release",https://www.itu.int/en/ITU-D/Statistics/Documents/ICT_Prices/ITU_ICTPriceBaskets_2008-2025.xlsx,itu,2025-12-02,2026-10-01,"ITU 2025 retail basket, selected under its representative-operator rules. At least 5 GB; actual allowance may be higher. Historical observation, not a current quote. Connection charges and device costs are not added to this monthly figure.","ITU 2025 retail basket, selected under its representative-operator rules. At least 5 GB; actual allowance may be higher. Historical observation, not a current quote. Connection charges and device costs are not added to this monthly figure.","{""allowance_gb"": ""Unlimited"", ""metadata_source_id"": ""itu-detail"", ""operator"": ""Comores Télécom"", ""operator_notes"": """", ""source_cell"": ""economies_2008-2025!AB1942"", ""source_code"": ""i154_FBB5$"", ""source_value"": 34.49, ""tax_rate_as_published"": 10, ""technology"": ""ADSL""}",False
cost-fixed-usd-2025,costs,access,Fixed broadband basket (5 GB minimum),CIV,CIV,Côte d'Ivoire,24.06,USD per month,available,2025,official,measured,"ITU ICT Price Baskets, December 2025 release",https://www.itu.int/en/ITU-D/Statistics/Documents/ICT_Prices/ITU_ICTPriceBaskets_2008-2025.xlsx,itu,2025-12-02,2026-10-01,"ITU 2025 retail basket, selected under its representative-operator rules. At least 5 GB; actual allowance may be higher. Historical observation, not a current quote. Connection charges and device costs are not added to this monthly figure.","ITU 2025 retail basket, selected under its representative-operator rules. At least 5 GB; actual allowance may be higher. Historical observation, not a current quote. Connection charges and device costs are not added to this monthly figure.","{""allowance_gb"": ""Unlimited"", ""metadata_source_id"": ""itu-detail"", ""operator"": ""Orange Côte d’Ivoire"", ""operator_notes"": null, ""source_cell"": ""economies_2008-2025!AB1672"", ""source_code"": ""i154_FBB5$"", ""source_value"": 24.06, ""tax_rate_as_published"": 18, ""technology"": ""FTTH""}",False
cost-fixed-usd-2025,costs,access,Fixed broadband basket (5 GB minimum),COD,COD,Democratic Republic of the Congo,,USD per month,no_information_in_source,2025,official,measured,"ITU ICT Price Baskets, December 2025 release",https://www.itu.int/en/ITU-D/Statistics/Documents/ICT_Prices/ITU_ICTPriceBaskets_2008-2025.xlsx,itu,2025-12-02,2026-10-01,"ITU 2025 retail basket, selected under its representative-operator rules. At least 5 GB; actual allowance may be higher. Historical observation, not a current quote. Connection charges and device costs are not added to this monthly figure.",No information in the ITU 2025 basket cell; no prior year substituted.,"{""metadata_source_id"": ""itu-detail"", ""source_cell"": ""economies_2008-2025!AB1762"", ""source_code"": ""i154_FBB5$"", ""source_value"": ""NA""}",False
cost-fixed-usd-2025,costs,access,Fixed broadband basket (5 GB minimum),DJI,DJI,Djibouti,15.47,USD per month,available,2025,official,measured,"ITU ICT Price Baskets, December 2025 release",https://www.itu.int/en/ITU-D/Statistics/Documents/ICT_Prices/ITU_ICTPriceBaskets_2008-2025.xlsx,itu,2025-12-02,2026-10-01,"ITU 2025 retail basket, selected under its representative-operator rules. At least 5 GB; actual allowance may be higher. Historical observation, not a current quote. Connection charges and device costs are not added to this monthly figure.","ITU 2025 retail basket, selected under its representative-operator rules. At least 5 GB; actual allowance may be higher. Historical observation, not a current quote. Connection charges and device costs are not added to this monthly figure.","{""allowance_gb"": 150, ""metadata_source_id"": ""itu-detail"", ""operator"": ""Djibouti Telecom"", ""operator_notes"": null, ""source_cell"": ""economies_2008-2025!AB2347"", ""source_code"": ""i154_FBB5$"", ""source_value"": 15.47, ""tax_rate_as_published"": 10, ""technology"": ""ADSL""}",False
cost-fixed-usd-2025,costs,access,Fixed broadband basket (5 GB minimum),EGY,EGY,Egypt,4.74,USD per month,available,2025,official,measured,"ITU ICT Price Baskets, December 2025 release",https://www.itu.int/en/ITU-D/Statistics/Documents/ICT_Prices/ITU_ICTPriceBaskets_2008-2025.xlsx,itu,2025-12-02,2026-10-01,"ITU 2025 retail basket, selected under its representative-operator rules. At least 5 GB; actual allowance may be higher. Historical observation, not a current quote. Connection charges and device costs are not added to this monthly figure.","ITU 2025 retail basket, selected under its representative-operator rules. At least 5 GB; actual allowance may be higher. Historical observation, not a current quote. Connection charges and device costs are not added to this monthly figure.","{""allowance_gb"": 140, ""metadata_source_id"": ""itu-detail"", ""operator"": ""WE Data"", ""operator_notes"": ""Speed throttled to 256 Kbps after consumption of 140 GB."", ""source_cell"": ""economies_2008-2025!AB2617"", ""source_code"": ""i154_FBB5$"", ""source_value"": 4.74, ""tax_rate_as_published"": 14, ""technology"": ""DSL/FTTH""}",False
cost-fixed-usd-2025,costs,access,Fixed broadband basket (5 GB minimum),GNQ,GNQ,Equatorial Guinea,,USD per month,no_information_in_source,2025,official,measured,"ITU ICT Price Baskets, December 2025 release",https://www.itu.int/en/ITU-D/Statistics/Documents/ICT_Prices/ITU_ICTPriceBaskets_2008-2025.xlsx,itu,2025-12-02,2026-10-01,"ITU 2025 retail basket, selected under its representative-operator rules. At least 5 GB; actual allowance may be higher. Historical observation, not a current quote. Connection charges and device costs are not added to this monthly figure.",No information in the ITU 2025 basket cell; no prior year substituted.,"{""metadata_source_id"": ""itu-detail"", ""source_cell"": ""economies_2008-2025!AB3472"", ""source_code"": ""i154_FBB5$"", ""source_value"": ""NA""}",False
cost-fixed-usd-2025,costs,access,Fixed broadband basket (5 GB minimum),ERI,ERI,Eritrea,,USD per month,no_information_in_source,2025,official,measured,"ITU ICT Price Baskets, December 2025 release",https://www.itu.int/en/ITU-D/Statistics/Documents/ICT_Prices/ITU_ICTPriceBaskets_2008-2025.xlsx,itu,2025-12-02,2026-10-01,"ITU 2025 retail basket, selected under its representative-operator rules. At least 5 GB; actual allowance may be higher. Historical observation, not a current quote. Connection charges and device costs are not added to this monthly figure.",No information in the ITU 2025 basket cell; no prior year substituted.,"{""metadata_source_id"": ""itu-detail"", ""source_cell"": ""economies_2008-2025!AB2662"", ""source_code"": ""i154_FBB5$"", ""source_value"": ""NA""}",False
cost-fixed-usd-2025,costs,access,Fixed broadband basket (5 GB minimum),SWZ,SWZ,Eswatini,5.13,USD per month,available,2025,official,measured,"ITU ICT Price Baskets, December 2025 release",https://www.itu.int/en/ITU-D/Statistics/Documents/ICT_Prices/ITU_ICTPriceBaskets_2008-2025.xlsx,itu,2025-12-02,2026-10-01,"ITU 2025 retail basket, selected under its representative-operator rules. At least 5 GB; actual allowance may be higher. Historical observation, not a current quote. Connection charges and device costs are not added to this monthly figure.","ITU 2025 retail basket, selected under its representative-operator rules. At least 5 GB; actual allowance may be higher. Historical observation, not a current quote. Connection charges and device costs are not added to this monthly figure.","{""allowance_gb"": 20, ""metadata_source_id"": ""itu-detail"", ""operator"": ""SPTC"", ""operator_notes"": """", ""source_cell"": ""economies_2008-2025!AB8332"", ""source_code"": ""i154_FBB5$"", ""source_value"": 5.13, ""tax_rate_as_published"": 15, ""technology"": ""ADSL""}",False
cost-fixed-usd-2025,costs,access,Fixed broadband basket (5 GB minimum),ETH,ETH,Ethiopia,5.52,USD per month,available,2025,official,measured,"ITU ICT Price Baskets, December 2025 release",https://www.itu.int/en/ITU-D/Statistics/Documents/ICT_Prices/ITU_ICTPriceBaskets_2008-2025.xlsx,itu,2025-12-02,2026-10-01,"ITU 2025 retail basket, selected under its representative-operator rules. At least 5 GB; actual allowance may be higher. Historical observation, not a current quote. Connection charges and device costs are not added to this monthly figure.","ITU 2025 retail basket, selected under its representative-operator rules. At least 5 GB; actual allowance may be higher. Historical observation, not a current quote. Connection charges and device costs are not added to this monthly figure.","{""allowance_gb"": ""Unlimited"", ""metadata_source_id"": ""itu-detail"", ""operator"": ""Ethio Telecom"", ""operator_notes"": """", ""source_cell"": ""economies_2008-2025!AB2797"", ""source_code"": ""i154_FBB5$"", ""source_value"": 5.52, ""tax_rate_as_published"": 20, ""technology"": ""FTTH""}",False
cost-fixed-usd-2025,costs,access,Fixed broadband basket (5 GB minimum),GAB,GAB,Gabon,40.1,USD per month,available,2025,official,measured,"ITU ICT Price Baskets, December 2025 release",https://www.itu.int/en/ITU-D/Statistics/Documents/ICT_Prices/ITU_ICTPriceBaskets_2008-2025.xlsx,itu,2025-12-02,2026-10-01,"ITU 2025 retail basket, selected under its representative-operator rules. At least 5 GB; actual allowance may be higher. Historical observation, not a current quote. Connection charges and device costs are not added to this monthly figure.","ITU 2025 retail basket, selected under its representative-operator rules. At least 5 GB; actual allowance may be higher. Historical observation, not a current quote. Connection charges and device costs are not added to this monthly figure.","{""allowance_gb"": ""Unlimited"", ""metadata_source_id"": ""itu-detail"", ""operator"": ""Gabon Telecom/Moov Africa"", ""operator_notes"": null, ""source_cell"": ""economies_2008-2025!AB3112"", ""source_code"": ""i154_FBB5$"", ""source_value"": 40.1, ""tax_rate_as_published"": 18, ""technology"": ""FTTH""}",False
cost-fixed-usd-2025,costs,access,Fixed broadband basket (5 GB minimum),GMB,GMB,Gambia,,USD per month,no_information_in_source,2025,official,measured,"ITU ICT Price Baskets, December 2025 release",https://www.itu.int/en/ITU-D/Statistics/Documents/ICT_Prices/ITU_ICTPriceBaskets_2008-2025.xlsx,itu,2025-12-02,2026-10-01,"ITU 2025 retail basket, selected under its representative-operator rules. At least 5 GB; actual allowance may be higher. Historical observation, not a current quote. Connection charges and device costs are not added to this monthly figure.",No information in the ITU 2025 basket cell; no prior year substituted.,"{""metadata_source_id"": ""itu-detail"", ""source_cell"": ""economies_2008-2025!AB3382"", ""source_code"": ""i154_FBB5$"", ""source_value"": ""NA""}",False
cost-fixed-usd-2025,costs,access,Fixed broadband basket (5 GB minimum),GHA,GHA,Ghana,6.55,USD per month,available,2025,official,measured,"ITU ICT Price Baskets, December 2025 release",https://www.itu.int/en/ITU-D/Statistics/Documents/ICT_Prices/ITU_ICTPriceBaskets_2008-2025.xlsx,itu,2025-12-02,2026-10-01,"ITU 2025 retail basket, selected under its representative-operator rules. At least 5 GB; actual allowance may be higher. Historical observation, not a current quote. Connection charges and device costs are not added to this monthly figure.","ITU 2025 retail basket, selected under its representative-operator rules. At least 5 GB; actual allowance may be higher. Historical observation, not a current quote. Connection charges and device costs are not added to this monthly figure.","{""allowance_gb"": 21.489999771118164, ""metadata_source_id"": ""itu-detail"", ""operator"": ""Telecel Ghana"", ""operator_notes"": """", ""source_cell"": ""economies_2008-2025!AB3247"", ""source_code"": ""i154_FBB5$"", ""source_value"": 6.55, ""tax_rate_as_published"": 26, ""technology"": ""FTTH""}",False
cost-fixed-usd-2025,costs,access,Fixed broadband basket (5 GB minimum),GIN,GIN,Guinea,5.82,USD per month,available,2025,official,measured,"ITU ICT Price Baskets, December 2025 release",https://www.itu.int/en/ITU-D/Statistics/Documents/ICT_Prices/ITU_ICTPriceBaskets_2008-2025.xlsx,itu,2025-12-02,2026-10-01,"ITU 2025 retail basket, selected under its representative-operator rules. At least 5 GB; actual allowance may be higher. Historical observation, not a current quote. Connection charges and device costs are not added to this monthly figure.","ITU 2025 retail basket, selected under its representative-operator rules. At least 5 GB; actual allowance may be higher. Historical observation, not a current quote. Connection charges and device costs are not added to this monthly figure.","{""allowance_gb"": 5, ""metadata_source_id"": ""itu-detail"", ""operator"": ""Orange Guinea"", ""operator_notes"": """", ""source_cell"": ""economies_2008-2025!AB3337"", ""source_code"": ""i154_FBB5$"", ""source_value"": 5.82, ""tax_rate_as_published"": 18, ""technology"": ""WiMax""}",False
cost-fixed-usd-2025,costs,access,Fixed broadband basket (5 GB minimum),GNB,GNB,Guinea-Bissau,33.28,USD per month,available,2025,official,measured,"ITU ICT Price Baskets, December 2025 release",https://www.itu.int/en/ITU-D/Statistics/Documents/ICT_Prices/ITU_ICTPriceBaskets_2008-2025.xlsx,itu,2025-12-02,2026-10-01,"ITU 2025 retail basket, selected under its representative-operator rules. At least 5 GB; actual allowance may be higher. Historical observation, not a current quote. Connection charges and device costs are not added to this monthly figure.","ITU 2025 retail basket, selected under its representative-operator rules. At least 5 GB; actual allowance may be higher. Historical observation, not a current quote. Connection charges and device costs are not added to this monthly figure.","{""allowance_gb"": ""Throttled"", ""metadata_source_id"": ""itu-detail"", ""operator"": ""Orange Bissau, SA"", ""operator_notes"": ""Throttled with a fair usage policy of 500GB per month."", ""source_cell"": ""economies_2008-2025!AB3427"", ""source_code"": ""i154_FBB5$"", ""source_value"": 33.28, ""tax_rate_as_published"": 19, ""technology"": ""Proxim technology (Wireless)""}",False
cost-fixed-usd-2025,costs,access,Fixed broadband basket (5 GB minimum),KEN,KEN,Kenya,23.19,USD per month,available,2025,official,measured,"ITU ICT Price Baskets, December 2025 release",https://www.itu.int/en/ITU-D/Statistics/Documents/ICT_Prices/ITU_ICTPriceBaskets_2008-2025.xlsx,itu,2025-12-02,2026-10-01,"ITU 2025 retail basket, selected under its representative-operator rules. At least 5 GB; actual allowance may be higher. Historical observation, not a current quote. Connection charges and device costs are not added to this monthly figure.","ITU 2025 retail basket, selected under its representative-operator rules. At least 5 GB; actual allowance may be higher. Historical observation, not a current quote. Connection charges and device costs are not added to this monthly figure.","{""allowance_gb"": ""Unlimited"", ""metadata_source_id"": ""itu-detail"", ""operator"": ""Safaricom PLC"", ""operator_notes"": null, ""source_cell"": ""economies_2008-2025!AB4597"", ""source_code"": ""i154_FBB5$"", ""source_value"": 23.19, ""tax_rate_as_published"": 31, ""technology"": ""Fibre""}",False
cost-fixed-usd-2025,costs,access,Fixed broadband basket (5 GB minimum),LSO,LSO,Lesotho,5.35,USD per month,available,2025,official,measured,"ITU ICT Price Baskets, December 2025 release",https://www.itu.int/en/ITU-D/Statistics/Documents/ICT_Prices/ITU_ICTPriceBaskets_2008-2025.xlsx,itu,2025-12-02,2026-10-01,"ITU 2025 retail basket, selected under its representative-operator rules. At least 5 GB; actual allowance may be higher. Historical observation, not a current quote. Connection charges and device costs are not added to this monthly figure.","ITU 2025 retail basket, selected under its representative-operator rules. At least 5 GB; actual allowance may be higher. Historical observation, not a current quote. Connection charges and device costs are not added to this monthly figure.","{""allowance_gb"": 10, ""metadata_source_id"": ""itu-detail"", ""operator"": ""Econet Telecom Lesotho"", ""operator_notes"": null, ""source_cell"": ""economies_2008-2025!AB5227"", ""source_code"": ""i154_FBB5$"", ""source_value"": 5.35, ""tax_rate_as_published"": 15, ""technology"": ""FTTH""}",False
cost-fixed-usd-2025,costs,access,Fixed broadband basket (5 GB minimum),LBR,LBR,Liberia,93.0,USD per month,available,2025,official,measured,"ITU ICT Price Baskets, December 2025 release",https://www.itu.int/en/ITU-D/Statistics/Documents/ICT_Prices/ITU_ICTPriceBaskets_2008-2025.xlsx,itu,2025-12-02,2026-10-01,"ITU 2025 retail basket, selected under its representative-operator rules. At least 5 GB; actual allowance may be higher. Historical observation, not a current quote. Connection charges and device costs are not added to this monthly figure.","ITU 2025 retail basket, selected under its representative-operator rules. At least 5 GB; actual allowance may be higher. Historical observation, not a current quote. Connection charges and device costs are not added to this monthly figure.","{""allowance_gb"": ""Unlimited"", ""metadata_source_id"": ""itu-detail"", ""operator"": ""Telecel "", ""operator_notes"": null, ""source_cell"": ""economies_2008-2025!AB5002"", ""source_code"": ""i154_FBB5$"", ""source_value"": 93, ""tax_rate_as_published"": 15, ""technology"": ""fixed wireless""}",False
cost-fixed-usd-2025,costs,access,Fixed broadband basket (5 GB minimum),LBY,LBY,Libya,4.09,USD per month,available,2025,official,measured,"ITU ICT Price Baskets, December 2025 release",https://www.itu.int/en/ITU-D/Statistics/Documents/ICT_Prices/ITU_ICTPriceBaskets_2008-2025.xlsx,itu,2025-12-02,2026-10-01,"ITU 2025 retail basket, selected under its representative-operator rules. At least 5 GB; actual allowance may be higher. Historical observation, not a current quote. Connection charges and device costs are not added to this monthly figure.","ITU 2025 retail basket, selected under its representative-operator rules. At least 5 GB; actual allowance may be higher. Historical observation, not a current quote. Connection charges and device costs are not added to this monthly figure.","{""allowance_gb"": 20, ""metadata_source_id"": ""itu-detail"", ""operator"": ""Libya Telecom and Technology (LTT)"", ""operator_notes"": """", ""source_cell"": ""economies_2008-2025!AB5047"", ""source_code"": ""i154_FBB5$"", ""source_value"": 4.09, ""tax_rate_as_published"": 0, ""technology"": ""ADSL""}",False
cost-fixed-usd-2025,costs,access,Fixed broadband basket (5 GB minimum),MDG,MDG,Madagascar,10.46,USD per month,available,2025,official,measured,"ITU ICT Price Baskets, December 2025 release",https://www.itu.int/en/ITU-D/Statistics/Documents/ICT_Prices/ITU_ICTPriceBaskets_2008-2025.xlsx,itu,2025-12-02,2026-10-01,"ITU 2025 retail basket, selected under its representative-operator rules. At least 5 GB; actual allowance may be higher. Historical observation, not a current quote. Connection charges and device costs are not added to this monthly figure.","ITU 2025 retail basket, selected under its representative-operator rules. At least 5 GB; actual allowance may be higher. Historical observation, not a current quote. Connection charges and device costs are not added to this monthly figure.","{""allowance_gb"": 100, ""metadata_source_id"": ""itu-detail"", ""operator"": ""Yas Madagascar"", ""operator_notes"": """", ""source_cell"": ""economies_2008-2025!AB5587"", ""source_code"": ""i154_FBB5$"", ""source_value"": 10.46, ""tax_rate_as_published"": 20, ""technology"": ""FTTH""}",False
cost-fixed-usd-2025,costs,access,Fixed broadband basket (5 GB minimum),MWI,MWI,Malawi,8.57,USD per month,available,2025,official,measured,"ITU ICT Price Baskets, December 2025 release",https://www.itu.int/en/ITU-D/Statistics/Documents/ICT_Prices/ITU_ICTPriceBaskets_2008-2025.xlsx,itu,2025-12-02,2026-10-01,"ITU 2025 retail basket, selected under its representative-operator rules. At least 5 GB; actual allowance may be higher. Historical observation, not a current quote. Connection charges and device costs are not added to this monthly figure.","ITU 2025 retail basket, selected under its representative-operator rules. At least 5 GB; actual allowance may be higher. Historical observation, not a current quote. Connection charges and device costs are not added to this monthly figure.","{""allowance_gb"": 30, ""metadata_source_id"": ""itu-detail"", ""operator"": ""Airtel Malawi"", ""operator_notes"": """", ""source_cell"": ""economies_2008-2025!AB6217"", ""source_code"": ""i154_FBB5$"", ""source_value"": 8.57, ""tax_rate_as_published"": 26.5, ""technology"": ""4G wireless""}",False
cost-fixed-usd-2025,costs,access,Fixed broadband basket (5 GB minimum),MLI,MLI,Mali,15.88,USD per month,available,2025,official,measured,"ITU ICT Price Baskets, December 2025 release",https://www.itu.int/en/ITU-D/Statistics/Documents/ICT_Prices/ITU_ICTPriceBaskets_2008-2025.xlsx,itu,2025-12-02,2026-10-01,"ITU 2025 retail basket, selected under its representative-operator rules. At least 5 GB; actual allowance may be higher. Historical observation, not a current quote. Connection charges and device costs are not added to this monthly figure.","ITU 2025 retail basket, selected under its representative-operator rules. At least 5 GB; actual allowance may be higher. Historical observation, not a current quote. Connection charges and device costs are not added to this monthly figure.","{""allowance_gb"": ""Unlimited"", ""metadata_source_id"": ""itu-detail"", ""operator"": ""Moov Africa Malitel"", ""operator_notes"": null, ""source_cell"": ""economies_2008-2025!AB5812"", ""source_code"": ""i154_FBB5$"", ""source_value"": 15.88, ""tax_rate_as_published"": 18, ""technology"": ""ADSL""}",False
cost-fixed-usd-2025,costs,access,Fixed broadband basket (5 GB minimum),MRT,MRT,Mauritania,30.14,USD per month,available,2025,official,measured,"ITU ICT Price Baskets, December 2025 release",https://www.itu.int/en/ITU-D/Statistics/Documents/ICT_Prices/ITU_ICTPriceBaskets_2008-2025.xlsx,itu,2025-12-02,2026-10-01,"ITU 2025 retail basket, selected under its representative-operator rules. At least 5 GB; actual allowance may be higher. Historical observation, not a current quote. Connection charges and device costs are not added to this monthly figure.","ITU 2025 retail basket, selected under its representative-operator rules. At least 5 GB; actual allowance may be higher. Historical observation, not a current quote. Connection charges and device costs are not added to this monthly figure.","{""allowance_gb"": ""Unlimited"", ""metadata_source_id"": ""itu-detail"", ""operator"": ""Mauritel"", ""operator_notes"": """", ""source_cell"": ""economies_2008-2025!AB6127"", ""source_code"": ""i154_FBB5$"", ""source_value"": 30.14, ""tax_rate_as_published"": 18, ""technology"": ""FTTH""}",False
cost-fixed-usd-2025,costs,access,Fixed broadband basket (5 GB minimum),MUS,MUS,Mauritius,10.73,USD per month,available,2025,official,measured,"ITU ICT Price Baskets, December 2025 release",https://www.itu.int/en/ITU-D/Statistics/Documents/ICT_Prices/ITU_ICTPriceBaskets_2008-2025.xlsx,itu,2025-12-02,2026-10-01,"ITU 2025 retail basket, selected under its representative-operator rules. At least 5 GB; actual allowance may be higher. Historical observation, not a current quote. Connection charges and device costs are not added to this monthly figure.","ITU 2025 retail basket, selected under its representative-operator rules. At least 5 GB; actual allowance may be higher. Historical observation, not a current quote. Connection charges and device costs are not added to this monthly figure.","{""allowance_gb"": 60, ""metadata_source_id"": ""itu-detail"", ""operator"": ""Mauritius Telecom Ltd"", ""operator_notes"": """", ""source_cell"": ""economies_2008-2025!AB6172"", ""source_code"": ""i154_FBB5$"", ""source_value"": 10.73, ""tax_rate_as_published"": 15, ""technology"": ""FTTH""}",False
cost-fixed-usd-2025,costs,access,Fixed broadband basket (5 GB minimum),MAR,MAR,Morocco,9.99,USD per month,available,2025,official,measured,"ITU ICT Price Baskets, December 2025 release",https://www.itu.int/en/ITU-D/Statistics/Documents/ICT_Prices/ITU_ICTPriceBaskets_2008-2025.xlsx,itu,2025-12-02,2026-10-01,"ITU 2025 retail basket, selected under its representative-operator rules. At least 5 GB; actual allowance may be higher. Historical observation, not a current quote. Connection charges and device costs are not added to this monthly figure.","ITU 2025 retail basket, selected under its representative-operator rules. At least 5 GB; actual allowance may be higher. Historical observation, not a current quote. Connection charges and device costs are not added to this monthly figure.","{""allowance_gb"": ""Unlimited"", ""metadata_source_id"": ""itu-detail"", ""operator"": ""IAM"", ""operator_notes"": """", ""source_cell"": ""economies_2008-2025!AB5452"", ""source_code"": ""i154_FBB5$"", ""source_value"": 9.99, ""tax_rate_as_published"": 20, ""technology"": ""ADSL""}",False
cost-fixed-usd-2025,costs,access,Fixed broadband basket (5 GB minimum),MOZ,MOZ,Mozambique,21.17,USD per month,available,2025,official,measured,"ITU ICT Price Baskets, December 2025 release",https://www.itu.int/en/ITU-D/Statistics/Documents/ICT_Prices/ITU_ICTPriceBaskets_2008-2025.xlsx,itu,2025-12-02,2026-10-01,"ITU 2025 retail basket, selected under its representative-operator rules. At least 5 GB; actual allowance may be higher. Historical observation, not a current quote. Connection charges and device costs are not added to this monthly figure.","ITU 2025 retail basket, selected under its representative-operator rules. At least 5 GB; actual allowance may be higher. Historical observation, not a current quote. Connection charges and device costs are not added to this monthly figure.","{""allowance_gb"": 40, ""metadata_source_id"": ""itu-detail"", ""operator"": ""TMCEL"", ""operator_notes"": """", ""source_cell"": ""economies_2008-2025!AB6082"", ""source_code"": ""i154_FBB5$"", ""source_value"": 21.17, ""tax_rate_as_published"": 16, ""technology"": ""ADSL""}",False
cost-fixed-usd-2025,costs,access,Fixed broadband basket (5 GB minimum),NAM,NAM,Namibia,18.86,USD per month,available,2025,official,measured,"ITU ICT Price Baskets, December 2025 release",https://www.itu.int/en/ITU-D/Statistics/Documents/ICT_Prices/ITU_ICTPriceBaskets_2008-2025.xlsx,itu,2025-12-02,2026-10-01,"ITU 2025 retail basket, selected under its representative-operator rules. At least 5 GB; actual allowance may be higher. Historical observation, not a current quote. Connection charges and device costs are not added to this monthly figure.","ITU 2025 retail basket, selected under its representative-operator rules. At least 5 GB; actual allowance may be higher. Historical observation, not a current quote. Connection charges and device costs are not added to this monthly figure.","{""allowance_gb"": ""Unlimited"", ""metadata_source_id"": ""itu-detail"", ""operator"": ""Telecom Namibia"", ""operator_notes"": null, ""source_cell"": ""economies_2008-2025!AB6307"", ""source_code"": ""i154_FBB5$"", ""source_value"": 18.86, ""tax_rate_as_published"": 0, ""technology"": ""WIMAX & ADSL""}",False
cost-fixed-usd-2025,costs,access,Fixed broadband basket (5 GB minimum),NER,NER,Niger,29.49,USD per month,available,2025,official,measured,"ITU ICT Price Baskets, December 2025 release",https://www.itu.int/en/ITU-D/Statistics/Documents/ICT_Prices/ITU_ICTPriceBaskets_2008-2025.xlsx,itu,2025-12-02,2026-10-01,"ITU 2025 retail basket, selected under its representative-operator rules. At least 5 GB; actual allowance may be higher. Historical observation, not a current quote. Connection charges and device costs are not added to this monthly figure.","ITU 2025 retail basket, selected under its representative-operator rules. At least 5 GB; actual allowance may be higher. Historical observation, not a current quote. Connection charges and device costs are not added to this monthly figure.","{""allowance_gb"": ""Unlimited"", ""metadata_source_id"": ""itu-detail"", ""operator"": ""Niger Telecoms"", ""operator_notes"": null, ""source_cell"": ""economies_2008-2025!AB6397"", ""source_code"": ""i154_FBB5$"", ""source_value"": 29.49, ""tax_rate_as_published"": 19, ""technology"": ""Fixed wireless""}",False
cost-fixed-usd-2025,costs,access,Fixed broadband basket (5 GB minimum),NGA,NGA,Nigeria,9.75,USD per month,available,2025,official,measured,"ITU ICT Price Baskets, December 2025 release",https://www.itu.int/en/ITU-D/Statistics/Documents/ICT_Prices/ITU_ICTPriceBaskets_2008-2025.xlsx,itu,2025-12-02,2026-10-01,"ITU 2025 retail basket, selected under its representative-operator rules. At least 5 GB; actual allowance may be higher. Historical observation, not a current quote. Connection charges and device costs are not added to this monthly figure.","ITU 2025 retail basket, selected under its representative-operator rules. At least 5 GB; actual allowance may be higher. Historical observation, not a current quote. Connection charges and device costs are not added to this monthly figure.","{""allowance_gb"": ""Unlimited"", ""metadata_source_id"": ""itu-detail"", ""operator"": ""ipNX Nigeria"", ""operator_notes"": null, ""source_cell"": ""economies_2008-2025!AB6442"", ""source_code"": ""i154_FBB5$"", ""source_value"": 9.75, ""tax_rate_as_published"": 7.5, ""technology"": ""FTTH""}",False
cost-fixed-usd-2025,costs,access,Fixed broadband basket (5 GB minimum),COG,COG,Republic of the Congo,24.06,USD per month,available,2025,official,measured,"ITU ICT Price Baskets, December 2025 release",https://www.itu.int/en/ITU-D/Statistics/Documents/ICT_Prices/ITU_ICTPriceBaskets_2008-2025.xlsx,itu,2025-12-02,2026-10-01,"ITU 2025 retail basket, selected under its representative-operator rules. At least 5 GB; actual allowance may be higher. Historical observation, not a current quote. Connection charges and device costs are not added to this monthly figure.","ITU 2025 retail basket, selected under its representative-operator rules. At least 5 GB; actual allowance may be higher. Historical observation, not a current quote. Connection charges and device costs are not added to this monthly figure.","{""allowance_gb"": ""Unlimited"", ""metadata_source_id"": ""itu-detail"", ""operator"": ""Congo Telecom"", ""operator_notes"": """", ""source_cell"": ""economies_2008-2025!AB1807"", ""source_code"": ""i154_FBB5$"", ""source_value"": 24.06, ""tax_rate_as_published"": 24, ""technology"": ""Fibre""}",False
cost-fixed-usd-2025,costs,access,Fixed broadband basket (5 GB minimum),RWA,RWA,Rwanda,17.86,USD per month,available,2025,official,measured,"ITU ICT Price Baskets, December 2025 release",https://www.itu.int/en/ITU-D/Statistics/Documents/ICT_Prices/ITU_ICTPriceBaskets_2008-2025.xlsx,itu,2025-12-02,2026-10-01,"ITU 2025 retail basket, selected under its representative-operator rules. At least 5 GB; actual allowance may be higher. Historical observation, not a current quote. Connection charges and device costs are not added to this monthly figure.","ITU 2025 retail basket, selected under its representative-operator rules. At least 5 GB; actual allowance may be higher. Historical observation, not a current quote. Connection charges and device costs are not added to this monthly figure.","{""allowance_gb"": ""Unlimited"", ""metadata_source_id"": ""itu-detail"", ""operator"": ""GVA Rwanda Ltd"", ""operator_notes"": null, ""source_cell"": ""economies_2008-2025!AB7522"", ""source_code"": ""i154_FBB5$"", ""source_value"": 17.86, ""tax_rate_as_published"": 18, ""technology"": ""FTTH""}",False
cost-fixed-usd-2025,costs,access,Fixed broadband basket (5 GB minimum),SEN,SEN,Senegal,20.69,USD per month,available,2025,official,measured,"ITU ICT Price Baskets, December 2025 release",https://www.itu.int/en/ITU-D/Statistics/Documents/ICT_Prices/ITU_ICTPriceBaskets_2008-2025.xlsx,itu,2025-12-02,2026-10-01,"ITU 2025 retail basket, selected under its representative-operator rules. At least 5 GB; actual allowance may be higher. Historical observation, not a current quote. Connection charges and device costs are not added to this monthly figure.","ITU 2025 retail basket, selected under its representative-operator rules. At least 5 GB; actual allowance may be higher. Historical observation, not a current quote. Connection charges and device costs are not added to this monthly figure.","{""allowance_gb"": ""Unlimited"", ""metadata_source_id"": ""itu-detail"", ""operator"": ""SONATEL ORANGE"", ""operator_notes"": null, ""source_cell"": ""economies_2008-2025!AB7657"", ""source_code"": ""i154_FBB5$"", ""source_value"": 20.69, ""tax_rate_as_published"": 23, ""technology"": ""ADSL/VDSL""}",False
cost-fixed-usd-2025,costs,access,Fixed broadband basket (5 GB minimum),SYC,SYC,Seychelles,13.49,USD per month,available,2025,official,measured,"ITU ICT Price Baskets, December 2025 release",https://www.itu.int/en/ITU-D/Statistics/Documents/ICT_Prices/ITU_ICTPriceBaskets_2008-2025.xlsx,itu,2025-12-02,2026-10-01,"ITU 2025 retail basket, selected under its representative-operator rules. At least 5 GB; actual allowance may be higher. Historical observation, not a current quote. Connection charges and device costs are not added to this monthly figure.","ITU 2025 retail basket, selected under its representative-operator rules. At least 5 GB; actual allowance may be higher. Historical observation, not a current quote. Connection charges and device costs are not added to this monthly figure.","{""allowance_gb"": 15, ""metadata_source_id"": ""itu-detail"", ""operator"": ""Cable and Wireless (Seychelles) Ltd"", ""operator_notes"": """", ""source_cell"": ""economies_2008-2025!AB8422"", ""source_code"": ""i154_FBB5$"", ""source_value"": 13.49, ""tax_rate_as_published"": 15, ""technology"": ""ADSL and Fibre""}",False
cost-fixed-usd-2025,costs,access,Fixed broadband basket (5 GB minimum),SLE,SLE,Sierra Leone,,USD per month,no_information_in_source,2025,official,measured,"ITU ICT Price Baskets, December 2025 release",https://www.itu.int/en/ITU-D/Statistics/Documents/ICT_Prices/ITU_ICTPriceBaskets_2008-2025.xlsx,itu,2025-12-02,2026-10-01,"ITU 2025 retail basket, selected under its representative-operator rules. At least 5 GB; actual allowance may be higher. Historical observation, not a current quote. Connection charges and device costs are not added to this monthly figure.",No information in the ITU 2025 basket cell; no prior year substituted.,"{""metadata_source_id"": ""itu-detail"", ""source_cell"": ""economies_2008-2025!AB7837"", ""source_code"": ""i154_FBB5$"", ""source_value"": ""NA""}",False
cost-fixed-usd-2025,costs,access,Fixed broadband basket (5 GB minimum),SOM,SOM,Somalia,25.0,USD per month,available,2025,official,measured,"ITU ICT Price Baskets, December 2025 release",https://www.itu.int/en/ITU-D/Statistics/Documents/ICT_Prices/ITU_ICTPriceBaskets_2008-2025.xlsx,itu,2025-12-02,2026-10-01,"ITU 2025 retail basket, selected under its representative-operator rules. At least 5 GB; actual allowance may be higher. Historical observation, not a current quote. Connection charges and device costs are not added to this monthly figure.","ITU 2025 retail basket, selected under its representative-operator rules. At least 5 GB; actual allowance may be higher. Historical observation, not a current quote. Connection charges and device costs are not added to this monthly figure.","{""allowance_gb"": ""Unlimited"", ""metadata_source_id"": ""itu-detail"", ""operator"": ""Hormuud Telecom "", ""operator_notes"": ""Includes 200 minutes."", ""source_cell"": ""economies_2008-2025!AB7972"", ""source_code"": ""i154_FBB5$"", ""source_value"": 25, ""tax_rate_as_published"": 5, ""technology"": ""ADSL""}",False
cost-fixed-usd-2025,costs,access,Fixed broadband basket (5 GB minimum),ZAF,ZAF,South Africa,17.03,USD per month,available,2025,official,measured,"ITU ICT Price Baskets, December 2025 release",https://www.itu.int/en/ITU-D/Statistics/Documents/ICT_Prices/ITU_ICTPriceBaskets_2008-2025.xlsx,itu,2025-12-02,2026-10-01,"ITU 2025 retail basket, selected under its representative-operator rules. At least 5 GB; actual allowance may be higher. Historical observation, not a current quote. Connection charges and device costs are not added to this monthly figure.","ITU 2025 retail basket, selected under its representative-operator rules. At least 5 GB; actual allowance may be higher. Historical observation, not a current quote. Connection charges and device costs are not added to this monthly figure.","{""allowance_gb"": ""Unlimited"", ""metadata_source_id"": ""itu-detail"", ""operator"": ""Telkom"", ""operator_notes"": null, ""source_cell"": ""economies_2008-2025!AB9817"", ""source_code"": ""i154_FBB5$"", ""source_value"": 17.03, ""tax_rate_as_published"": 15, ""technology"": ""Fibre""}",False
cost-fixed-usd-2025,costs,access,Fixed broadband basket (5 GB minimum),SSD,SSD,South Sudan,,USD per month,no_information_in_source,2025,official,measured,"ITU ICT Price Baskets, December 2025 release",https://www.itu.int/en/ITU-D/Statistics/Documents/ICT_Prices/ITU_ICTPriceBaskets_2008-2025.xlsx,itu,2025-12-02,2026-10-01,"ITU 2025 retail basket, selected under its representative-operator rules. At least 5 GB; actual allowance may be higher. Historical observation, not a current quote. Connection charges and device costs are not added to this monthly figure.",No information in the ITU 2025 basket cell; no prior year substituted.,"{""metadata_source_id"": ""itu-detail"", ""source_cell"": ""economies_2008-2025!AB8062"", ""source_code"": ""i154_FBB5$"", ""source_value"": ""NA""}",False
cost-fixed-usd-2025,costs,access,Fixed broadband basket (5 GB minimum),SDN,SDN,Sudan,23.07,USD per month,available,2025,official,measured,"ITU ICT Price Baskets, December 2025 release",https://www.itu.int/en/ITU-D/Statistics/Documents/ICT_Prices/ITU_ICTPriceBaskets_2008-2025.xlsx,itu,2025-12-02,2026-10-01,"ITU 2025 retail basket, selected under its representative-operator rules. At least 5 GB; actual allowance may be higher. Historical observation, not a current quote. Connection charges and device costs are not added to this monthly figure.","ITU 2025 retail basket, selected under its representative-operator rules. At least 5 GB; actual allowance may be higher. Historical observation, not a current quote. Connection charges and device costs are not added to this monthly figure.","{""allowance_gb"": 15, ""metadata_source_id"": ""itu-detail"", ""operator"": ""Sudani"", ""operator_notes"": """", ""source_cell"": ""economies_2008-2025!AB7612"", ""source_code"": ""i154_FBB5$"", ""source_value"": 23.07, ""tax_rate_as_published"": 40, ""technology"": ""ADSL""}",False
cost-fixed-usd-2025,costs,access,Fixed broadband basket (5 GB minimum),STP,STP,São Tomé and Príncipe,33.71,USD per month,available,2025,official,measured,"ITU ICT Price Baskets, December 2025 release",https://www.itu.int/en/ITU-D/Statistics/Documents/ICT_Prices/ITU_ICTPriceBaskets_2008-2025.xlsx,itu,2025-12-02,2026-10-01,"ITU 2025 retail basket, selected under its representative-operator rules. At least 5 GB; actual allowance may be higher. Historical observation, not a current quote. Connection charges and device costs are not added to this monthly figure.","ITU 2025 retail basket, selected under its representative-operator rules. At least 5 GB; actual allowance may be higher. Historical observation, not a current quote. Connection charges and device costs are not added to this monthly figure.","{""allowance_gb"": 100, ""metadata_source_id"": ""itu-detail"", ""operator"": ""CST"", ""operator_notes"": """", ""source_cell"": ""economies_2008-2025!AB8107"", ""source_code"": ""i154_FBB5$"", ""source_value"": 33.71, ""tax_rate_as_published"": 15, ""technology"": ""FTTH""}",False
cost-fixed-usd-2025,costs,access,Fixed broadband basket (5 GB minimum),TZA,TZA,Tanzania,27.53,USD per month,available,2025,official,measured,"ITU ICT Price Baskets, December 2025 release",https://www.itu.int/en/ITU-D/Statistics/Documents/ICT_Prices/ITU_ICTPriceBaskets_2008-2025.xlsx,itu,2025-12-02,2026-10-01,"ITU 2025 retail basket, selected under its representative-operator rules. At least 5 GB; actual allowance may be higher. Historical observation, not a current quote. Connection charges and device costs are not added to this monthly figure.","ITU 2025 retail basket, selected under its representative-operator rules. At least 5 GB; actual allowance may be higher. Historical observation, not a current quote. Connection charges and device costs are not added to this monthly figure.","{""allowance_gb"": ""Unlimited"", ""metadata_source_id"": ""itu-detail"", ""operator"": ""Airtel"", ""operator_notes"": null, ""source_cell"": ""economies_2008-2025!AB9142"", ""source_code"": ""i154_FBB5$"", ""source_value"": 27.53, ""tax_rate_as_published"": 35, ""technology"": ""5G""}",False
cost-fixed-usd-2025,costs,access,Fixed broadband basket (5 GB minimum),TGO,TGO,Togo,24.06,USD per month,available,2025,official,measured,"ITU ICT Price Baskets, December 2025 release",https://www.itu.int/en/ITU-D/Statistics/Documents/ICT_Prices/ITU_ICTPriceBaskets_2008-2025.xlsx,itu,2025-12-02,2026-10-01,"ITU 2025 retail basket, selected under its representative-operator rules. At least 5 GB; actual allowance may be higher. Historical observation, not a current quote. Connection charges and device costs are not added to this monthly figure.","ITU 2025 retail basket, selected under its representative-operator rules. At least 5 GB; actual allowance may be higher. Historical observation, not a current quote. Connection charges and device costs are not added to this monthly figure.","{""allowance_gb"": ""Unlimited"", ""metadata_source_id"": ""itu-detail"", ""operator"": ""GVA Togo"", ""operator_notes"": null, ""source_cell"": ""economies_2008-2025!AB8602"", ""source_code"": ""i154_FBB5$"", ""source_value"": 24.06, ""tax_rate_as_published"": 18, ""technology"": ""FTTH""}",False
cost-fixed-usd-2025,costs,access,Fixed broadband basket (5 GB minimum),TUN,TUN,Tunisia,12.93,USD per month,available,2025,official,measured,"ITU ICT Price Baskets, December 2025 release",https://www.itu.int/en/ITU-D/Statistics/Documents/ICT_Prices/ITU_ICTPriceBaskets_2008-2025.xlsx,itu,2025-12-02,2026-10-01,"ITU 2025 retail basket, selected under its representative-operator rules. At least 5 GB; actual allowance may be higher. Historical observation, not a current quote. Connection charges and device costs are not added to this monthly figure.","ITU 2025 retail basket, selected under its representative-operator rules. At least 5 GB; actual allowance may be higher. Historical observation, not a current quote. Connection charges and device costs are not added to this monthly figure.","{""allowance_gb"": ""Unlimited"", ""metadata_source_id"": ""itu-detail"", ""operator"": ""Topnet"", ""operator_notes"": """", ""source_cell"": ""economies_2008-2025!AB8962"", ""source_code"": ""i154_FBB5$"", ""source_value"": 12.93, ""tax_rate_as_published"": 7, ""technology"": ""ADSL""}",False
cost-fixed-usd-2025,costs,access,Fixed broadband basket (5 GB minimum),UGA,UGA,Uganda,30.45,USD per month,available,2025,official,measured,"ITU ICT Price Baskets, December 2025 release",https://www.itu.int/en/ITU-D/Statistics/Documents/ICT_Prices/ITU_ICTPriceBaskets_2008-2025.xlsx,itu,2025-12-02,2026-10-01,"ITU 2025 retail basket, selected under its representative-operator rules. At least 5 GB; actual allowance may be higher. Historical observation, not a current quote. Connection charges and device costs are not added to this monthly figure.","ITU 2025 retail basket, selected under its representative-operator rules. At least 5 GB; actual allowance may be higher. Historical observation, not a current quote. Connection charges and device costs are not added to this monthly figure.","{""allowance_gb"": ""Unlimited"", ""metadata_source_id"": ""itu-detail"", ""operator"": ""Roke Telkom"", ""operator_notes"": null, ""source_cell"": ""economies_2008-2025!AB9187"", ""source_code"": ""i154_FBB5$"", ""source_value"": 30.45, ""tax_rate_as_published"": 30, ""technology"": ""FxWireless""}",False
cost-fixed-usd-2025,costs,access,Fixed broadband basket (5 GB minimum),ZMB,ZMB,Zambia,3.54,USD per month,available,2025,official,measured,"ITU ICT Price Baskets, December 2025 release",https://www.itu.int/en/ITU-D/Statistics/Documents/ICT_Prices/ITU_ICTPriceBaskets_2008-2025.xlsx,itu,2025-12-02,2026-10-01,"ITU 2025 retail basket, selected under its representative-operator rules. At least 5 GB; actual allowance may be higher. Historical observation, not a current quote. Connection charges and device costs are not added to this monthly figure.","ITU 2025 retail basket, selected under its representative-operator rules. At least 5 GB; actual allowance may be higher. Historical observation, not a current quote. Connection charges and device costs are not added to this monthly figure.","{""allowance_gb"": 10, ""metadata_source_id"": ""itu-detail"", ""operator"": ""Airtel "", ""operator_notes"": """", ""source_cell"": ""economies_2008-2025!AB9862"", ""source_code"": ""i154_FBB5$"", ""source_value"": 3.54, ""tax_rate_as_published"": 33.5, ""technology"": ""4G& 5G""}",False
cost-fixed-usd-2025,costs,access,Fixed broadband basket (5 GB minimum),ZWE,ZWE,Zimbabwe,14.0,USD per month,available,2025,official,measured,"ITU ICT Price Baskets, December 2025 release",https://www.itu.int/en/ITU-D/Statistics/Documents/ICT_Prices/ITU_ICTPriceBaskets_2008-2025.xlsx,itu,2025-12-02,2026-10-01,"ITU 2025 retail basket, selected under its representative-operator rules. At least 5 GB; actual allowance may be higher. Historical observation, not a current quote. Connection charges and device costs are not added to this monthly figure.","ITU 2025 retail basket, selected under its representative-operator rules. At least 5 GB; actual allowance may be higher. Historical observation, not a current quote. Connection charges and device costs are not added to this monthly figure.","{""allowance_gb"": 30, ""metadata_source_id"": ""itu-detail"", ""operator"": ""TelOne"", ""operator_notes"": """", ""source_cell"": ""economies_2008-2025!AB9907"", ""source_code"": ""i154_FBB5$"", ""source_value"": 14, ""tax_rate_as_published"": 25, ""technology"": ""ADSL, FTTH""}",False
cost-fixed-gni-2025,costs,access,Fixed broadband basket / monthly income,DZA,DZA,Algeria,2.59,% of monthly GNI per capita,available,2025,official,measured,"ITU ICT Price Baskets, December 2025 release",https://www.itu.int/en/ITU-D/Statistics/Documents/ICT_Prices/ITU_ICTPriceBaskets_2008-2025.xlsx,itu,2025-12-02,2026-10-01,"ITU 2025 retail basket, selected under its representative-operator rules. At least 5 GB; actual allowance may be higher. Historical observation, not a current quote. Income ratio uses ITU’s own GNI denominator and release, which can differ from this Observatory’s AI-price income base.","ITU 2025 retail basket, selected under its representative-operator rules. At least 5 GB; actual allowance may be higher. Historical observation, not a current quote. Income ratio uses ITU’s own GNI denominator and release, which can differ from this Observatory’s AI-price income base.","{""allowance_gb"": ""Unlimited"", ""metadata_source_id"": ""itu-detail"", ""operator"": ""Algérie Télécom"", ""operator_notes"": null, ""source_cell"": ""economies_2008-2025!AB2525"", ""source_code"": ""i154_FBB5_GNI"", ""source_value"": 2.59, ""tax_rate_as_published"": 0, ""technology"": ""XDSL et FTTX""}",False
cost-fixed-gni-2025,costs,access,Fixed broadband basket / monthly income,AGO,AGO,Angola,17.09,% of monthly GNI per capita,available,2025,official,measured,"ITU ICT Price Baskets, December 2025 release",https://www.itu.int/en/ITU-D/Statistics/Documents/ICT_Prices/ITU_ICTPriceBaskets_2008-2025.xlsx,itu,2025-12-02,2026-10-01,"ITU 2025 retail basket, selected under its representative-operator rules. At least 5 GB; actual allowance may be higher. Historical observation, not a current quote. Income ratio uses ITU’s own GNI denominator and release, which can differ from this Observatory’s AI-price income base.","ITU 2025 retail basket, selected under its representative-operator rules. At least 5 GB; actual allowance may be higher. Historical observation, not a current quote. Income ratio uses ITU’s own GNI denominator and release, which can differ from this Observatory’s AI-price income base.","{""allowance_gb"": ""Unlimited"", ""metadata_source_id"": ""itu-detail"", ""operator"": ""ZAP"", ""operator_notes"": null, ""source_cell"": ""economies_2008-2025!AB95"", ""source_code"": ""i154_FBB5_GNI"", ""source_value"": 17.09, ""tax_rate_as_published"": 14, ""technology"": ""FTTH""}",False
cost-fixed-gni-2025,costs,access,Fixed broadband basket / monthly income,BEN,BEN,Benin,21.52,% of monthly GNI per capita,available,2025,official,measured,"ITU ICT Price Baskets, December 2025 release",https://www.itu.int/en/ITU-D/Statistics/Documents/ICT_Prices/ITU_ICTPriceBaskets_2008-2025.xlsx,itu,2025-12-02,2026-10-01,"ITU 2025 retail basket, selected under its representative-operator rules. At least 5 GB; actual allowance may be higher. Historical observation, not a current quote. Income ratio uses ITU’s own GNI denominator and release, which can differ from this Observatory’s AI-price income base.","ITU 2025 retail basket, selected under its representative-operator rules. At least 5 GB; actual allowance may be higher. Historical observation, not a current quote. Income ratio uses ITU’s own GNI denominator and release, which can differ from this Observatory’s AI-price income base.","{""allowance_gb"": ""Unlimited"", ""metadata_source_id"": ""itu-detail"", ""operator"": ""SBIN"", ""operator_notes"": null, ""source_cell"": ""economies_2008-2025!AB725"", ""source_code"": ""i154_FBB5_GNI"", ""source_value"": 21.52, ""tax_rate_as_published"": 18, ""technology"": ""ADSL""}",False
cost-fixed-gni-2025,costs,access,Fixed broadband basket / monthly income,BWA,BWA,Botswana,7.93,% of monthly GNI per capita,available,2025,official,measured,"ITU ICT Price Baskets, December 2025 release",https://www.itu.int/en/ITU-D/Statistics/Documents/ICT_Prices/ITU_ICTPriceBaskets_2008-2025.xlsx,itu,2025-12-02,2026-10-01,"ITU 2025 retail basket, selected under its representative-operator rules. At least 5 GB; actual allowance may be higher. Historical observation, not a current quote. Income ratio uses ITU’s own GNI denominator and release, which can differ from this Observatory’s AI-price income base.","ITU 2025 retail basket, selected under its representative-operator rules. At least 5 GB; actual allowance may be higher. Historical observation, not a current quote. Income ratio uses ITU’s own GNI denominator and release, which can differ from this Observatory’s AI-price income base.","{""allowance_gb"": ""Unlimited"", ""metadata_source_id"": ""itu-detail"", ""operator"": ""Botswana Telecommunications Corporation Limited (BTCL)"", ""operator_notes"": null, ""source_cell"": ""economies_2008-2025!AB1400"", ""source_code"": ""i154_FBB5_GNI"", ""source_value"": 7.93, ""tax_rate_as_published"": 14, ""technology"": ""DSL""}",False
cost-fixed-gni-2025,costs,access,Fixed broadband basket / monthly income,BFA,BFA,Burkina Faso,31.43,% of monthly GNI per capita,available,2025,official,measured,"ITU ICT Price Baskets, December 2025 release",https://www.itu.int/en/ITU-D/Statistics/Documents/ICT_Prices/ITU_ICTPriceBaskets_2008-2025.xlsx,itu,2025-12-02,2026-10-01,"ITU 2025 retail basket, selected under its representative-operator rules. At least 5 GB; actual allowance may be higher. Historical observation, not a current quote. Income ratio uses ITU’s own GNI denominator and release, which can differ from this Observatory’s AI-price income base.","ITU 2025 retail basket, selected under its representative-operator rules. At least 5 GB; actual allowance may be higher. Historical observation, not a current quote. Income ratio uses ITU’s own GNI denominator and release, which can differ from this Observatory’s AI-price income base.","{""allowance_gb"": ""Unlimited"", ""metadata_source_id"": ""itu-detail"", ""operator"": ""CanalBox"", ""operator_notes"": null, ""source_cell"": ""economies_2008-2025!AB770"", ""source_code"": ""i154_FBB5_GNI"", ""source_value"": 31.43, ""tax_rate_as_published"": 18, ""technology"": ""FTTH""}",False
cost-fixed-gni-2025,costs,access,Fixed broadband basket / monthly income,BDI,BDI,Burundi,,% of monthly GNI per capita,no_information_in_source,2025,official,measured,"ITU ICT Price Baskets, December 2025 release",https://www.itu.int/en/ITU-D/Statistics/Documents/ICT_Prices/ITU_ICTPriceBaskets_2008-2025.xlsx,itu,2025-12-02,2026-10-01,"ITU 2025 retail basket, selected under its representative-operator rules. At least 5 GB; actual allowance may be higher. Historical observation, not a current quote. Income ratio uses ITU’s own GNI denominator and release, which can differ from this Observatory’s AI-price income base.",No information in the ITU 2025 basket cell; no prior year substituted.,"{""allowance_gb"": ""Unlimited"", ""metadata_source_id"": ""itu-detail"", ""operator"": ""CBINET"", ""operator_notes"": ""An additional tax called OTT and IP Communication Tax of 100,000 BIF/month/subscription is applied to each connection (including each additional residential connection)."", ""source_cell"": ""economies_2008-2025!AB635"", ""source_code"": ""i154_FBB5_GNI"", ""source_value"": ""NA"", ""tax_rate_as_published"": 18, ""technology"": ""DSL, FTTH""}",False
cost-fixed-gni-2025,costs,access,Fixed broadband basket / monthly income,CPV,CPV,Cabo Verde,2.05,% of monthly GNI per capita,available,2025,official,measured,"ITU ICT Price Baskets, December 2025 release",https://www.itu.int/en/ITU-D/Statistics/Documents/ICT_Prices/ITU_ICTPriceBaskets_2008-2025.xlsx,itu,2025-12-02,2026-10-01,"ITU 2025 retail basket, selected under its representative-operator rules. At least 5 GB; actual allowance may be higher. Historical observation, not a current quote. Income ratio uses ITU’s own GNI denominator and release, which can differ from this Observatory’s AI-price income base.","ITU 2025 retail basket, selected under its representative-operator rules. At least 5 GB; actual allowance may be higher. Historical observation, not a current quote. Income ratio uses ITU’s own GNI denominator and release, which can differ from this Observatory’s AI-price income base.","{""allowance_gb"": 10, ""metadata_source_id"": ""itu-detail"", ""operator"": ""CVTelecom"", ""operator_notes"": """", ""source_cell"": ""economies_2008-2025!AB1985"", ""source_code"": ""i154_FBB5_GNI"", ""source_value"": 2.05, ""tax_rate_as_published"": 15, ""technology"": ""DSL, FTTH""}",False
cost-fixed-gni-2025,costs,access,Fixed broadband basket / monthly income,CMR,CMR,Cameroon,17.15,% of monthly GNI per capita,available,2025,official,measured,"ITU ICT Price Baskets, December 2025 release",https://www.itu.int/en/ITU-D/Statistics/Documents/ICT_Prices/ITU_ICTPriceBaskets_2008-2025.xlsx,itu,2025-12-02,2026-10-01,"ITU 2025 retail basket, selected under its representative-operator rules. At least 5 GB; actual allowance may be higher. Historical observation, not a current quote. Income ratio uses ITU’s own GNI denominator and release, which can differ from this Observatory’s AI-price income base.","ITU 2025 retail basket, selected under its representative-operator rules. At least 5 GB; actual allowance may be higher. Historical observation, not a current quote. Income ratio uses ITU’s own GNI denominator and release, which can differ from this Observatory’s AI-price income base.","{""allowance_gb"": ""Throttled"", ""metadata_source_id"": ""itu-detail"", ""operator"": ""CAMTEL"", ""operator_notes"": ""Throttled, beyond the 35 GB quota, the maximum internet speed decreases to 1 Mbps."", ""source_cell"": ""economies_2008-2025!AB1715"", ""source_code"": ""i154_FBB5_GNI"", ""source_value"": 17.15, ""tax_rate_as_published"": 19.25, ""technology"": ""Fixed wireless""}",False
cost-fixed-gni-2025,costs,access,Fixed broadband basket / monthly income,CAF,CAF,Central African Republic,76.58,% of monthly GNI per capita,available,2025,official,measured,"ITU ICT Price Baskets, December 2025 release",https://www.itu.int/en/ITU-D/Statistics/Documents/ICT_Prices/ITU_ICTPriceBaskets_2008-2025.xlsx,itu,2025-12-02,2026-10-01,"ITU 2025 retail basket, selected under its representative-operator rules. At least 5 GB; actual allowance may be higher. Historical observation, not a current quote. Income ratio uses ITU’s own GNI denominator and release, which can differ from this Observatory’s AI-price income base.","ITU 2025 retail basket, selected under its representative-operator rules. At least 5 GB; actual allowance may be higher. Historical observation, not a current quote. Income ratio uses ITU’s own GNI denominator and release, which can differ from this Observatory’s AI-price income base.","{""allowance_gb"": 20, ""metadata_source_id"": ""itu-detail"", ""operator"": ""Orange"", ""operator_notes"": """", ""source_cell"": ""economies_2008-2025!AB1445"", ""source_code"": ""i154_FBB5_GNI"", ""source_value"": 76.58, ""tax_rate_as_published"": 19, ""technology"": ""Wireless 3G+""}",False
cost-fixed-gni-2025,costs,access,Fixed broadband basket / monthly income,TCD,TCD,Chad,,% of monthly GNI per capita,no_information_in_source,2025,official,measured,"ITU ICT Price Baskets, December 2025 release",https://www.itu.int/en/ITU-D/Statistics/Documents/ICT_Prices/ITU_ICTPriceBaskets_2008-2025.xlsx,itu,2025-12-02,2026-10-01,"ITU 2025 retail basket, selected under its representative-operator rules. At least 5 GB; actual allowance may be higher. Historical observation, not a current quote. Income ratio uses ITU’s own GNI denominator and release, which can differ from this Observatory’s AI-price income base.",No information in the ITU 2025 basket cell; no prior year substituted.,"{""metadata_source_id"": ""itu-detail"", ""source_cell"": ""economies_2008-2025!AB8555"", ""source_code"": ""i154_FBB5_GNI"", ""source_value"": ""NA""}",False
cost-fixed-gni-2025,costs,access,Fixed broadband basket / monthly income,COM,COM,Comoros,23.74,% of monthly GNI per capita,available,2025,official,measured,"ITU ICT Price Baskets, December 2025 release",https://www.itu.int/en/ITU-D/Statistics/Documents/ICT_Prices/ITU_ICTPriceBaskets_2008-2025.xlsx,itu,2025-12-02,2026-10-01,"ITU 2025 retail basket, selected under its representative-operator rules. At least 5 GB; actual allowance may be higher. Historical observation, not a current quote. Income ratio uses ITU’s own GNI denominator and release, which can differ from this Observatory’s AI-price income base.","ITU 2025 retail basket, selected under its representative-operator rules. At least 5 GB; actual allowance may be higher. Historical observation, not a current quote. Income ratio uses ITU’s own GNI denominator and release, which can differ from this Observatory’s AI-price income base.","{""allowance_gb"": ""Unlimited"", ""metadata_source_id"": ""itu-detail"", ""operator"": ""Comores Télécom"", ""operator_notes"": """", ""source_cell"": ""economies_2008-2025!AB1940"", ""source_code"": ""i154_FBB5_GNI"", ""source_value"": 23.74, ""tax_rate_as_published"": 10, ""technology"": ""ADSL""}",False
cost-fixed-gni-2025,costs,access,Fixed broadband basket / monthly income,CIV,CIV,Côte d'Ivoire,11.41,% of monthly GNI per capita,available,2025,official,measured,"ITU ICT Price Baskets, December 2025 release",https://www.itu.int/en/ITU-D/Statistics/Documents/ICT_Prices/ITU_ICTPriceBaskets_2008-2025.xlsx,itu,2025-12-02,2026-10-01,"ITU 2025 retail basket, selected under its representative-operator rules. At least 5 GB; actual allowance may be higher. Historical observation, not a current quote. Income ratio uses ITU’s own GNI denominator and release, which can differ from this Observatory’s AI-price income base.","ITU 2025 retail basket, selected under its representative-operator rules. At least 5 GB; actual allowance may be higher. Historical observation, not a current quote. Income ratio uses ITU’s own GNI denominator and release, which can differ from this Observatory’s AI-price income base.","{""allowance_gb"": ""Unlimited"", ""metadata_source_id"": ""itu-detail"", ""operator"": ""Orange Côte d’Ivoire"", ""operator_notes"": null, ""source_cell"": ""economies_2008-2025!AB1670"", ""source_code"": ""i154_FBB5_GNI"", ""source_value"": 11.41, ""tax_rate_as_published"": 18, ""technology"": ""FTTH""}",False
cost-fixed-gni-2025,costs,access,Fixed broadband basket / monthly income,COD,COD,Democratic Republic of the Congo,,% of monthly GNI per capita,no_information_in_source,2025,official,measured,"ITU ICT Price Baskets, December 2025 release",https://www.itu.int/en/ITU-D/Statistics/Documents/ICT_Prices/ITU_ICTPriceBaskets_2008-2025.xlsx,itu,2025-12-02,2026-10-01,"ITU 2025 retail basket, selected under its representative-operator rules. At least 5 GB; actual allowance may be higher. Historical observation, not a current quote. Income ratio uses ITU’s own GNI denominator and release, which can differ from this Observatory’s AI-price income base.",No information in the ITU 2025 basket cell; no prior year substituted.,"{""metadata_source_id"": ""itu-detail"", ""source_cell"": ""economies_2008-2025!AB1760"", ""source_code"": ""i154_FBB5_GNI"", ""source_value"": ""NA""}",False
cost-fixed-gni-2025,costs,access,Fixed broadband basket / monthly income,DJI,DJI,Djibouti,5.26,% of monthly GNI per capita,available,2025,official,measured,"ITU ICT Price Baskets, December 2025 release",https://www.itu.int/en/ITU-D/Statistics/Documents/ICT_Prices/ITU_ICTPriceBaskets_2008-2025.xlsx,itu,2025-12-02,2026-10-01,"ITU 2025 retail basket, selected under its representative-operator rules. At least 5 GB; actual allowance may be higher. Historical observation, not a current quote. Income ratio uses ITU’s own GNI denominator and release, which can differ from this Observatory’s AI-price income base.","ITU 2025 retail basket, selected under its representative-operator rules. At least 5 GB; actual allowance may be higher. Historical observation, not a current quote. Income ratio uses ITU’s own GNI denominator and release, which can differ from this Observatory’s AI-price income base.","{""allowance_gb"": 150, ""metadata_source_id"": ""itu-detail"", ""operator"": ""Djibouti Telecom"", ""operator_notes"": null, ""source_cell"": ""economies_2008-2025!AB2345"", ""source_code"": ""i154_FBB5_GNI"", ""source_value"": 5.26, ""tax_rate_as_published"": 10, ""technology"": ""ADSL""}",False
cost-fixed-gni-2025,costs,access,Fixed broadband basket / monthly income,EGY,EGY,Egypt,2.52,% of monthly GNI per capita,available,2025,official,measured,"ITU ICT Price Baskets, December 2025 release",https://www.itu.int/en/ITU-D/Statistics/Documents/ICT_Prices/ITU_ICTPriceBaskets_2008-2025.xlsx,itu,2025-12-02,2026-10-01,"ITU 2025 retail basket, selected under its representative-operator rules. At least 5 GB; actual allowance may be higher. Historical observation, not a current quote. Income ratio uses ITU’s own GNI denominator and release, which can differ from this Observatory’s AI-price income base.","ITU 2025 retail basket, selected under its representative-operator rules. At least 5 GB; actual allowance may be higher. Historical observation, not a current quote. Income ratio uses ITU’s own GNI denominator and release, which can differ from this Observatory’s AI-price income base.","{""allowance_gb"": 140, ""metadata_source_id"": ""itu-detail"", ""operator"": ""WE Data"", ""operator_notes"": ""Speed throttled to 256 Kbps after consumption of 140 GB."", ""source_cell"": ""economies_2008-2025!AB2615"", ""source_code"": ""i154_FBB5_GNI"", ""source_value"": 2.52, ""tax_rate_as_published"": 14, ""technology"": ""DSL/FTTH""}",False
cost-fixed-gni-2025,costs,access,Fixed broadband basket / monthly income,GNQ,GNQ,Equatorial Guinea,,% of monthly GNI per capita,no_information_in_source,2025,official,measured,"ITU ICT Price Baskets, December 2025 release",https://www.itu.int/en/ITU-D/Statistics/Documents/ICT_Prices/ITU_ICTPriceBaskets_2008-2025.xlsx,itu,2025-12-02,2026-10-01,"ITU 2025 retail basket, selected under its representative-operator rules. At least 5 GB; actual allowance may be higher. Historical observation, not a current quote. Income ratio uses ITU’s own GNI denominator and release, which can differ from this Observatory’s AI-price income base.",No information in the ITU 2025 basket cell; no prior year substituted.,"{""metadata_source_id"": ""itu-detail"", ""source_cell"": ""economies_2008-2025!AB3470"", ""source_code"": ""i154_FBB5_GNI"", ""source_value"": ""NA""}",False
cost-fixed-gni-2025,costs,access,Fixed broadband basket / monthly income,ERI,ERI,Eritrea,,% of monthly GNI per capita,no_information_in_source,2025,official,measured,"ITU ICT Price Baskets, December 2025 release",https://www.itu.int/en/ITU-D/Statistics/Documents/ICT_Prices/ITU_ICTPriceBaskets_2008-2025.xlsx,itu,2025-12-02,2026-10-01,"ITU 2025 retail basket, selected under its representative-operator rules. At least 5 GB; actual allowance may be higher. Historical observation, not a current quote. Income ratio uses ITU’s own GNI denominator and release, which can differ from this Observatory’s AI-price income base.",No information in the ITU 2025 basket cell; no prior year substituted.,"{""metadata_source_id"": ""itu-detail"", ""source_cell"": ""economies_2008-2025!AB2660"", ""source_code"": ""i154_FBB5_GNI"", ""source_value"": ""NA""}",False
cost-fixed-gni-2025,costs,access,Fixed broadband basket / monthly income,SWZ,SWZ,Eswatini,1.73,% of monthly GNI per capita,available,2025,official,measured,"ITU ICT Price Baskets, December 2025 release",https://www.itu.int/en/ITU-D/Statistics/Documents/ICT_Prices/ITU_ICTPriceBaskets_2008-2025.xlsx,itu,2025-12-02,2026-10-01,"ITU 2025 retail basket, selected under its representative-operator rules. At least 5 GB; actual allowance may be higher. Historical observation, not a current quote. Income ratio uses ITU’s own GNI denominator and release, which can differ from this Observatory’s AI-price income base.","ITU 2025 retail basket, selected under its representative-operator rules. At least 5 GB; actual allowance may be higher. Historical observation, not a current quote. Income ratio uses ITU’s own GNI denominator and release, which can differ from this Observatory’s AI-price income base.","{""allowance_gb"": 20, ""metadata_source_id"": ""itu-detail"", ""operator"": ""SPTC"", ""operator_notes"": """", ""source_cell"": ""economies_2008-2025!AB8330"", ""source_code"": ""i154_FBB5_GNI"", ""source_value"": 1.73, ""tax_rate_as_published"": 15, ""technology"": ""ADSL""}",False
cost-fixed-gni-2025,costs,access,Fixed broadband basket / monthly income,ETH,ETH,Ethiopia,12.41,% of monthly GNI per capita,available,2025,official,measured,"ITU ICT Price Baskets, December 2025 release",https://www.itu.int/en/ITU-D/Statistics/Documents/ICT_Prices/ITU_ICTPriceBaskets_2008-2025.xlsx,itu,2025-12-02,2026-10-01,"ITU 2025 retail basket, selected under its representative-operator rules. At least 5 GB; actual allowance may be higher. Historical observation, not a current quote. Income ratio uses ITU’s own GNI denominator and release, which can differ from this Observatory’s AI-price income base.","ITU 2025 retail basket, selected under its representative-operator rules. At least 5 GB; actual allowance may be higher. Historical observation, not a current quote. Income ratio uses ITU’s own GNI denominator and release, which can differ from this Observatory’s AI-price income base.","{""allowance_gb"": ""Unlimited"", ""metadata_source_id"": ""itu-detail"", ""operator"": ""Ethio Telecom"", ""operator_notes"": """", ""source_cell"": ""economies_2008-2025!AB2795"", ""source_code"": ""i154_FBB5_GNI"", ""source_value"": 12.41, ""tax_rate_as_published"": 20, ""technology"": ""FTTH""}",False
cost-fixed-gni-2025,costs,access,Fixed broadband basket / monthly income,GAB,GAB,Gabon,6.63,% of monthly GNI per capita,available,2025,official,measured,"ITU ICT Price Baskets, December 2025 release",https://www.itu.int/en/ITU-D/Statistics/Documents/ICT_Prices/ITU_ICTPriceBaskets_2008-2025.xlsx,itu,2025-12-02,2026-10-01,"ITU 2025 retail basket, selected under its representative-operator rules. At least 5 GB; actual allowance may be higher. Historical observation, not a current quote. Income ratio uses ITU’s own GNI denominator and release, which can differ from this Observatory’s AI-price income base.","ITU 2025 retail basket, selected under its representative-operator rules. At least 5 GB; actual allowance may be higher. Historical observation, not a current quote. Income ratio uses ITU’s own GNI denominator and release, which can differ from this Observatory’s AI-price income base.","{""allowance_gb"": ""Unlimited"", ""metadata_source_id"": ""itu-detail"", ""operator"": ""Gabon Telecom/Moov Africa"", ""operator_notes"": null, ""source_cell"": ""economies_2008-2025!AB3110"", ""source_code"": ""i154_FBB5_GNI"", ""source_value"": 6.63, ""tax_rate_as_published"": 18, ""technology"": ""FTTH""}",False
cost-fixed-gni-2025,costs,access,Fixed broadband basket / monthly income,GMB,GMB,Gambia,,% of monthly GNI per capita,no_information_in_source,2025,official,measured,"ITU ICT Price Baskets, December 2025 release",https://www.itu.int/en/ITU-D/Statistics/Documents/ICT_Prices/ITU_ICTPriceBaskets_2008-2025.xlsx,itu,2025-12-02,2026-10-01,"ITU 2025 retail basket, selected under its representative-operator rules. At least 5 GB; actual allowance may be higher. Historical observation, not a current quote. Income ratio uses ITU’s own GNI denominator and release, which can differ from this Observatory’s AI-price income base.",No information in the ITU 2025 basket cell; no prior year substituted.,"{""metadata_source_id"": ""itu-detail"", ""source_cell"": ""economies_2008-2025!AB3380"", ""source_code"": ""i154_FBB5_GNI"", ""source_value"": ""NA""}",False
cost-fixed-gni-2025,costs,access,Fixed broadband basket / monthly income,GHA,GHA,Ghana,3.65,% of monthly GNI per capita,available,2025,official,measured,"ITU ICT Price Baskets, December 2025 release",https://www.itu.int/en/ITU-D/Statistics/Documents/ICT_Prices/ITU_ICTPriceBaskets_2008-2025.xlsx,itu,2025-12-02,2026-10-01,"ITU 2025 retail basket, selected under its representative-operator rules. At least 5 GB; actual allowance may be higher. Historical observation, not a current quote. Income ratio uses ITU’s own GNI denominator and release, which can differ from this Observatory’s AI-price income base.","ITU 2025 retail basket, selected under its representative-operator rules. At least 5 GB; actual allowance may be higher. Historical observation, not a current quote. Income ratio uses ITU’s own GNI denominator and release, which can differ from this Observatory’s AI-price income base.","{""allowance_gb"": 21.489999771118164, ""metadata_source_id"": ""itu-detail"", ""operator"": ""Telecel Ghana"", ""operator_notes"": """", ""source_cell"": ""economies_2008-2025!AB3245"", ""source_code"": ""i154_FBB5_GNI"", ""source_value"": 3.65, ""tax_rate_as_published"": 26, ""technology"": ""FTTH""}",False
cost-fixed-gni-2025,costs,access,Fixed broadband basket / monthly income,GIN,GIN,Guinea,4.46,% of monthly GNI per capita,available,2025,official,measured,"ITU ICT Price Baskets, December 2025 release",https://www.itu.int/en/ITU-D/Statistics/Documents/ICT_Prices/ITU_ICTPriceBaskets_2008-2025.xlsx,itu,2025-12-02,2026-10-01,"ITU 2025 retail basket, selected under its representative-operator rules. At least 5 GB; actual allowance may be higher. Historical observation, not a current quote. Income ratio uses ITU’s own GNI denominator and release, which can differ from this Observatory’s AI-price income base.","ITU 2025 retail basket, selected under its representative-operator rules. At least 5 GB; actual allowance may be higher. Historical observation, not a current quote. Income ratio uses ITU’s own GNI denominator and release, which can differ from this Observatory’s AI-price income base.","{""allowance_gb"": 5, ""metadata_source_id"": ""itu-detail"", ""operator"": ""Orange Guinea"", ""operator_notes"": """", ""source_cell"": ""economies_2008-2025!AB3335"", ""source_code"": ""i154_FBB5_GNI"", ""source_value"": 4.46, ""tax_rate_as_published"": 18, ""technology"": ""WiMax""}",False
cost-fixed-gni-2025,costs,access,Fixed broadband basket / monthly income,GNB,GNB,Guinea-Bissau,42.33,% of monthly GNI per capita,available,2025,official,measured,"ITU ICT Price Baskets, December 2025 release",https://www.itu.int/en/ITU-D/Statistics/Documents/ICT_Prices/ITU_ICTPriceBaskets_2008-2025.xlsx,itu,2025-12-02,2026-10-01,"ITU 2025 retail basket, selected under its representative-operator rules. At least 5 GB; actual allowance may be higher. Historical observation, not a current quote. Income ratio uses ITU’s own GNI denominator and release, which can differ from this Observatory’s AI-price income base.","ITU 2025 retail basket, selected under its representative-operator rules. At least 5 GB; actual allowance may be higher. Historical observation, not a current quote. Income ratio uses ITU’s own GNI denominator and release, which can differ from this Observatory’s AI-price income base.","{""allowance_gb"": ""Throttled"", ""metadata_source_id"": ""itu-detail"", ""operator"": ""Orange Bissau, SA"", ""operator_notes"": ""Throttled with a fair usage policy of 500GB per month."", ""source_cell"": ""economies_2008-2025!AB3425"", ""source_code"": ""i154_FBB5_GNI"", ""source_value"": 42.33, ""tax_rate_as_published"": 19, ""technology"": ""Proxim technology (Wireless)""}",False
cost-fixed-gni-2025,costs,access,Fixed broadband basket / monthly income,KEN,KEN,Kenya,12.29,% of monthly GNI per capita,available,2025,official,measured,"ITU ICT Price Baskets, December 2025 release",https://www.itu.int/en/ITU-D/Statistics/Documents/ICT_Prices/ITU_ICTPriceBaskets_2008-2025.xlsx,itu,2025-12-02,2026-10-01,"ITU 2025 retail basket, selected under its representative-operator rules. At least 5 GB; actual allowance may be higher. Historical observation, not a current quote. Income ratio uses ITU’s own GNI denominator and release, which can differ from this Observatory’s AI-price income base.","ITU 2025 retail basket, selected under its representative-operator rules. At least 5 GB; actual allowance may be higher. Historical observation, not a current quote. Income ratio uses ITU’s own GNI denominator and release, which can differ from this Observatory’s AI-price income base.","{""allowance_gb"": ""Unlimited"", ""metadata_source_id"": ""itu-detail"", ""operator"": ""Safaricom PLC"", ""operator_notes"": null, ""source_cell"": ""economies_2008-2025!AB4595"", ""source_code"": ""i154_FBB5_GNI"", ""source_value"": 12.29, ""tax_rate_as_published"": 31, ""technology"": ""Fibre""}",False
cost-fixed-gni-2025,costs,access,Fixed broadband basket / monthly income,LSO,LSO,Lesotho,5.58,% of monthly GNI per capita,available,2025,official,measured,"ITU ICT Price Baskets, December 2025 release",https://www.itu.int/en/ITU-D/Statistics/Documents/ICT_Prices/ITU_ICTPriceBaskets_2008-2025.xlsx,itu,2025-12-02,2026-10-01,"ITU 2025 retail basket, selected under its representative-operator rules. At least 5 GB; actual allowance may be higher. Historical observation, not a current quote. Income ratio uses ITU’s own GNI denominator and release, which can differ from this Observatory’s AI-price income base.","ITU 2025 retail basket, selected under its representative-operator rules. At least 5 GB; actual allowance may be higher. Historical observation, not a current quote. Income ratio uses ITU’s own GNI denominator and release, which can differ from this Observatory’s AI-price income base.","{""allowance_gb"": 10, ""metadata_source_id"": ""itu-detail"", ""operator"": ""Econet Telecom Lesotho"", ""operator_notes"": null, ""source_cell"": ""economies_2008-2025!AB5225"", ""source_code"": ""i154_FBB5_GNI"", ""source_value"": 5.58, ""tax_rate_as_published"": 15, ""technology"": ""FTTH""}",False
cost-fixed-gni-2025,costs,access,Fixed broadband basket / monthly income,LBR,LBR,Liberia,146.84,% of monthly GNI per capita,available,2025,official,measured,"ITU ICT Price Baskets, December 2025 release",https://www.itu.int/en/ITU-D/Statistics/Documents/ICT_Prices/ITU_ICTPriceBaskets_2008-2025.xlsx,itu,2025-12-02,2026-10-01,"ITU 2025 retail basket, selected under its representative-operator rules. At least 5 GB; actual allowance may be higher. Historical observation, not a current quote. Income ratio uses ITU’s own GNI denominator and release, which can differ from this Observatory’s AI-price income base.","ITU 2025 retail basket, selected under its representative-operator rules. At least 5 GB; actual allowance may be higher. Historical observation, not a current quote. Income ratio uses ITU’s own GNI denominator and release, which can differ from this Observatory’s AI-price income base.","{""allowance_gb"": ""Unlimited"", ""metadata_source_id"": ""itu-detail"", ""operator"": ""Telecel "", ""operator_notes"": null, ""source_cell"": ""economies_2008-2025!AB5000"", ""source_code"": ""i154_FBB5_GNI"", ""source_value"": 146.84, ""tax_rate_as_published"": 15, ""technology"": ""fixed wireless""}",False
cost-fixed-gni-2025,costs,access,Fixed broadband basket / monthly income,LBY,LBY,Libya,0.78,% of monthly GNI per capita,available,2025,official,measured,"ITU ICT Price Baskets, December 2025 release",https://www.itu.int/en/ITU-D/Statistics/Documents/ICT_Prices/ITU_ICTPriceBaskets_2008-2025.xlsx,itu,2025-12-02,2026-10-01,"ITU 2025 retail basket, selected under its representative-operator rules. At least 5 GB; actual allowance may be higher. Historical observation, not a current quote. Income ratio uses ITU’s own GNI denominator and release, which can differ from this Observatory’s AI-price income base.","ITU 2025 retail basket, selected under its representative-operator rules. At least 5 GB; actual allowance may be higher. Historical observation, not a current quote. Income ratio uses ITU’s own GNI denominator and release, which can differ from this Observatory’s AI-price income base.","{""allowance_gb"": 20, ""metadata_source_id"": ""itu-detail"", ""operator"": ""Libya Telecom and Technology (LTT)"", ""operator_notes"": """", ""source_cell"": ""economies_2008-2025!AB5045"", ""source_code"": ""i154_FBB5_GNI"", ""source_value"": 0.78, ""tax_rate_as_published"": 0, ""technology"": ""ADSL""}",False
cost-fixed-gni-2025,costs,access,Fixed broadband basket / monthly income,MDG,MDG,Madagascar,24.48,% of monthly GNI per capita,available,2025,official,measured,"ITU ICT Price Baskets, December 2025 release",https://www.itu.int/en/ITU-D/Statistics/Documents/ICT_Prices/ITU_ICTPriceBaskets_2008-2025.xlsx,itu,2025-12-02,2026-10-01,"ITU 2025 retail basket, selected under its representative-operator rules. At least 5 GB; actual allowance may be higher. Historical observation, not a current quote. Income ratio uses ITU’s own GNI denominator and release, which can differ from this Observatory’s AI-price income base.","ITU 2025 retail basket, selected under its representative-operator rules. At least 5 GB; actual allowance may be higher. Historical observation, not a current quote. Income ratio uses ITU’s own GNI denominator and release, which can differ from this Observatory’s AI-price income base.","{""allowance_gb"": 100, ""metadata_source_id"": ""itu-detail"", ""operator"": ""Yas Madagascar"", ""operator_notes"": """", ""source_cell"": ""economies_2008-2025!AB5585"", ""source_code"": ""i154_FBB5_GNI"", ""source_value"": 24.48, ""tax_rate_as_published"": 20, ""technology"": ""FTTH""}",False
cost-fixed-gni-2025,costs,access,Fixed broadband basket / monthly income,MWI,MWI,Malawi,21.11,% of monthly GNI per capita,available,2025,official,measured,"ITU ICT Price Baskets, December 2025 release",https://www.itu.int/en/ITU-D/Statistics/Documents/ICT_Prices/ITU_ICTPriceBaskets_2008-2025.xlsx,itu,2025-12-02,2026-10-01,"ITU 2025 retail basket, selected under its representative-operator rules. At least 5 GB; actual allowance may be higher. Historical observation, not a current quote. Income ratio uses ITU’s own GNI denominator and release, which can differ from this Observatory’s AI-price income base.","ITU 2025 retail basket, selected under its representative-operator rules. At least 5 GB; actual allowance may be higher. Historical observation, not a current quote. Income ratio uses ITU’s own GNI denominator and release, which can differ from this Observatory’s AI-price income base.","{""allowance_gb"": 30, ""metadata_source_id"": ""itu-detail"", ""operator"": ""Airtel Malawi"", ""operator_notes"": """", ""source_cell"": ""economies_2008-2025!AB6215"", ""source_code"": ""i154_FBB5_GNI"", ""source_value"": 21.11, ""tax_rate_as_published"": 26.5, ""technology"": ""4G wireless""}",False
cost-fixed-gni-2025,costs,access,Fixed broadband basket / monthly income,MLI,MLI,Mali,18.58,% of monthly GNI per capita,available,2025,official,measured,"ITU ICT Price Baskets, December 2025 release",https://www.itu.int/en/ITU-D/Statistics/Documents/ICT_Prices/ITU_ICTPriceBaskets_2008-2025.xlsx,itu,2025-12-02,2026-10-01,"ITU 2025 retail basket, selected under its representative-operator rules. At least 5 GB; actual allowance may be higher. Historical observation, not a current quote. Income ratio uses ITU’s own GNI denominator and release, which can differ from this Observatory’s AI-price income base.","ITU 2025 retail basket, selected under its representative-operator rules. At least 5 GB; actual allowance may be higher. Historical observation, not a current quote. Income ratio uses ITU’s own GNI denominator and release, which can differ from this Observatory’s AI-price income base.","{""allowance_gb"": ""Unlimited"", ""metadata_source_id"": ""itu-detail"", ""operator"": ""Moov Africa Malitel"", ""operator_notes"": null, ""source_cell"": ""economies_2008-2025!AB5810"", ""source_code"": ""i154_FBB5_GNI"", ""source_value"": 18.58, ""tax_rate_as_published"": 18, ""technology"": ""ADSL""}",False
cost-fixed-gni-2025,costs,access,Fixed broadband basket / monthly income,MRT,MRT,Mauritania,17.62,% of monthly GNI per capita,available,2025,official,measured,"ITU ICT Price Baskets, December 2025 release",https://www.itu.int/en/ITU-D/Statistics/Documents/ICT_Prices/ITU_ICTPriceBaskets_2008-2025.xlsx,itu,2025-12-02,2026-10-01,"ITU 2025 retail basket, selected under its representative-operator rules. At least 5 GB; actual allowance may be higher. Historical observation, not a current quote. Income ratio uses ITU’s own GNI denominator and release, which can differ from this Observatory’s AI-price income base.","ITU 2025 retail basket, selected under its representative-operator rules. At least 5 GB; actual allowance may be higher. Historical observation, not a current quote. Income ratio uses ITU’s own GNI denominator and release, which can differ from this Observatory’s AI-price income base.","{""allowance_gb"": ""Unlimited"", ""metadata_source_id"": ""itu-detail"", ""operator"": ""Mauritel"", ""operator_notes"": """", ""source_cell"": ""economies_2008-2025!AB6125"", ""source_code"": ""i154_FBB5_GNI"", ""source_value"": 17.62, ""tax_rate_as_published"": 18, ""technology"": ""FTTH""}",False
cost-fixed-gni-2025,costs,access,Fixed broadband basket / monthly income,MUS,MUS,Mauritius,0.98,% of monthly GNI per capita,available,2025,official,measured,"ITU ICT Price Baskets, December 2025 release",https://www.itu.int/en/ITU-D/Statistics/Documents/ICT_Prices/ITU_ICTPriceBaskets_2008-2025.xlsx,itu,2025-12-02,2026-10-01,"ITU 2025 retail basket, selected under its representative-operator rules. At least 5 GB; actual allowance may be higher. Historical observation, not a current quote. Income ratio uses ITU’s own GNI denominator and release, which can differ from this Observatory’s AI-price income base.","ITU 2025 retail basket, selected under its representative-operator rules. At least 5 GB; actual allowance may be higher. Historical observation, not a current quote. Income ratio uses ITU’s own GNI denominator and release, which can differ from this Observatory’s AI-price income base.","{""allowance_gb"": 60, ""metadata_source_id"": ""itu-detail"", ""operator"": ""Mauritius Telecom Ltd"", ""operator_notes"": """", ""source_cell"": ""economies_2008-2025!AB6170"", ""source_code"": ""i154_FBB5_GNI"", ""source_value"": 0.98, ""tax_rate_as_published"": 15, ""technology"": ""FTTH""}",False
cost-fixed-gni-2025,costs,access,Fixed broadband basket / monthly income,MAR,MAR,Morocco,3.04,% of monthly GNI per capita,available,2025,official,measured,"ITU ICT Price Baskets, December 2025 release",https://www.itu.int/en/ITU-D/Statistics/Documents/ICT_Prices/ITU_ICTPriceBaskets_2008-2025.xlsx,itu,2025-12-02,2026-10-01,"ITU 2025 retail basket, selected under its representative-operator rules. At least 5 GB; actual allowance may be higher. Historical observation, not a current quote. Income ratio uses ITU’s own GNI denominator and release, which can differ from this Observatory’s AI-price income base.","ITU 2025 retail basket, selected under its representative-operator rules. At least 5 GB; actual allowance may be higher. Historical observation, not a current quote. Income ratio uses ITU’s own GNI denominator and release, which can differ from this Observatory’s AI-price income base.","{""allowance_gb"": ""Unlimited"", ""metadata_source_id"": ""itu-detail"", ""operator"": ""IAM"", ""operator_notes"": """", ""source_cell"": ""economies_2008-2025!AB5450"", ""source_code"": ""i154_FBB5_GNI"", ""source_value"": 3.04, ""tax_rate_as_published"": 20, ""technology"": ""ADSL""}",False
cost-fixed-gni-2025,costs,access,Fixed broadband basket / monthly income,MOZ,MOZ,Mozambique,44.21,% of monthly GNI per capita,available,2025,official,measured,"ITU ICT Price Baskets, December 2025 release",https://www.itu.int/en/ITU-D/Statistics/Documents/ICT_Prices/ITU_ICTPriceBaskets_2008-2025.xlsx,itu,2025-12-02,2026-10-01,"ITU 2025 retail basket, selected under its representative-operator rules. At least 5 GB; actual allowance may be higher. Historical observation, not a current quote. Income ratio uses ITU’s own GNI denominator and release, which can differ from this Observatory’s AI-price income base.","ITU 2025 retail basket, selected under its representative-operator rules. At least 5 GB; actual allowance may be higher. Historical observation, not a current quote. Income ratio uses ITU’s own GNI denominator and release, which can differ from this Observatory’s AI-price income base.","{""allowance_gb"": 40, ""metadata_source_id"": ""itu-detail"", ""operator"": ""TMCEL"", ""operator_notes"": """", ""source_cell"": ""economies_2008-2025!AB6080"", ""source_code"": ""i154_FBB5_GNI"", ""source_value"": 44.21, ""tax_rate_as_published"": 16, ""technology"": ""ADSL""}",False
cost-fixed-gni-2025,costs,access,Fixed broadband basket / monthly income,NAM,NAM,Namibia,5.36,% of monthly GNI per capita,available,2025,official,measured,"ITU ICT Price Baskets, December 2025 release",https://www.itu.int/en/ITU-D/Statistics/Documents/ICT_Prices/ITU_ICTPriceBaskets_2008-2025.xlsx,itu,2025-12-02,2026-10-01,"ITU 2025 retail basket, selected under its representative-operator rules. At least 5 GB; actual allowance may be higher. Historical observation, not a current quote. Income ratio uses ITU’s own GNI denominator and release, which can differ from this Observatory’s AI-price income base.","ITU 2025 retail basket, selected under its representative-operator rules. At least 5 GB; actual allowance may be higher. Historical observation, not a current quote. Income ratio uses ITU’s own GNI denominator and release, which can differ from this Observatory’s AI-price income base.","{""allowance_gb"": ""Unlimited"", ""metadata_source_id"": ""itu-detail"", ""operator"": ""Telecom Namibia"", ""operator_notes"": null, ""source_cell"": ""economies_2008-2025!AB6305"", ""source_code"": ""i154_FBB5_GNI"", ""source_value"": 5.36, ""tax_rate_as_published"": 0, ""technology"": ""WIMAX & ADSL""}",False
cost-fixed-gni-2025,costs,access,Fixed broadband basket / monthly income,NER,NER,Niger,50.98,% of monthly GNI per capita,available,2025,official,measured,"ITU ICT Price Baskets, December 2025 release",https://www.itu.int/en/ITU-D/Statistics/Documents/ICT_Prices/ITU_ICTPriceBaskets_2008-2025.xlsx,itu,2025-12-02,2026-10-01,"ITU 2025 retail basket, selected under its representative-operator rules. At least 5 GB; actual allowance may be higher. Historical observation, not a current quote. Income ratio uses ITU’s own GNI denominator and release, which can differ from this Observatory’s AI-price income base.","ITU 2025 retail basket, selected under its representative-operator rules. At least 5 GB; actual allowance may be higher. Historical observation, not a current quote. Income ratio uses ITU’s own GNI denominator and release, which can differ from this Observatory’s AI-price income base.","{""allowance_gb"": ""Unlimited"", ""metadata_source_id"": ""itu-detail"", ""operator"": ""Niger Telecoms"", ""operator_notes"": null, ""source_cell"": ""economies_2008-2025!AB6395"", ""source_code"": ""i154_FBB5_GNI"", ""source_value"": 50.98, ""tax_rate_as_published"": 19, ""technology"": ""Fixed wireless""}",False
cost-fixed-gni-2025,costs,access,Fixed broadband basket / monthly income,NGA,NGA,Nigeria,15.47,% of monthly GNI per capita,available,2025,official,measured,"ITU ICT Price Baskets, December 2025 release",https://www.itu.int/en/ITU-D/Statistics/Documents/ICT_Prices/ITU_ICTPriceBaskets_2008-2025.xlsx,itu,2025-12-02,2026-10-01,"ITU 2025 retail basket, selected under its representative-operator rules. At least 5 GB; actual allowance may be higher. Historical observation, not a current quote. Income ratio uses ITU’s own GNI denominator and release, which can differ from this Observatory’s AI-price income base.","ITU 2025 retail basket, selected under its representative-operator rules. At least 5 GB; actual allowance may be higher. Historical observation, not a current quote. Income ratio uses ITU’s own GNI denominator and release, which can differ from this Observatory’s AI-price income base.","{""allowance_gb"": ""Unlimited"", ""metadata_source_id"": ""itu-detail"", ""operator"": ""ipNX Nigeria"", ""operator_notes"": null, ""source_cell"": ""economies_2008-2025!AB6440"", ""source_code"": ""i154_FBB5_GNI"", ""source_value"": 15.47, ""tax_rate_as_published"": 7.5, ""technology"": ""FTTH""}",False
cost-fixed-gni-2025,costs,access,Fixed broadband basket / monthly income,COG,COG,Republic of the Congo,12.54,% of monthly GNI per capita,available,2025,official,measured,"ITU ICT Price Baskets, December 2025 release",https://www.itu.int/en/ITU-D/Statistics/Documents/ICT_Prices/ITU_ICTPriceBaskets_2008-2025.xlsx,itu,2025-12-02,2026-10-01,"ITU 2025 retail basket, selected under its representative-operator rules. At least 5 GB; actual allowance may be higher. Historical observation, not a current quote. Income ratio uses ITU’s own GNI denominator and release, which can differ from this Observatory’s AI-price income base.","ITU 2025 retail basket, selected under its representative-operator rules. At least 5 GB; actual allowance may be higher. Historical observation, not a current quote. Income ratio uses ITU’s own GNI denominator and release, which can differ from this Observatory’s AI-price income base.","{""allowance_gb"": ""Unlimited"", ""metadata_source_id"": ""itu-detail"", ""operator"": ""Congo Telecom"", ""operator_notes"": """", ""source_cell"": ""economies_2008-2025!AB1805"", ""source_code"": ""i154_FBB5_GNI"", ""source_value"": 12.54, ""tax_rate_as_published"": 24, ""technology"": ""Fibre""}",False
cost-fixed-gni-2025,costs,access,Fixed broadband basket / monthly income,RWA,RWA,Rwanda,23.34,% of monthly GNI per capita,available,2025,official,measured,"ITU ICT Price Baskets, December 2025 release",https://www.itu.int/en/ITU-D/Statistics/Documents/ICT_Prices/ITU_ICTPriceBaskets_2008-2025.xlsx,itu,2025-12-02,2026-10-01,"ITU 2025 retail basket, selected under its representative-operator rules. At least 5 GB; actual allowance may be higher. Historical observation, not a current quote. Income ratio uses ITU’s own GNI denominator and release, which can differ from this Observatory’s AI-price income base.","ITU 2025 retail basket, selected under its representative-operator rules. At least 5 GB; actual allowance may be higher. Historical observation, not a current quote. Income ratio uses ITU’s own GNI denominator and release, which can differ from this Observatory’s AI-price income base.","{""allowance_gb"": ""Unlimited"", ""metadata_source_id"": ""itu-detail"", ""operator"": ""GVA Rwanda Ltd"", ""operator_notes"": null, ""source_cell"": ""economies_2008-2025!AB7520"", ""source_code"": ""i154_FBB5_GNI"", ""source_value"": 23.34, ""tax_rate_as_published"": 18, ""technology"": ""FTTH""}",False
cost-fixed-gni-2025,costs,access,Fixed broadband basket / monthly income,SEN,SEN,Senegal,15.1,% of monthly GNI per capita,available,2025,official,measured,"ITU ICT Price Baskets, December 2025 release",https://www.itu.int/en/ITU-D/Statistics/Documents/ICT_Prices/ITU_ICTPriceBaskets_2008-2025.xlsx,itu,2025-12-02,2026-10-01,"ITU 2025 retail basket, selected under its representative-operator rules. At least 5 GB; actual allowance may be higher. Historical observation, not a current quote. Income ratio uses ITU’s own GNI denominator and release, which can differ from this Observatory’s AI-price income base.","ITU 2025 retail basket, selected under its representative-operator rules. At least 5 GB; actual allowance may be higher. Historical observation, not a current quote. Income ratio uses ITU’s own GNI denominator and release, which can differ from this Observatory’s AI-price income base.","{""allowance_gb"": ""Unlimited"", ""metadata_source_id"": ""itu-detail"", ""operator"": ""SONATEL ORANGE"", ""operator_notes"": null, ""source_cell"": ""economies_2008-2025!AB7655"", ""source_code"": ""i154_FBB5_GNI"", ""source_value"": 15.1, ""tax_rate_as_published"": 23, ""technology"": ""ADSL/VDSL""}",False
cost-fixed-gni-2025,costs,access,Fixed broadband basket / monthly income,SYC,SYC,Seychelles,0.95,% of monthly GNI per capita,available,2025,official,measured,"ITU ICT Price Baskets, December 2025 release",https://www.itu.int/en/ITU-D/Statistics/Documents/ICT_Prices/ITU_ICTPriceBaskets_2008-2025.xlsx,itu,2025-12-02,2026-10-01,"ITU 2025 retail basket, selected under its representative-operator rules. At least 5 GB; actual allowance may be higher. Historical observation, not a current quote. Income ratio uses ITU’s own GNI denominator and release, which can differ from this Observatory’s AI-price income base.","ITU 2025 retail basket, selected under its representative-operator rules. At least 5 GB; actual allowance may be higher. Historical observation, not a current quote. Income ratio uses ITU’s own GNI denominator and release, which can differ from this Observatory’s AI-price income base.","{""allowance_gb"": 15, ""metadata_source_id"": ""itu-detail"", ""operator"": ""Cable and Wireless (Seychelles) Ltd"", ""operator_notes"": """", ""source_cell"": ""economies_2008-2025!AB8420"", ""source_code"": ""i154_FBB5_GNI"", ""source_value"": 0.95, ""tax_rate_as_published"": 15, ""technology"": ""ADSL and Fibre""}",False
cost-fixed-gni-2025,costs,access,Fixed broadband basket / monthly income,SLE,SLE,Sierra Leone,,% of monthly GNI per capita,no_information_in_source,2025,official,measured,"ITU ICT Price Baskets, December 2025 release",https://www.itu.int/en/ITU-D/Statistics/Documents/ICT_Prices/ITU_ICTPriceBaskets_2008-2025.xlsx,itu,2025-12-02,2026-10-01,"ITU 2025 retail basket, selected under its representative-operator rules. At least 5 GB; actual allowance may be higher. Historical observation, not a current quote. Income ratio uses ITU’s own GNI denominator and release, which can differ from this Observatory’s AI-price income base.",No information in the ITU 2025 basket cell; no prior year substituted.,"{""metadata_source_id"": ""itu-detail"", ""source_cell"": ""economies_2008-2025!AB7835"", ""source_code"": ""i154_FBB5_GNI"", ""source_value"": ""NA""}",False
cost-fixed-gni-2025,costs,access,Fixed broadband basket / monthly income,SOM,SOM,Somalia,50.0,% of monthly GNI per capita,available,2025,official,measured,"ITU ICT Price Baskets, December 2025 release",https://www.itu.int/en/ITU-D/Statistics/Documents/ICT_Prices/ITU_ICTPriceBaskets_2008-2025.xlsx,itu,2025-12-02,2026-10-01,"ITU 2025 retail basket, selected under its representative-operator rules. At least 5 GB; actual allowance may be higher. Historical observation, not a current quote. Income ratio uses ITU’s own GNI denominator and release, which can differ from this Observatory’s AI-price income base.","ITU 2025 retail basket, selected under its representative-operator rules. At least 5 GB; actual allowance may be higher. Historical observation, not a current quote. Income ratio uses ITU’s own GNI denominator and release, which can differ from this Observatory’s AI-price income base.","{""allowance_gb"": ""Unlimited"", ""metadata_source_id"": ""itu-detail"", ""operator"": ""Hormuud Telecom "", ""operator_notes"": ""Includes 200 minutes."", ""source_cell"": ""economies_2008-2025!AB7970"", ""source_code"": ""i154_FBB5_GNI"", ""source_value"": 50, ""tax_rate_as_published"": 5, ""technology"": ""ADSL""}",False
cost-fixed-gni-2025,costs,access,Fixed broadband basket / monthly income,ZAF,ZAF,South Africa,3.36,% of monthly GNI per capita,available,2025,official,measured,"ITU ICT Price Baskets, December 2025 release",https://www.itu.int/en/ITU-D/Statistics/Documents/ICT_Prices/ITU_ICTPriceBaskets_2008-2025.xlsx,itu,2025-12-02,2026-10-01,"ITU 2025 retail basket, selected under its representative-operator rules. At least 5 GB; actual allowance may be higher. Historical observation, not a current quote. Income ratio uses ITU’s own GNI denominator and release, which can differ from this Observatory’s AI-price income base.","ITU 2025 retail basket, selected under its representative-operator rules. At least 5 GB; actual allowance may be higher. Historical observation, not a current quote. Income ratio uses ITU’s own GNI denominator and release, which can differ from this Observatory’s AI-price income base.","{""allowance_gb"": ""Unlimited"", ""metadata_source_id"": ""itu-detail"", ""operator"": ""Telkom"", ""operator_notes"": null, ""source_cell"": ""economies_2008-2025!AB9815"", ""source_code"": ""i154_FBB5_GNI"", ""source_value"": 3.36, ""tax_rate_as_published"": 15, ""technology"": ""Fibre""}",False
cost-fixed-gni-2025,costs,access,Fixed broadband basket / monthly income,SSD,SSD,South Sudan,,% of monthly GNI per capita,no_information_in_source,2025,official,measured,"ITU ICT Price Baskets, December 2025 release",https://www.itu.int/en/ITU-D/Statistics/Documents/ICT_Prices/ITU_ICTPriceBaskets_2008-2025.xlsx,itu,2025-12-02,2026-10-01,"ITU 2025 retail basket, selected under its representative-operator rules. At least 5 GB; actual allowance may be higher. Historical observation, not a current quote. Income ratio uses ITU’s own GNI denominator and release, which can differ from this Observatory’s AI-price income base.",No information in the ITU 2025 basket cell; no prior year substituted.,"{""metadata_source_id"": ""itu-detail"", ""source_cell"": ""economies_2008-2025!AB8060"", ""source_code"": ""i154_FBB5_GNI"", ""source_value"": ""NA""}",False
cost-fixed-gni-2025,costs,access,Fixed broadband basket / monthly income,SDN,SDN,Sudan,36.63,% of monthly GNI per capita,available,2025,official,measured,"ITU ICT Price Baskets, December 2025 release",https://www.itu.int/en/ITU-D/Statistics/Documents/ICT_Prices/ITU_ICTPriceBaskets_2008-2025.xlsx,itu,2025-12-02,2026-10-01,"ITU 2025 retail basket, selected under its representative-operator rules. At least 5 GB; actual allowance may be higher. Historical observation, not a current quote. Income ratio uses ITU’s own GNI denominator and release, which can differ from this Observatory’s AI-price income base.","ITU 2025 retail basket, selected under its representative-operator rules. At least 5 GB; actual allowance may be higher. Historical observation, not a current quote. Income ratio uses ITU’s own GNI denominator and release, which can differ from this Observatory’s AI-price income base.","{""allowance_gb"": 15, ""metadata_source_id"": ""itu-detail"", ""operator"": ""Sudani"", ""operator_notes"": """", ""source_cell"": ""economies_2008-2025!AB7610"", ""source_code"": ""i154_FBB5_GNI"", ""source_value"": 36.63, ""tax_rate_as_published"": 40, ""technology"": ""ADSL""}",False
cost-fixed-gni-2025,costs,access,Fixed broadband basket / monthly income,STP,STP,São Tomé and Príncipe,12.5,% of monthly GNI per capita,available,2025,official,measured,"ITU ICT Price Baskets, December 2025 release",https://www.itu.int/en/ITU-D/Statistics/Documents/ICT_Prices/ITU_ICTPriceBaskets_2008-2025.xlsx,itu,2025-12-02,2026-10-01,"ITU 2025 retail basket, selected under its representative-operator rules. At least 5 GB; actual allowance may be higher. Historical observation, not a current quote. Income ratio uses ITU’s own GNI denominator and release, which can differ from this Observatory’s AI-price income base.","ITU 2025 retail basket, selected under its representative-operator rules. At least 5 GB; actual allowance may be higher. Historical observation, not a current quote. Income ratio uses ITU’s own GNI denominator and release, which can differ from this Observatory’s AI-price income base.","{""allowance_gb"": 100, ""metadata_source_id"": ""itu-detail"", ""operator"": ""CST"", ""operator_notes"": """", ""source_cell"": ""economies_2008-2025!AB8105"", ""source_code"": ""i154_FBB5_GNI"", ""source_value"": 12.5, ""tax_rate_as_published"": 15, ""technology"": ""FTTH""}",False
cost-fixed-gni-2025,costs,access,Fixed broadband basket / monthly income,TZA,TZA,Tanzania,27.95,% of monthly GNI per capita,available,2025,official,measured,"ITU ICT Price Baskets, December 2025 release",https://www.itu.int/en/ITU-D/Statistics/Documents/ICT_Prices/ITU_ICTPriceBaskets_2008-2025.xlsx,itu,2025-12-02,2026-10-01,"ITU 2025 retail basket, selected under its representative-operator rules. At least 5 GB; actual allowance may be higher. Historical observation, not a current quote. Income ratio uses ITU’s own GNI denominator and release, which can differ from this Observatory’s AI-price income base.","ITU 2025 retail basket, selected under its representative-operator rules. At least 5 GB; actual allowance may be higher. Historical observation, not a current quote. Income ratio uses ITU’s own GNI denominator and release, which can differ from this Observatory’s AI-price income base.","{""allowance_gb"": ""Unlimited"", ""metadata_source_id"": ""itu-detail"", ""operator"": ""Airtel"", ""operator_notes"": null, ""source_cell"": ""economies_2008-2025!AB9140"", ""source_code"": ""i154_FBB5_GNI"", ""source_value"": 27.95, ""tax_rate_as_published"": 35, ""technology"": ""5G""}",False
cost-fixed-gni-2025,costs,access,Fixed broadband basket / monthly income,TGO,TGO,Togo,28.39,% of monthly GNI per capita,available,2025,official,measured,"ITU ICT Price Baskets, December 2025 release",https://www.itu.int/en/ITU-D/Statistics/Documents/ICT_Prices/ITU_ICTPriceBaskets_2008-2025.xlsx,itu,2025-12-02,2026-10-01,"ITU 2025 retail basket, selected under its representative-operator rules. At least 5 GB; actual allowance may be higher. Historical observation, not a current quote. Income ratio uses ITU’s own GNI denominator and release, which can differ from this Observatory’s AI-price income base.","ITU 2025 retail basket, selected under its representative-operator rules. At least 5 GB; actual allowance may be higher. Historical observation, not a current quote. Income ratio uses ITU’s own GNI denominator and release, which can differ from this Observatory’s AI-price income base.","{""allowance_gb"": ""Unlimited"", ""metadata_source_id"": ""itu-detail"", ""operator"": ""GVA Togo"", ""operator_notes"": null, ""source_cell"": ""economies_2008-2025!AB8600"", ""source_code"": ""i154_FBB5_GNI"", ""source_value"": 28.39, ""tax_rate_as_published"": 18, ""technology"": ""FTTH""}",False
cost-fixed-gni-2025,costs,access,Fixed broadband basket / monthly income,TUN,TUN,Tunisia,3.72,% of monthly GNI per capita,available,2025,official,measured,"ITU ICT Price Baskets, December 2025 release",https://www.itu.int/en/ITU-D/Statistics/Documents/ICT_Prices/ITU_ICTPriceBaskets_2008-2025.xlsx,itu,2025-12-02,2026-10-01,"ITU 2025 retail basket, selected under its representative-operator rules. At least 5 GB; actual allowance may be higher. Historical observation, not a current quote. Income ratio uses ITU’s own GNI denominator and release, which can differ from this Observatory’s AI-price income base.","ITU 2025 retail basket, selected under its representative-operator rules. At least 5 GB; actual allowance may be higher. Historical observation, not a current quote. Income ratio uses ITU’s own GNI denominator and release, which can differ from this Observatory’s AI-price income base.","{""allowance_gb"": ""Unlimited"", ""metadata_source_id"": ""itu-detail"", ""operator"": ""Topnet"", ""operator_notes"": """", ""source_cell"": ""economies_2008-2025!AB8960"", ""source_code"": ""i154_FBB5_GNI"", ""source_value"": 3.72, ""tax_rate_as_published"": 7, ""technology"": ""ADSL""}",False
cost-fixed-gni-2025,costs,access,Fixed broadband basket / monthly income,UGA,UGA,Uganda,33.98,% of monthly GNI per capita,available,2025,official,measured,"ITU ICT Price Baskets, December 2025 release",https://www.itu.int/en/ITU-D/Statistics/Documents/ICT_Prices/ITU_ICTPriceBaskets_2008-2025.xlsx,itu,2025-12-02,2026-10-01,"ITU 2025 retail basket, selected under its representative-operator rules. At least 5 GB; actual allowance may be higher. Historical observation, not a current quote. Income ratio uses ITU’s own GNI denominator and release, which can differ from this Observatory’s AI-price income base.","ITU 2025 retail basket, selected under its representative-operator rules. At least 5 GB; actual allowance may be higher. Historical observation, not a current quote. Income ratio uses ITU’s own GNI denominator and release, which can differ from this Observatory’s AI-price income base.","{""allowance_gb"": ""Unlimited"", ""metadata_source_id"": ""itu-detail"", ""operator"": ""Roke Telkom"", ""operator_notes"": null, ""source_cell"": ""economies_2008-2025!AB9185"", ""source_code"": ""i154_FBB5_GNI"", ""source_value"": 33.98, ""tax_rate_as_published"": 30, ""technology"": ""FxWireless""}",False
cost-fixed-gni-2025,costs,access,Fixed broadband basket / monthly income,ZMB,ZMB,Zambia,3.97,% of monthly GNI per capita,available,2025,official,measured,"ITU ICT Price Baskets, December 2025 release",https://www.itu.int/en/ITU-D/Statistics/Documents/ICT_Prices/ITU_ICTPriceBaskets_2008-2025.xlsx,itu,2025-12-02,2026-10-01,"ITU 2025 retail basket, selected under its representative-operator rules. At least 5 GB; actual allowance may be higher. Historical observation, not a current quote. Income ratio uses ITU’s own GNI denominator and release, which can differ from this Observatory’s AI-price income base.","ITU 2025 retail basket, selected under its representative-operator rules. At least 5 GB; actual allowance may be higher. Historical observation, not a current quote. Income ratio uses ITU’s own GNI denominator and release, which can differ from this Observatory’s AI-price income base.","{""allowance_gb"": 10, ""metadata_source_id"": ""itu-detail"", ""operator"": ""Airtel "", ""operator_notes"": """", ""source_cell"": ""economies_2008-2025!AB9860"", ""source_code"": ""i154_FBB5_GNI"", ""source_value"": 3.97, ""tax_rate_as_published"": 33.5, ""technology"": ""4G& 5G""}",False
cost-fixed-gni-2025,costs,access,Fixed broadband basket / monthly income,ZWE,ZWE,Zimbabwe,,% of monthly GNI per capita,no_information_in_source,2025,official,measured,"ITU ICT Price Baskets, December 2025 release",https://www.itu.int/en/ITU-D/Statistics/Documents/ICT_Prices/ITU_ICTPriceBaskets_2008-2025.xlsx,itu,2025-12-02,2026-10-01,"ITU 2025 retail basket, selected under its representative-operator rules. At least 5 GB; actual allowance may be higher. Historical observation, not a current quote. Income ratio uses ITU’s own GNI denominator and release, which can differ from this Observatory’s AI-price income base.",No information in the ITU 2025 basket cell; no prior year substituted.,"{""allowance_gb"": 30, ""metadata_source_id"": ""itu-detail"", ""operator"": ""TelOne"", ""operator_notes"": """", ""source_cell"": ""economies_2008-2025!AB9905"", ""source_code"": ""i154_FBB5_GNI"", ""source_value"": ""NA"", ""tax_rate_as_published"": 25, ""technology"": ""ADSL, FTTH""}",False
jobs-pnet-ai-vacancy-growth,outcomes,jobs,Growth in AI-related vacancies on Pnet,DZA,DZA,Algeria,,% change,no_information_in_source,H1 2025 versus H1 2024,platform_records,measured,"Pnet Job Market Trends, August 2025",https://www.pnet.co.za/wp-content/uploads/2025/09/Pnet_Job-Market-Trends_August.pdf,pnet,2025-08 report,2026-10-01,"Pnet report, page 7: year-on-year growth in AI-related advertisements. Platform scope includes international/remote listings. This is a demand signal; it does not measure hires, net employment, wages or a causal effect of AI.",No information: outside this platform report’s country scope.,{},False
jobs-pnet-ai-vacancy-growth,outcomes,jobs,Growth in AI-related vacancies on Pnet,AGO,AGO,Angola,,% change,no_information_in_source,H1 2025 versus H1 2024,platform_records,measured,"Pnet Job Market Trends, August 2025",https://www.pnet.co.za/wp-content/uploads/2025/09/Pnet_Job-Market-Trends_August.pdf,pnet,2025-08 report,2026-10-01,"Pnet report, page 7: year-on-year growth in AI-related advertisements. Platform scope includes international/remote listings. This is a demand signal; it does not measure hires, net employment, wages or a causal effect of AI.",No information: outside this platform report’s country scope.,{},False
jobs-pnet-ai-vacancy-growth,outcomes,jobs,Growth in AI-related vacancies on Pnet,BEN,BEN,Benin,,% change,no_information_in_source,H1 2025 versus H1 2024,platform_records,measured,"Pnet Job Market Trends, August 2025",https://www.pnet.co.za/wp-content/uploads/2025/09/Pnet_Job-Market-Trends_August.pdf,pnet,2025-08 report,2026-10-01,"Pnet report, page 7: year-on-year growth in AI-related advertisements. Platform scope includes international/remote listings. This is a demand signal; it does not measure hires, net employment, wages or a causal effect of AI.",No information: outside this platform report’s country scope.,{},False
jobs-pnet-ai-vacancy-growth,outcomes,jobs,Growth in AI-related vacancies on Pnet,BWA,BWA,Botswana,,% change,no_information_in_source,H1 2025 versus H1 2024,platform_records,measured,"Pnet Job Market Trends, August 2025",https://www.pnet.co.za/wp-content/uploads/2025/09/Pnet_Job-Market-Trends_August.pdf,pnet,2025-08 report,2026-10-01,"Pnet report, page 7: year-on-year growth in AI-related advertisements. Platform scope includes international/remote listings. This is a demand signal; it does not measure hires, net employment, wages or a causal effect of AI.",No information: outside this platform report’s country scope.,{},False
jobs-pnet-ai-vacancy-growth,outcomes,jobs,Growth in AI-related vacancies on Pnet,BFA,BFA,Burkina Faso,,% change,no_information_in_source,H1 2025 versus H1 2024,platform_records,measured,"Pnet Job Market Trends, August 2025",https://www.pnet.co.za/wp-content/uploads/2025/09/Pnet_Job-Market-Trends_August.pdf,pnet,2025-08 report,2026-10-01,"Pnet report, page 7: year-on-year growth in AI-related advertisements. Platform scope includes international/remote listings. This is a demand signal; it does not measure hires, net employment, wages or a causal effect of AI.",No information: outside this platform report’s country scope.,{},False
jobs-pnet-ai-vacancy-growth,outcomes,jobs,Growth in AI-related vacancies on Pnet,BDI,BDI,Burundi,,% change,no_information_in_source,H1 2025 versus H1 2024,platform_records,measured,"Pnet Job Market Trends, August 2025",https://www.pnet.co.za/wp-content/uploads/2025/09/Pnet_Job-Market-Trends_August.pdf,pnet,2025-08 report,2026-10-01,"Pnet report, page 7: year-on-year growth in AI-related advertisements. Platform scope includes international/remote listings. This is a demand signal; it does not measure hires, net employment, wages or a causal effect of AI.",No information: outside this platform report’s country scope.,{},False
jobs-pnet-ai-vacancy-growth,outcomes,jobs,Growth in AI-related vacancies on Pnet,CPV,CPV,Cabo Verde,,% change,no_information_in_source,H1 2025 versus H1 2024,platform_records,measured,"Pnet Job Market Trends, August 2025",https://www.pnet.co.za/wp-content/uploads/2025/09/Pnet_Job-Market-Trends_August.pdf,pnet,2025-08 report,2026-10-01,"Pnet report, page 7: year-on-year growth in AI-related advertisements. Platform scope includes international/remote listings. This is a demand signal; it does not measure hires, net employment, wages or a causal effect of AI.",No information: outside this platform report’s country scope.,{},False
jobs-pnet-ai-vacancy-growth,outcomes,jobs,Growth in AI-related vacancies on Pnet,CMR,CMR,Cameroon,,% change,no_information_in_source,H1 2025 versus H1 2024,platform_records,measured,"Pnet Job Market Trends, August 2025",https://www.pnet.co.za/wp-content/uploads/2025/09/Pnet_Job-Market-Trends_August.pdf,pnet,2025-08 report,2026-10-01,"Pnet report, page 7: year-on-year growth in AI-related advertisements. Platform scope includes international/remote listings. This is a demand signal; it does not measure hires, net employment, wages or a causal effect of AI.",No information: outside this platform report’s country scope.,{},False
jobs-pnet-ai-vacancy-growth,outcomes,jobs,Growth in AI-related vacancies on Pnet,CAF,CAF,Central African Republic,,% change,no_information_in_source,H1 2025 versus H1 2024,platform_records,measured,"Pnet Job Market Trends, August 2025",https://www.pnet.co.za/wp-content/uploads/2025/09/Pnet_Job-Market-Trends_August.pdf,pnet,2025-08 report,2026-10-01,"Pnet report, page 7: year-on-year growth in AI-related advertisements. Platform scope includes international/remote listings. This is a demand signal; it does not measure hires, net employment, wages or a causal effect of AI.",No information: outside this platform report’s country scope.,{},False
jobs-pnet-ai-vacancy-growth,outcomes,jobs,Growth in AI-related vacancies on Pnet,TCD,TCD,Chad,,% change,no_information_in_source,H1 2025 versus H1 2024,platform_records,measured,"Pnet Job Market Trends, August 2025",https://www.pnet.co.za/wp-content/uploads/2025/09/Pnet_Job-Market-Trends_August.pdf,pnet,2025-08 report,2026-10-01,"Pnet report, page 7: year-on-year growth in AI-related advertisements. Platform scope includes international/remote listings. This is a demand signal; it does not measure hires, net employment, wages or a causal effect of AI.",No information: outside this platform report’s country scope.,{},False
jobs-pnet-ai-vacancy-growth,outcomes,jobs,Growth in AI-related vacancies on Pnet,COM,COM,Comoros,,% change,no_information_in_source,H1 2025 versus H1 2024,platform_records,measured,"Pnet Job Market Trends, August 2025",https://www.pnet.co.za/wp-content/uploads/2025/09/Pnet_Job-Market-Trends_August.pdf,pnet,2025-08 report,2026-10-01,"Pnet report, page 7: year-on-year growth in AI-related advertisements. Platform scope includes international/remote listings. This is a demand signal; it does not measure hires, net employment, wages or a causal effect of AI.",No information: outside this platform report’s country scope.,{},False
jobs-pnet-ai-vacancy-growth,outcomes,jobs,Growth in AI-related vacancies on Pnet,CIV,CIV,Côte d'Ivoire,,% change,no_information_in_source,H1 2025 versus H1 2024,platform_records,measured,"Pnet Job Market Trends, August 2025",https://www.pnet.co.za/wp-content/uploads/2025/09/Pnet_Job-Market-Trends_August.pdf,pnet,2025-08 report,2026-10-01,"Pnet report, page 7: year-on-year growth in AI-related advertisements. Platform scope includes international/remote listings. This is a demand signal; it does not measure hires, net employment, wages or a causal effect of AI.",No information: outside this platform report’s country scope.,{},False
jobs-pnet-ai-vacancy-growth,outcomes,jobs,Growth in AI-related vacancies on Pnet,COD,COD,Democratic Republic of the Congo,,% change,no_information_in_source,H1 2025 versus H1 2024,platform_records,measured,"Pnet Job Market Trends, August 2025",https://www.pnet.co.za/wp-content/uploads/2025/09/Pnet_Job-Market-Trends_August.pdf,pnet,2025-08 report,2026-10-01,"Pnet report, page 7: year-on-year growth in AI-related advertisements. Platform scope includes international/remote listings. This is a demand signal; it does not measure hires, net employment, wages or a causal effect of AI.",No information: outside this platform report’s country scope.,{},False
jobs-pnet-ai-vacancy-growth,outcomes,jobs,Growth in AI-related vacancies on Pnet,DJI,DJI,Djibouti,,% change,no_information_in_source,H1 2025 versus H1 2024,platform_records,measured,"Pnet Job Market Trends, August 2025",https://www.pnet.co.za/wp-content/uploads/2025/09/Pnet_Job-Market-Trends_August.pdf,pnet,2025-08 report,2026-10-01,"Pnet report, page 7: year-on-year growth in AI-related advertisements. Platform scope includes international/remote listings. This is a demand signal; it does not measure hires, net employment, wages or a causal effect of AI.",No information: outside this platform report’s country scope.,{},False
jobs-pnet-ai-vacancy-growth,outcomes,jobs,Growth in AI-related vacancies on Pnet,EGY,EGY,Egypt,,% change,no_information_in_source,H1 2025 versus H1 2024,platform_records,measured,"Pnet Job Market Trends, August 2025",https://www.pnet.co.za/wp-content/uploads/2025/09/Pnet_Job-Market-Trends_August.pdf,pnet,2025-08 report,2026-10-01,"Pnet report, page 7: year-on-year growth in AI-related advertisements. Platform scope includes international/remote listings. This is a demand signal; it does not measure hires, net employment, wages or a causal effect of AI.",No information: outside this platform report’s country scope.,{},False
jobs-pnet-ai-vacancy-growth,outcomes,jobs,Growth in AI-related vacancies on Pnet,GNQ,GNQ,Equatorial Guinea,,% change,no_information_in_source,H1 2025 versus H1 2024,platform_records,measured,"Pnet Job Market Trends, August 2025",https://www.pnet.co.za/wp-content/uploads/2025/09/Pnet_Job-Market-Trends_August.pdf,pnet,2025-08 report,2026-10-01,"Pnet report, page 7: year-on-year growth in AI-related advertisements. Platform scope includes international/remote listings. This is a demand signal; it does not measure hires, net employment, wages or a causal effect of AI.",No information: outside this platform report’s country scope.,{},False
jobs-pnet-ai-vacancy-growth,outcomes,jobs,Growth in AI-related vacancies on Pnet,ERI,ERI,Eritrea,,% change,no_information_in_source,H1 2025 versus H1 2024,platform_records,measured,"Pnet Job Market Trends, August 2025",https://www.pnet.co.za/wp-content/uploads/2025/09/Pnet_Job-Market-Trends_August.pdf,pnet,2025-08 report,2026-10-01,"Pnet report, page 7: year-on-year growth in AI-related advertisements. Platform scope includes international/remote listings. This is a demand signal; it does not measure hires, net employment, wages or a causal effect of AI.",No information: outside this platform report’s country scope.,{},False
jobs-pnet-ai-vacancy-growth,outcomes,jobs,Growth in AI-related vacancies on Pnet,SWZ,SWZ,Eswatini,,% change,no_information_in_source,H1 2025 versus H1 2024,platform_records,measured,"Pnet Job Market Trends, August 2025",https://www.pnet.co.za/wp-content/uploads/2025/09/Pnet_Job-Market-Trends_August.pdf,pnet,2025-08 report,2026-10-01,"Pnet report, page 7: year-on-year growth in AI-related advertisements. Platform scope includes international/remote listings. This is a demand signal; it does not measure hires, net employment, wages or a causal effect of AI.",No information: outside this platform report’s country scope.,{},False
jobs-pnet-ai-vacancy-growth,outcomes,jobs,Growth in AI-related vacancies on Pnet,ETH,ETH,Ethiopia,,% change,no_information_in_source,H1 2025 versus H1 2024,platform_records,measured,"Pnet Job Market Trends, August 2025",https://www.pnet.co.za/wp-content/uploads/2025/09/Pnet_Job-Market-Trends_August.pdf,pnet,2025-08 report,2026-10-01,"Pnet report, page 7: year-on-year growth in AI-related advertisements. Platform scope includes international/remote listings. This is a demand signal; it does not measure hires, net employment, wages or a causal effect of AI.",No information: outside this platform report’s country scope.,{},False
jobs-pnet-ai-vacancy-growth,outcomes,jobs,Growth in AI-related vacancies on Pnet,GAB,GAB,Gabon,,% change,no_information_in_source,H1 2025 versus H1 2024,platform_records,measured,"Pnet Job Market Trends, August 2025",https://www.pnet.co.za/wp-content/uploads/2025/09/Pnet_Job-Market-Trends_August.pdf,pnet,2025-08 report,2026-10-01,"Pnet report, page 7: year-on-year growth in AI-related advertisements. Platform scope includes international/remote listings. This is a demand signal; it does not measure hires, net employment, wages or a causal effect of AI.",No information: outside this platform report’s country scope.,{},False
jobs-pnet-ai-vacancy-growth,outcomes,jobs,Growth in AI-related vacancies on Pnet,GMB,GMB,Gambia,,% change,no_information_in_source,H1 2025 versus H1 2024,platform_records,measured,"Pnet Job Market Trends, August 2025",https://www.pnet.co.za/wp-content/uploads/2025/09/Pnet_Job-Market-Trends_August.pdf,pnet,2025-08 report,2026-10-01,"Pnet report, page 7: year-on-year growth in AI-related advertisements. Platform scope includes international/remote listings. This is a demand signal; it does not measure hires, net employment, wages or a causal effect of AI.",No information: outside this platform report’s country scope.,{},False
jobs-pnet-ai-vacancy-growth,outcomes,jobs,Growth in AI-related vacancies on Pnet,GHA,GHA,Ghana,,% change,no_information_in_source,H1 2025 versus H1 2024,platform_records,measured,"Pnet Job Market Trends, August 2025",https://www.pnet.co.za/wp-content/uploads/2025/09/Pnet_Job-Market-Trends_August.pdf,pnet,2025-08 report,2026-10-01,"Pnet report, page 7: year-on-year growth in AI-related advertisements. Platform scope includes international/remote listings. This is a demand signal; it does not measure hires, net employment, wages or a causal effect of AI.",No information: outside this platform report’s country scope.,{},False
jobs-pnet-ai-vacancy-growth,outcomes,jobs,Growth in AI-related vacancies on Pnet,GIN,GIN,Guinea,,% change,no_information_in_source,H1 2025 versus H1 2024,platform_records,measured,"Pnet Job Market Trends, August 2025",https://www.pnet.co.za/wp-content/uploads/2025/09/Pnet_Job-Market-Trends_August.pdf,pnet,2025-08 report,2026-10-01,"Pnet report, page 7: year-on-year growth in AI-related advertisements. Platform scope includes international/remote listings. This is a demand signal; it does not measure hires, net employment, wages or a causal effect of AI.",No information: outside this platform report’s country scope.,{},False
jobs-pnet-ai-vacancy-growth,outcomes,jobs,Growth in AI-related vacancies on Pnet,GNB,GNB,Guinea-Bissau,,% change,no_information_in_source,H1 2025 versus H1 2024,platform_records,measured,"Pnet Job Market Trends, August 2025",https://www.pnet.co.za/wp-content/uploads/2025/09/Pnet_Job-Market-Trends_August.pdf,pnet,2025-08 report,2026-10-01,"Pnet report, page 7: year-on-year growth in AI-related advertisements. Platform scope includes international/remote listings. This is a demand signal; it does not measure hires, net employment, wages or a causal effect of AI.",No information: outside this platform report’s country scope.,{},False
jobs-pnet-ai-vacancy-growth,outcomes,jobs,Growth in AI-related vacancies on Pnet,KEN,KEN,Kenya,,% change,no_information_in_source,H1 2025 versus H1 2024,platform_records,measured,"Pnet Job Market Trends, August 2025",https://www.pnet.co.za/wp-content/uploads/2025/09/Pnet_Job-Market-Trends_August.pdf,pnet,2025-08 report,2026-10-01,"Pnet report, page 7: year-on-year growth in AI-related advertisements. Platform scope includes international/remote listings. This is a demand signal; it does not measure hires, net employment, wages or a causal effect of AI.",No information: outside this platform report’s country scope.,{},False
jobs-pnet-ai-vacancy-growth,outcomes,jobs,Growth in AI-related vacancies on Pnet,LSO,LSO,Lesotho,,% change,no_information_in_source,H1 2025 versus H1 2024,platform_records,measured,"Pnet Job Market Trends, August 2025",https://www.pnet.co.za/wp-content/uploads/2025/09/Pnet_Job-Market-Trends_August.pdf,pnet,2025-08 report,2026-10-01,"Pnet report, page 7: year-on-year growth in AI-related advertisements. Platform scope includes international/remote listings. This is a demand signal; it does not measure hires, net employment, wages or a causal effect of AI.",No information: outside this platform report’s country scope.,{},False
jobs-pnet-ai-vacancy-growth,outcomes,jobs,Growth in AI-related vacancies on Pnet,LBR,LBR,Liberia,,% change,no_information_in_source,H1 2025 versus H1 2024,platform_records,measured,"Pnet Job Market Trends, August 2025",https://www.pnet.co.za/wp-content/uploads/2025/09/Pnet_Job-Market-Trends_August.pdf,pnet,2025-08 report,2026-10-01,"Pnet report, page 7: year-on-year growth in AI-related advertisements. Platform scope includes international/remote listings. This is a demand signal; it does not measure hires, net employment, wages or a causal effect of AI.",No information: outside this platform report’s country scope.,{},False
jobs-pnet-ai-vacancy-growth,outcomes,jobs,Growth in AI-related vacancies on Pnet,LBY,LBY,Libya,,% change,no_information_in_source,H1 2025 versus H1 2024,platform_records,measured,"Pnet Job Market Trends, August 2025",https://www.pnet.co.za/wp-content/uploads/2025/09/Pnet_Job-Market-Trends_August.pdf,pnet,2025-08 report,2026-10-01,"Pnet report, page 7: year-on-year growth in AI-related advertisements. Platform scope includes international/remote listings. This is a demand signal; it does not measure hires, net employment, wages or a causal effect of AI.",No information: outside this platform report’s country scope.,{},False
jobs-pnet-ai-vacancy-growth,outcomes,jobs,Growth in AI-related vacancies on Pnet,MDG,MDG,Madagascar,,% change,no_information_in_source,H1 2025 versus H1 2024,platform_records,measured,"Pnet Job Market Trends, August 2025",https://www.pnet.co.za/wp-content/uploads/2025/09/Pnet_Job-Market-Trends_August.pdf,pnet,2025-08 report,2026-10-01,"Pnet report, page 7: year-on-year growth in AI-related advertisements. Platform scope includes international/remote listings. This is a demand signal; it does not measure hires, net employment, wages or a causal effect of AI.",No information: outside this platform report’s country scope.,{},False
jobs-pnet-ai-vacancy-growth,outcomes,jobs,Growth in AI-related vacancies on Pnet,MWI,MWI,Malawi,,% change,no_information_in_source,H1 2025 versus H1 2024,platform_records,measured,"Pnet Job Market Trends, August 2025",https://www.pnet.co.za/wp-content/uploads/2025/09/Pnet_Job-Market-Trends_August.pdf,pnet,2025-08 report,2026-10-01,"Pnet report, page 7: year-on-year growth in AI-related advertisements. Platform scope includes international/remote listings. This is a demand signal; it does not measure hires, net employment, wages or a causal effect of AI.",No information: outside this platform report’s country scope.,{},False
jobs-pnet-ai-vacancy-growth,outcomes,jobs,Growth in AI-related vacancies on Pnet,MLI,MLI,Mali,,% change,no_information_in_source,H1 2025 versus H1 2024,platform_records,measured,"Pnet Job Market Trends, August 2025",https://www.pnet.co.za/wp-content/uploads/2025/09/Pnet_Job-Market-Trends_August.pdf,pnet,2025-08 report,2026-10-01,"Pnet report, page 7: year-on-year growth in AI-related advertisements. Platform scope includes international/remote listings. This is a demand signal; it does not measure hires, net employment, wages or a causal effect of AI.",No information: outside this platform report’s country scope.,{},False
jobs-pnet-ai-vacancy-growth,outcomes,jobs,Growth in AI-related vacancies on Pnet,MRT,MRT,Mauritania,,% change,no_information_in_source,H1 2025 versus H1 2024,platform_records,measured,"Pnet Job Market Trends, August 2025",https://www.pnet.co.za/wp-content/uploads/2025/09/Pnet_Job-Market-Trends_August.pdf,pnet,2025-08 report,2026-10-01,"Pnet report, page 7: year-on-year growth in AI-related advertisements. Platform scope includes international/remote listings. This is a demand signal; it does not measure hires, net employment, wages or a causal effect of AI.",No information: outside this platform report’s country scope.,{},False
jobs-pnet-ai-vacancy-growth,outcomes,jobs,Growth in AI-related vacancies on Pnet,MUS,MUS,Mauritius,,% change,no_information_in_source,H1 2025 versus H1 2024,platform_records,measured,"Pnet Job Market Trends, August 2025",https://www.pnet.co.za/wp-content/uploads/2025/09/Pnet_Job-Market-Trends_August.pdf,pnet,2025-08 report,2026-10-01,"Pnet report, page 7: year-on-year growth in AI-related advertisements. Platform scope includes international/remote listings. This is a demand signal; it does not measure hires, net employment, wages or a causal effect of AI.",No information: outside this platform report’s country scope.,{},False
jobs-pnet-ai-vacancy-growth,outcomes,jobs,Growth in AI-related vacancies on Pnet,MAR,MAR,Morocco,,% change,no_information_in_source,H1 2025 versus H1 2024,platform_records,measured,"Pnet Job Market Trends, August 2025",https://www.pnet.co.za/wp-content/uploads/2025/09/Pnet_Job-Market-Trends_August.pdf,pnet,2025-08 report,2026-10-01,"Pnet report, page 7: year-on-year growth in AI-related advertisements. Platform scope includes international/remote listings. This is a demand signal; it does not measure hires, net employment, wages or a causal effect of AI.",No information: outside this platform report’s country scope.,{},False
jobs-pnet-ai-vacancy-growth,outcomes,jobs,Growth in AI-related vacancies on Pnet,MOZ,MOZ,Mozambique,,% change,no_information_in_source,H1 2025 versus H1 2024,platform_records,measured,"Pnet Job Market Trends, August 2025",https://www.pnet.co.za/wp-content/uploads/2025/09/Pnet_Job-Market-Trends_August.pdf,pnet,2025-08 report,2026-10-01,"Pnet report, page 7: year-on-year growth in AI-related advertisements. Platform scope includes international/remote listings. This is a demand signal; it does not measure hires, net employment, wages or a causal effect of AI.",No information: outside this platform report’s country scope.,{},False
jobs-pnet-ai-vacancy-growth,outcomes,jobs,Growth in AI-related vacancies on Pnet,NAM,NAM,Namibia,,% change,no_information_in_source,H1 2025 versus H1 2024,platform_records,measured,"Pnet Job Market Trends, August 2025",https://www.pnet.co.za/wp-content/uploads/2025/09/Pnet_Job-Market-Trends_August.pdf,pnet,2025-08 report,2026-10-01,"Pnet report, page 7: year-on-year growth in AI-related advertisements. Platform scope includes international/remote listings. This is a demand signal; it does not measure hires, net employment, wages or a causal effect of AI.",No information: outside this platform report’s country scope.,{},False
jobs-pnet-ai-vacancy-growth,outcomes,jobs,Growth in AI-related vacancies on Pnet,NER,NER,Niger,,% change,no_information_in_source,H1 2025 versus H1 2024,platform_records,measured,"Pnet Job Market Trends, August 2025",https://www.pnet.co.za/wp-content/uploads/2025/09/Pnet_Job-Market-Trends_August.pdf,pnet,2025-08 report,2026-10-01,"Pnet report, page 7: year-on-year growth in AI-related advertisements. Platform scope includes international/remote listings. This is a demand signal; it does not measure hires, net employment, wages or a causal effect of AI.",No information: outside this platform report’s country scope.,{},False
jobs-pnet-ai-vacancy-growth,outcomes,jobs,Growth in AI-related vacancies on Pnet,NGA,NGA,Nigeria,,% change,no_information_in_source,H1 2025 versus H1 2024,platform_records,measured,"Pnet Job Market Trends, August 2025",https://www.pnet.co.za/wp-content/uploads/2025/09/Pnet_Job-Market-Trends_August.pdf,pnet,2025-08 report,2026-10-01,"Pnet report, page 7: year-on-year growth in AI-related advertisements. Platform scope includes international/remote listings. This is a demand signal; it does not measure hires, net employment, wages or a causal effect of AI.",No information: outside this platform report’s country scope.,{},False
jobs-pnet-ai-vacancy-growth,outcomes,jobs,Growth in AI-related vacancies on Pnet,COG,COG,Republic of the Congo,,% change,no_information_in_source,H1 2025 versus H1 2024,platform_records,measured,"Pnet Job Market Trends, August 2025",https://www.pnet.co.za/wp-content/uploads/2025/09/Pnet_Job-Market-Trends_August.pdf,pnet,2025-08 report,2026-10-01,"Pnet report, page 7: year-on-year growth in AI-related advertisements. Platform scope includes international/remote listings. This is a demand signal; it does not measure hires, net employment, wages or a causal effect of AI.",No information: outside this platform report’s country scope.,{},False
jobs-pnet-ai-vacancy-growth,outcomes,jobs,Growth in AI-related vacancies on Pnet,RWA,RWA,Rwanda,,% change,no_information_in_source,H1 2025 versus H1 2024,platform_records,measured,"Pnet Job Market Trends, August 2025",https://www.pnet.co.za/wp-content/uploads/2025/09/Pnet_Job-Market-Trends_August.pdf,pnet,2025-08 report,2026-10-01,"Pnet report, page 7: year-on-year growth in AI-related advertisements. Platform scope includes international/remote listings. This is a demand signal; it does not measure hires, net employment, wages or a causal effect of AI.",No information: outside this platform report’s country scope.,{},False
jobs-pnet-ai-vacancy-growth,outcomes,jobs,Growth in AI-related vacancies on Pnet,SEN,SEN,Senegal,,% change,no_information_in_source,H1 2025 versus H1 2024,platform_records,measured,"Pnet Job Market Trends, August 2025",https://www.pnet.co.za/wp-content/uploads/2025/09/Pnet_Job-Market-Trends_August.pdf,pnet,2025-08 report,2026-10-01,"Pnet report, page 7: year-on-year growth in AI-related advertisements. Platform scope includes international/remote listings. This is a demand signal; it does not measure hires, net employment, wages or a causal effect of AI.",No information: outside this platform report’s country scope.,{},False
jobs-pnet-ai-vacancy-growth,outcomes,jobs,Growth in AI-related vacancies on Pnet,SYC,SYC,Seychelles,,% change,no_information_in_source,H1 2025 versus H1 2024,platform_records,measured,"Pnet Job Market Trends, August 2025",https://www.pnet.co.za/wp-content/uploads/2025/09/Pnet_Job-Market-Trends_August.pdf,pnet,2025-08 report,2026-10-01,"Pnet report, page 7: year-on-year growth in AI-related advertisements. Platform scope includes international/remote listings. This is a demand signal; it does not measure hires, net employment, wages or a causal effect of AI.",No information: outside this platform report’s country scope.,{},False
jobs-pnet-ai-vacancy-growth,outcomes,jobs,Growth in AI-related vacancies on Pnet,SLE,SLE,Sierra Leone,,% change,no_information_in_source,H1 2025 versus H1 2024,platform_records,measured,"Pnet Job Market Trends, August 2025",https://www.pnet.co.za/wp-content/uploads/2025/09/Pnet_Job-Market-Trends_August.pdf,pnet,2025-08 report,2026-10-01,"Pnet report, page 7: year-on-year growth in AI-related advertisements. Platform scope includes international/remote listings. This is a demand signal; it does not measure hires, net employment, wages or a causal effect of AI.",No information: outside this platform report’s country scope.,{},False
jobs-pnet-ai-vacancy-growth,outcomes,jobs,Growth in AI-related vacancies on Pnet,SOM,SOM,Somalia,,% change,no_information_in_source,H1 2025 versus H1 2024,platform_records,measured,"Pnet Job Market Trends, August 2025",https://www.pnet.co.za/wp-content/uploads/2025/09/Pnet_Job-Market-Trends_August.pdf,pnet,2025-08 report,2026-10-01,"Pnet report, page 7: year-on-year growth in AI-related advertisements. Platform scope includes international/remote listings. This is a demand signal; it does not measure hires, net employment, wages or a causal effect of AI.",No information: outside this platform report’s country scope.,{},False
jobs-pnet-ai-vacancy-growth,outcomes,jobs,Growth in AI-related vacancies on Pnet,ZAF,ZAF,South Africa,77,% change,available,H1 2025 versus H1 2024,platform_records,measured,"Pnet Job Market Trends, August 2025",https://www.pnet.co.za/wp-content/uploads/2025/09/Pnet_Job-Market-Trends_August.pdf,pnet,2025-08 report,2026-10-01,"Pnet report, page 7: year-on-year growth in AI-related advertisements. Platform scope includes international/remote listings. This is a demand signal; it does not measure hires, net employment, wages or a causal effect of AI.","Pnet report, page 7: year-on-year growth in AI-related advertisements. Platform scope includes international/remote listings. This is a demand signal; it does not measure hires, net employment, wages or a causal effect of AI.",{},False
jobs-pnet-ai-vacancy-growth,outcomes,jobs,Growth in AI-related vacancies on Pnet,SSD,SSD,South Sudan,,% change,no_information_in_source,H1 2025 versus H1 2024,platform_records,measured,"Pnet Job Market Trends, August 2025",https://www.pnet.co.za/wp-content/uploads/2025/09/Pnet_Job-Market-Trends_August.pdf,pnet,2025-08 report,2026-10-01,"Pnet report, page 7: year-on-year growth in AI-related advertisements. Platform scope includes international/remote listings. This is a demand signal; it does not measure hires, net employment, wages or a causal effect of AI.",No information: outside this platform report’s country scope.,{},False
jobs-pnet-ai-vacancy-growth,outcomes,jobs,Growth in AI-related vacancies on Pnet,SDN,SDN,Sudan,,% change,no_information_in_source,H1 2025 versus H1 2024,platform_records,measured,"Pnet Job Market Trends, August 2025",https://www.pnet.co.za/wp-content/uploads/2025/09/Pnet_Job-Market-Trends_August.pdf,pnet,2025-08 report,2026-10-01,"Pnet report, page 7: year-on-year growth in AI-related advertisements. Platform scope includes international/remote listings. This is a demand signal; it does not measure hires, net employment, wages or a causal effect of AI.",No information: outside this platform report’s country scope.,{},False
jobs-pnet-ai-vacancy-growth,outcomes,jobs,Growth in AI-related vacancies on Pnet,STP,STP,São Tomé and Príncipe,,% change,no_information_in_source,H1 2025 versus H1 2024,platform_records,measured,"Pnet Job Market Trends, August 2025",https://www.pnet.co.za/wp-content/uploads/2025/09/Pnet_Job-Market-Trends_August.pdf,pnet,2025-08 report,2026-10-01,"Pnet report, page 7: year-on-year growth in AI-related advertisements. Platform scope includes international/remote listings. This is a demand signal; it does not measure hires, net employment, wages or a causal effect of AI.",No information: outside this platform report’s country scope.,{},False
jobs-pnet-ai-vacancy-growth,outcomes,jobs,Growth in AI-related vacancies on Pnet,TZA,TZA,Tanzania,,% change,no_information_in_source,H1 2025 versus H1 2024,platform_records,measured,"Pnet Job Market Trends, August 2025",https://www.pnet.co.za/wp-content/uploads/2025/09/Pnet_Job-Market-Trends_August.pdf,pnet,2025-08 report,2026-10-01,"Pnet report, page 7: year-on-year growth in AI-related advertisements. Platform scope includes international/remote listings. This is a demand signal; it does not measure hires, net employment, wages or a causal effect of AI.",No information: outside this platform report’s country scope.,{},False
jobs-pnet-ai-vacancy-growth,outcomes,jobs,Growth in AI-related vacancies on Pnet,TGO,TGO,Togo,,% change,no_information_in_source,H1 2025 versus H1 2024,platform_records,measured,"Pnet Job Market Trends, August 2025",https://www.pnet.co.za/wp-content/uploads/2025/09/Pnet_Job-Market-Trends_August.pdf,pnet,2025-08 report,2026-10-01,"Pnet report, page 7: year-on-year growth in AI-related advertisements. Platform scope includes international/remote listings. This is a demand signal; it does not measure hires, net employment, wages or a causal effect of AI.",No information: outside this platform report’s country scope.,{},False
jobs-pnet-ai-vacancy-growth,outcomes,jobs,Growth in AI-related vacancies on Pnet,TUN,TUN,Tunisia,,% change,no_information_in_source,H1 2025 versus H1 2024,platform_records,measured,"Pnet Job Market Trends, August 2025",https://www.pnet.co.za/wp-content/uploads/2025/09/Pnet_Job-Market-Trends_August.pdf,pnet,2025-08 report,2026-10-01,"Pnet report, page 7: year-on-year growth in AI-related advertisements. Platform scope includes international/remote listings. This is a demand signal; it does not measure hires, net employment, wages or a causal effect of AI.",No information: outside this platform report’s country scope.,{},False
jobs-pnet-ai-vacancy-growth,outcomes,jobs,Growth in AI-related vacancies on Pnet,UGA,UGA,Uganda,,% change,no_information_in_source,H1 2025 versus H1 2024,platform_records,measured,"Pnet Job Market Trends, August 2025",https://www.pnet.co.za/wp-content/uploads/2025/09/Pnet_Job-Market-Trends_August.pdf,pnet,2025-08 report,2026-10-01,"Pnet report, page 7: year-on-year growth in AI-related advertisements. Platform scope includes international/remote listings. This is a demand signal; it does not measure hires, net employment, wages or a causal effect of AI.",No information: outside this platform report’s country scope.,{},False
jobs-pnet-ai-vacancy-growth,outcomes,jobs,Growth in AI-related vacancies on Pnet,ZMB,ZMB,Zambia,,% change,no_information_in_source,H1 2025 versus H1 2024,platform_records,measured,"Pnet Job Market Trends, August 2025",https://www.pnet.co.za/wp-content/uploads/2025/09/Pnet_Job-Market-Trends_August.pdf,pnet,2025-08 report,2026-10-01,"Pnet report, page 7: year-on-year growth in AI-related advertisements. Platform scope includes international/remote listings. This is a demand signal; it does not measure hires, net employment, wages or a causal effect of AI.",No information: outside this platform report’s country scope.,{},False
jobs-pnet-ai-vacancy-growth,outcomes,jobs,Growth in AI-related vacancies on Pnet,ZWE,ZWE,Zimbabwe,,% change,no_information_in_source,H1 2025 versus H1 2024,platform_records,measured,"Pnet Job Market Trends, August 2025",https://www.pnet.co.za/wp-content/uploads/2025/09/Pnet_Job-Market-Trends_August.pdf,pnet,2025-08 report,2026-10-01,"Pnet report, page 7: year-on-year growth in AI-related advertisements. Platform scope includes international/remote listings. This is a demand signal; it does not measure hires, net employment, wages or a causal effect of AI.",No information: outside this platform report’s country scope.,{},False
adoption-workforce-any-ai,adoption,jobs,Employees reporting AI use at work,five-country-sample,,Five-country employee sample,64,% of surveyed employees,available,2025 survey,survey,measured,PwC Africa Workforce Hopes and Fears Survey 2025,https://www.pwc.co.za/en/press-room/africa-workforce-hopes-and-fears-survey-2025.html,pwc,2025-11-26,2026-10-01,"Pooled responses from Algeria, Kenya, Morocco, Nigeria and South Africa; use in the past year. Not an Africa-wide or country-level rate.","Pooled responses from Algeria, Kenya, Morocco, Nigeria and South Africa; use in the past year. Not an Africa-wide or country-level rate.","{""countries"": [""DZA"", ""KEN"", ""MAR"", ""NGA"", ""ZAF""], ""sample_size"": 1753}",False
adoption-workforce-daily-genai,adoption,jobs,Employees reporting daily generative AI use,five-country-sample,,Five-country employee sample,17,% of surveyed employees,available,2025 survey,survey,measured,PwC Africa Workforce Hopes and Fears Survey 2025,https://www.pwc.co.za/en/press-room/africa-workforce-hopes-and-fears-survey-2025.html,pwc,2025-11-26,2026-10-01,Daily generative AI use in the pooled five-country employee survey. Distinct frequency and tool definition from any AI use in the past year.,Daily generative AI use in the pooled five-country employee survey. Distinct frequency and tool definition from any AI use in the past year.,"{""countries"": [""DZA"", ""KEN"", ""MAR"", ""NGA"", ""ZAF""], ""sample_size"": 1753}",False
compute-site-it-capacity,compute,infrastructure,Critical IT capacity at reviewed completed sites,teraco-jb4,ZAF,"Teraco JB4, South Africa",50,MW of rated critical IT capacity,available,"Operator completion statement, 2025-08-12",operator_statement,measured,Teraco JB4 expansion completion,https://www.teraco.co.za/news/teraco-completes-significant-jb4-hyperscale-data-centre-expansion-incorporating-new-sustainability-designs/,teraco,2025-08-12,2026-10-01,"Selected site evidence, not a national inventory. Rated critical IT capacity is not actual load, GPU capacity or an Africa total.",50 MW is total critical IT capacity after a 30 MW addition. Actual utilisation and AI-specific capacity are not reported. JB4 is a different facility from JB7 in the project pipeline; do not add its incremental 30 MW again.,"{""asset_id"": ""teraco-jb4""}",False
