country_iso3,country_source_name,group,indicator_code,indicator,value,unit,observation_year,status,originating_source,source_url,api_query_url,world_bank_last_updated,retrieved_at,note
AGO,Angola,Connectivity,IT.NET.USER.ZS,Individuals using the Internet (% of population),40.70479965,% of population,2024,reported,"International Telecommunication Union (ITU), World Telecommunication/ICT Indicators Database",https://api.worldbank.org/v2/country/AGO/indicator/IT.NET.USER.ZS?format=json&mrnev=1&per_page=100,https://api.worldbank.org/v2/country/all/indicator/IT.NET.USER.ZS?format=json&mrnev=1&per_page=20000,2026-07-13,2026-09-25,Latest non-empty annual observation returned by the World Bank API; observation year shown separately.
BDI,Burundi,Connectivity,IT.NET.USER.ZS,Individuals using the Internet (% of population),8.595999718,% of population,2024,reported,"International Telecommunication Union (ITU), World Telecommunication/ICT Indicators Database",https://api.worldbank.org/v2/country/BDI/indicator/IT.NET.USER.ZS?format=json&mrnev=1&per_page=100,https://api.worldbank.org/v2/country/all/indicator/IT.NET.USER.ZS?format=json&mrnev=1&per_page=20000,2026-07-13,2026-09-25,Latest non-empty annual observation returned by the World Bank API; observation year shown separately.
BEN,Benin,Connectivity,IT.NET.USER.ZS,Individuals using the Internet (% of population),33.98379898,% of population,2024,reported,"International Telecommunication Union (ITU), World Telecommunication/ICT Indicators Database",https://api.worldbank.org/v2/country/BEN/indicator/IT.NET.USER.ZS?format=json&mrnev=1&per_page=100,https://api.worldbank.org/v2/country/all/indicator/IT.NET.USER.ZS?format=json&mrnev=1&per_page=20000,2026-07-13,2026-09-25,Latest non-empty annual observation returned by the World Bank API; observation year shown separately.
BFA,Burkina Faso,Connectivity,IT.NET.USER.ZS,Individuals using the Internet (% of population),28.25270081,% of population,2024,reported,"International Telecommunication Union (ITU), World Telecommunication/ICT Indicators Database",https://api.worldbank.org/v2/country/BFA/indicator/IT.NET.USER.ZS?format=json&mrnev=1&per_page=100,https://api.worldbank.org/v2/country/all/indicator/IT.NET.USER.ZS?format=json&mrnev=1&per_page=20000,2026-07-13,2026-09-25,Latest non-empty annual observation returned by the World Bank API; observation year shown separately.
BWA,Botswana,Connectivity,IT.NET.USER.ZS,Individuals using the Internet (% of population),57.45950036,% of population,2024,reported,"International Telecommunication Union (ITU), World Telecommunication/ICT Indicators Database",https://api.worldbank.org/v2/country/BWA/indicator/IT.NET.USER.ZS?format=json&mrnev=1&per_page=100,https://api.worldbank.org/v2/country/all/indicator/IT.NET.USER.ZS?format=json&mrnev=1&per_page=20000,2026-07-13,2026-09-25,Latest non-empty annual observation returned by the World Bank API; observation year shown separately.
CAF,Central African Republic,Connectivity,IT.NET.USER.ZS,Individuals using the Internet (% of population),13.78250027,% of population,2024,reported,"International Telecommunication Union (ITU), World Telecommunication/ICT Indicators Database",https://api.worldbank.org/v2/country/CAF/indicator/IT.NET.USER.ZS?format=json&mrnev=1&per_page=100,https://api.worldbank.org/v2/country/all/indicator/IT.NET.USER.ZS?format=json&mrnev=1&per_page=20000,2026-07-13,2026-09-25,Latest non-empty annual observation returned by the World Bank API; observation year shown separately.
CIV,Cote d'Ivoire,Connectivity,IT.NET.USER.ZS,Individuals using the Internet (% of population),41.43219902,% of population,2024,reported,"International Telecommunication Union (ITU), World Telecommunication/ICT Indicators Database",https://api.worldbank.org/v2/country/CIV/indicator/IT.NET.USER.ZS?format=json&mrnev=1&per_page=100,https://api.worldbank.org/v2/country/all/indicator/IT.NET.USER.ZS?format=json&mrnev=1&per_page=20000,2026-07-13,2026-09-25,Latest non-empty annual observation returned by the World Bank API; observation year shown separately.
CMR,Cameroon,Connectivity,IT.NET.USER.ZS,Individuals using the Internet (% of population),46.25880051,% of population,2024,reported,"International Telecommunication Union (ITU), World Telecommunication/ICT Indicators Database",https://api.worldbank.org/v2/country/CMR/indicator/IT.NET.USER.ZS?format=json&mrnev=1&per_page=100,https://api.worldbank.org/v2/country/all/indicator/IT.NET.USER.ZS?format=json&mrnev=1&per_page=20000,2026-07-13,2026-09-25,Latest non-empty annual observation returned by the World Bank API; observation year shown separately.
COD,"Congo, Dem. Rep.",Connectivity,IT.NET.USER.ZS,Individuals using the Internet (% of population),19.67350006,% of population,2024,reported,"International Telecommunication Union (ITU), World Telecommunication/ICT Indicators Database",https://api.worldbank.org/v2/country/COD/indicator/IT.NET.USER.ZS?format=json&mrnev=1&per_page=100,https://api.worldbank.org/v2/country/all/indicator/IT.NET.USER.ZS?format=json&mrnev=1&per_page=20000,2026-07-13,2026-09-25,Latest non-empty annual observation returned by the World Bank API; observation year shown separately.
COG,"Congo, Rep.",Connectivity,IT.NET.USER.ZS,Individuals using the Internet (% of population),47.25159836,% of population,2024,reported,"International Telecommunication Union (ITU), World Telecommunication/ICT Indicators Database",https://api.worldbank.org/v2/country/COG/indicator/IT.NET.USER.ZS?format=json&mrnev=1&per_page=100,https://api.worldbank.org/v2/country/all/indicator/IT.NET.USER.ZS?format=json&mrnev=1&per_page=20000,2026-07-13,2026-09-25,Latest non-empty annual observation returned by the World Bank API; observation year shown separately.
COM,Comoros,Connectivity,IT.NET.USER.ZS,Individuals using the Internet (% of population),32.51750183,% of population,2024,reported,"International Telecommunication Union (ITU), World Telecommunication/ICT Indicators Database",https://api.worldbank.org/v2/country/COM/indicator/IT.NET.USER.ZS?format=json&mrnev=1&per_page=100,https://api.worldbank.org/v2/country/all/indicator/IT.NET.USER.ZS?format=json&mrnev=1&per_page=20000,2026-07-13,2026-09-25,Latest non-empty annual observation returned by the World Bank API; observation year shown separately.
CPV,Cabo Verde,Connectivity,IT.NET.USER.ZS,Individuals using the Internet (% of population),74.73519897,% of population,2024,reported,"International Telecommunication Union (ITU), World Telecommunication/ICT Indicators Database",https://api.worldbank.org/v2/country/CPV/indicator/IT.NET.USER.ZS?format=json&mrnev=1&per_page=100,https://api.worldbank.org/v2/country/all/indicator/IT.NET.USER.ZS?format=json&mrnev=1&per_page=20000,2026-07-13,2026-09-25,Latest non-empty annual observation returned by the World Bank API; observation year shown separately.
DJI,Djibouti,Connectivity,IT.NET.USER.ZS,Individuals using the Internet (% of population),65.29889679,% of population,2024,reported,"International Telecommunication Union (ITU), World Telecommunication/ICT Indicators Database",https://api.worldbank.org/v2/country/DJI/indicator/IT.NET.USER.ZS?format=json&mrnev=1&per_page=100,https://api.worldbank.org/v2/country/all/indicator/IT.NET.USER.ZS?format=json&mrnev=1&per_page=20000,2026-07-13,2026-09-25,Latest non-empty annual observation returned by the World Bank API; observation year shown separately.
DZA,Algeria,Connectivity,IT.NET.USER.ZS,Individuals using the Internet (% of population),77.4178009,% of population,2024,reported,"International Telecommunication Union (ITU), World Telecommunication/ICT Indicators Database",https://api.worldbank.org/v2/country/DZA/indicator/IT.NET.USER.ZS?format=json&mrnev=1&per_page=100,https://api.worldbank.org/v2/country/all/indicator/IT.NET.USER.ZS?format=json&mrnev=1&per_page=20000,2026-07-13,2026-09-25,Latest non-empty annual observation returned by the World Bank API; observation year shown separately.
EGY,"Egypt, Arab Rep.",Connectivity,IT.NET.USER.ZS,Individuals using the Internet (% of population),74.64839935,% of population,2024,reported,"International Telecommunication Union (ITU), World Telecommunication/ICT Indicators Database",https://api.worldbank.org/v2/country/EGY/indicator/IT.NET.USER.ZS?format=json&mrnev=1&per_page=100,https://api.worldbank.org/v2/country/all/indicator/IT.NET.USER.ZS?format=json&mrnev=1&per_page=20000,2026-07-13,2026-09-25,Latest non-empty annual observation returned by the World Bank API; observation year shown separately.
ERI,Eritrea,Connectivity,IT.NET.USER.ZS,Individuals using the Internet (% of population),14.34939957,% of population,2020,reported,"International Telecommunication Union (ITU), World Telecommunication/ICT Indicators Database",https://api.worldbank.org/v2/country/ERI/indicator/IT.NET.USER.ZS?format=json&mrnev=1&per_page=100,https://api.worldbank.org/v2/country/all/indicator/IT.NET.USER.ZS?format=json&mrnev=1&per_page=20000,2026-07-13,2026-09-25,Latest non-empty annual observation returned by the World Bank API; observation year shown separately.
ETH,Ethiopia,Connectivity,IT.NET.USER.ZS,Individuals using the Internet (% of population),21.94129944,% of population,2024,reported,"International Telecommunication Union (ITU), World Telecommunication/ICT Indicators Database",https://api.worldbank.org/v2/country/ETH/indicator/IT.NET.USER.ZS?format=json&mrnev=1&per_page=100,https://api.worldbank.org/v2/country/all/indicator/IT.NET.USER.ZS?format=json&mrnev=1&per_page=20000,2026-07-13,2026-09-25,Latest non-empty annual observation returned by the World Bank API; observation year shown separately.
GAB,Gabon,Connectivity,IT.NET.USER.ZS,Individuals using the Internet (% of population),68.72090149,% of population,2024,reported,"International Telecommunication Union (ITU), World Telecommunication/ICT Indicators Database",https://api.worldbank.org/v2/country/GAB/indicator/IT.NET.USER.ZS?format=json&mrnev=1&per_page=100,https://api.worldbank.org/v2/country/all/indicator/IT.NET.USER.ZS?format=json&mrnev=1&per_page=20000,2026-07-13,2026-09-25,Latest non-empty annual observation returned by the World Bank API; observation year shown separately.
GHA,Ghana,Connectivity,IT.NET.USER.ZS,Individuals using the Internet (% of population),72.17569733,% of population,2024,reported,"International Telecommunication Union (ITU), World Telecommunication/ICT Indicators Database",https://api.worldbank.org/v2/country/GHA/indicator/IT.NET.USER.ZS?format=json&mrnev=1&per_page=100,https://api.worldbank.org/v2/country/all/indicator/IT.NET.USER.ZS?format=json&mrnev=1&per_page=20000,2026-07-13,2026-09-25,Latest non-empty annual observation returned by the World Bank API; observation year shown separately.
GIN,Guinea,Connectivity,IT.NET.USER.ZS,Individuals using the Internet (% of population),33.30469894,% of population,2024,reported,"International Telecommunication Union (ITU), World Telecommunication/ICT Indicators Database",https://api.worldbank.org/v2/country/GIN/indicator/IT.NET.USER.ZS?format=json&mrnev=1&per_page=100,https://api.worldbank.org/v2/country/all/indicator/IT.NET.USER.ZS?format=json&mrnev=1&per_page=20000,2026-07-13,2026-09-25,Latest non-empty annual observation returned by the World Bank API; observation year shown separately.
GMB,"Gambia, The",Connectivity,IT.NET.USER.ZS,Individuals using the Internet (% of population),49.49430084,% of population,2024,reported,"International Telecommunication Union (ITU), World Telecommunication/ICT Indicators Database",https://api.worldbank.org/v2/country/GMB/indicator/IT.NET.USER.ZS?format=json&mrnev=1&per_page=100,https://api.worldbank.org/v2/country/all/indicator/IT.NET.USER.ZS?format=json&mrnev=1&per_page=20000,2026-07-13,2026-09-25,Latest non-empty annual observation returned by the World Bank API; observation year shown separately.
GNB,Guinea-Bissau,Connectivity,IT.NET.USER.ZS,Individuals using the Internet (% of population),29.77739906,% of population,2024,reported,"International Telecommunication Union (ITU), World Telecommunication/ICT Indicators Database",https://api.worldbank.org/v2/country/GNB/indicator/IT.NET.USER.ZS?format=json&mrnev=1&per_page=100,https://api.worldbank.org/v2/country/all/indicator/IT.NET.USER.ZS?format=json&mrnev=1&per_page=20000,2026-07-13,2026-09-25,Latest non-empty annual observation returned by the World Bank API; observation year shown separately.
GNQ,Equatorial Guinea,Connectivity,IT.NET.USER.ZS,Individuals using the Internet (% of population),63.29930115,% of population,2024,reported,"International Telecommunication Union (ITU), World Telecommunication/ICT Indicators Database",https://api.worldbank.org/v2/country/GNQ/indicator/IT.NET.USER.ZS?format=json&mrnev=1&per_page=100,https://api.worldbank.org/v2/country/all/indicator/IT.NET.USER.ZS?format=json&mrnev=1&per_page=20000,2026-07-13,2026-09-25,Latest non-empty annual observation returned by the World Bank API; observation year shown separately.
KEN,Kenya,Connectivity,IT.NET.USER.ZS,Individuals using the Internet (% of population),34.97622513,% of population,2024,reported,"International Telecommunication Union (ITU), World Telecommunication/ICT Indicators Database",https://api.worldbank.org/v2/country/KEN/indicator/IT.NET.USER.ZS?format=json&mrnev=1&per_page=100,https://api.worldbank.org/v2/country/all/indicator/IT.NET.USER.ZS?format=json&mrnev=1&per_page=20000,2026-07-13,2026-09-25,Latest non-empty annual observation returned by the World Bank API; observation year shown separately.
LBR,Liberia,Connectivity,IT.NET.USER.ZS,Individuals using the Internet (% of population),32.23360062,% of population,2024,reported,"International Telecommunication Union (ITU), World Telecommunication/ICT Indicators Database",https://api.worldbank.org/v2/country/LBR/indicator/IT.NET.USER.ZS?format=json&mrnev=1&per_page=100,https://api.worldbank.org/v2/country/all/indicator/IT.NET.USER.ZS?format=json&mrnev=1&per_page=20000,2026-07-13,2026-09-25,Latest non-empty annual observation returned by the World Bank API; observation year shown separately.
LBY,Libya,Connectivity,IT.NET.USER.ZS,Individuals using the Internet (% of population),81.95449829,% of population,2024,reported,"International Telecommunication Union (ITU), World Telecommunication/ICT Indicators Database",https://api.worldbank.org/v2/country/LBY/indicator/IT.NET.USER.ZS?format=json&mrnev=1&per_page=100,https://api.worldbank.org/v2/country/all/indicator/IT.NET.USER.ZS?format=json&mrnev=1&per_page=20000,2026-07-13,2026-09-25,Latest non-empty annual observation returned by the World Bank API; observation year shown separately.
LSO,Lesotho,Connectivity,IT.NET.USER.ZS,Individuals using the Internet (% of population),51.79660034,% of population,2024,reported,"International Telecommunication Union (ITU), World Telecommunication/ICT Indicators Database",https://api.worldbank.org/v2/country/LSO/indicator/IT.NET.USER.ZS?format=json&mrnev=1&per_page=100,https://api.worldbank.org/v2/country/all/indicator/IT.NET.USER.ZS?format=json&mrnev=1&per_page=20000,2026-07-13,2026-09-25,Latest non-empty annual observation returned by the World Bank API; observation year shown separately.
MAR,Morocco,Connectivity,IT.NET.USER.ZS,Individuals using the Internet (% of population),91.2,% of population,2024,reported,"International Telecommunication Union (ITU), World Telecommunication/ICT Indicators Database",https://api.worldbank.org/v2/country/MAR/indicator/IT.NET.USER.ZS?format=json&mrnev=1&per_page=100,https://api.worldbank.org/v2/country/all/indicator/IT.NET.USER.ZS?format=json&mrnev=1&per_page=20000,2026-07-13,2026-09-25,Latest non-empty annual observation returned by the World Bank API; observation year shown separately.
MDG,Madagascar,Connectivity,IT.NET.USER.ZS,Individuals using the Internet (% of population),18.67790031,% of population,2024,reported,"International Telecommunication Union (ITU), World Telecommunication/ICT Indicators Database",https://api.worldbank.org/v2/country/MDG/indicator/IT.NET.USER.ZS?format=json&mrnev=1&per_page=100,https://api.worldbank.org/v2/country/all/indicator/IT.NET.USER.ZS?format=json&mrnev=1&per_page=20000,2026-07-13,2026-09-25,Latest non-empty annual observation returned by the World Bank API; observation year shown separately.
MLI,Mali,Connectivity,IT.NET.USER.ZS,Individuals using the Internet (% of population),36.80149841,% of population,2024,reported,"International Telecommunication Union (ITU), World Telecommunication/ICT Indicators Database",https://api.worldbank.org/v2/country/MLI/indicator/IT.NET.USER.ZS?format=json&mrnev=1&per_page=100,https://api.worldbank.org/v2/country/all/indicator/IT.NET.USER.ZS?format=json&mrnev=1&per_page=20000,2026-07-13,2026-09-25,Latest non-empty annual observation returned by the World Bank API; observation year shown separately.
MOZ,Mozambique,Connectivity,IT.NET.USER.ZS,Individuals using the Internet (% of population),20.52729988,% of population,2024,reported,"International Telecommunication Union (ITU), World Telecommunication/ICT Indicators Database",https://api.worldbank.org/v2/country/MOZ/indicator/IT.NET.USER.ZS?format=json&mrnev=1&per_page=100,https://api.worldbank.org/v2/country/all/indicator/IT.NET.USER.ZS?format=json&mrnev=1&per_page=20000,2026-07-13,2026-09-25,Latest non-empty annual observation returned by the World Bank API; observation year shown separately.
MRT,Mauritania,Connectivity,IT.NET.USER.ZS,Individuals using the Internet (% of population),45.77939987,% of population,2024,reported,"International Telecommunication Union (ITU), World Telecommunication/ICT Indicators Database",https://api.worldbank.org/v2/country/MRT/indicator/IT.NET.USER.ZS?format=json&mrnev=1&per_page=100,https://api.worldbank.org/v2/country/all/indicator/IT.NET.USER.ZS?format=json&mrnev=1&per_page=20000,2026-07-13,2026-09-25,Latest non-empty annual observation returned by the World Bank API; observation year shown separately.
MUS,Mauritius,Connectivity,IT.NET.USER.ZS,Individuals using the Internet (% of population),73.30793533,% of population,2024,reported,"International Telecommunication Union (ITU), World Telecommunication/ICT Indicators Database",https://api.worldbank.org/v2/country/MUS/indicator/IT.NET.USER.ZS?format=json&mrnev=1&per_page=100,https://api.worldbank.org/v2/country/all/indicator/IT.NET.USER.ZS?format=json&mrnev=1&per_page=20000,2026-07-13,2026-09-25,Latest non-empty annual observation returned by the World Bank API; observation year shown separately.
MWI,Malawi,Connectivity,IT.NET.USER.ZS,Individuals using the Internet (% of population),18.96159935,% of population,2024,reported,"International Telecommunication Union (ITU), World Telecommunication/ICT Indicators Database",https://api.worldbank.org/v2/country/MWI/indicator/IT.NET.USER.ZS?format=json&mrnev=1&per_page=100,https://api.worldbank.org/v2/country/all/indicator/IT.NET.USER.ZS?format=json&mrnev=1&per_page=20000,2026-07-13,2026-09-25,Latest non-empty annual observation returned by the World Bank API; observation year shown separately.
NAM,Namibia,Connectivity,IT.NET.USER.ZS,Individuals using the Internet (% of population),64.87460327,% of population,2024,reported,"International Telecommunication Union (ITU), World Telecommunication/ICT Indicators Database",https://api.worldbank.org/v2/country/NAM/indicator/IT.NET.USER.ZS?format=json&mrnev=1&per_page=100,https://api.worldbank.org/v2/country/all/indicator/IT.NET.USER.ZS?format=json&mrnev=1&per_page=20000,2026-07-13,2026-09-25,Latest non-empty annual observation returned by the World Bank API; observation year shown separately.
NER,Niger,Connectivity,IT.NET.USER.ZS,Individuals using the Internet (% of population),15.55760002,% of population,2024,reported,"International Telecommunication Union (ITU), World Telecommunication/ICT Indicators Database",https://api.worldbank.org/v2/country/NER/indicator/IT.NET.USER.ZS?format=json&mrnev=1&per_page=100,https://api.worldbank.org/v2/country/all/indicator/IT.NET.USER.ZS?format=json&mrnev=1&per_page=20000,2026-07-13,2026-09-25,Latest non-empty annual observation returned by the World Bank API; observation year shown separately.
NGA,Nigeria,Connectivity,IT.NET.USER.ZS,Individuals using the Internet (% of population),41.21139908,% of population,2024,reported,"International Telecommunication Union (ITU), World Telecommunication/ICT Indicators Database",https://api.worldbank.org/v2/country/NGA/indicator/IT.NET.USER.ZS?format=json&mrnev=1&per_page=100,https://api.worldbank.org/v2/country/all/indicator/IT.NET.USER.ZS?format=json&mrnev=1&per_page=20000,2026-07-13,2026-09-25,Latest non-empty annual observation returned by the World Bank API; observation year shown separately.
RWA,Rwanda,Connectivity,IT.NET.USER.ZS,Individuals using the Internet (% of population),31.70330048,% of population,2024,reported,"International Telecommunication Union (ITU), World Telecommunication/ICT Indicators Database",https://api.worldbank.org/v2/country/RWA/indicator/IT.NET.USER.ZS?format=json&mrnev=1&per_page=100,https://api.worldbank.org/v2/country/all/indicator/IT.NET.USER.ZS?format=json&mrnev=1&per_page=20000,2026-07-13,2026-09-25,Latest non-empty annual observation returned by the World Bank API; observation year shown separately.
SDN,Sudan,Connectivity,IT.NET.USER.ZS,Individuals using the Internet (% of population),18.60000038,% of population,2017,reported,"International Telecommunication Union (ITU), World Telecommunication/ICT Indicators Database",https://api.worldbank.org/v2/country/SDN/indicator/IT.NET.USER.ZS?format=json&mrnev=1&per_page=100,https://api.worldbank.org/v2/country/all/indicator/IT.NET.USER.ZS?format=json&mrnev=1&per_page=20000,2026-07-13,2026-09-25,Latest non-empty annual observation returned by the World Bank API; observation year shown separately.
SEN,Senegal,Connectivity,IT.NET.USER.ZS,Individuals using the Internet (% of population),60.11780167,% of population,2024,reported,"International Telecommunication Union (ITU), World Telecommunication/ICT Indicators Database",https://api.worldbank.org/v2/country/SEN/indicator/IT.NET.USER.ZS?format=json&mrnev=1&per_page=100,https://api.worldbank.org/v2/country/all/indicator/IT.NET.USER.ZS?format=json&mrnev=1&per_page=20000,2026-07-13,2026-09-25,Latest non-empty annual observation returned by the World Bank API; observation year shown separately.
SLE,Sierra Leone,Connectivity,IT.NET.USER.ZS,Individuals using the Internet (% of population),25.10499954,% of population,2024,reported,"International Telecommunication Union (ITU), World Telecommunication/ICT Indicators Database",https://api.worldbank.org/v2/country/SLE/indicator/IT.NET.USER.ZS?format=json&mrnev=1&per_page=100,https://api.worldbank.org/v2/country/all/indicator/IT.NET.USER.ZS?format=json&mrnev=1&per_page=20000,2026-07-13,2026-09-25,Latest non-empty annual observation returned by the World Bank API; observation year shown separately.
SOM,"Somalia, Fed. Rep.",Connectivity,IT.NET.USER.ZS,Individuals using the Internet (% of population),27.94020081,% of population,2024,reported,"International Telecommunication Union (ITU), World Telecommunication/ICT Indicators Database",https://api.worldbank.org/v2/country/SOM/indicator/IT.NET.USER.ZS?format=json&mrnev=1&per_page=100,https://api.worldbank.org/v2/country/all/indicator/IT.NET.USER.ZS?format=json&mrnev=1&per_page=20000,2026-07-13,2026-09-25,Latest non-empty annual observation returned by the World Bank API; observation year shown separately.
SSD,South Sudan,Connectivity,IT.NET.USER.ZS,Individuals using the Internet (% of population),6.671000004,% of population,2019,reported,"International Telecommunication Union (ITU), World Telecommunication/ICT Indicators Database",https://api.worldbank.org/v2/country/SSD/indicator/IT.NET.USER.ZS?format=json&mrnev=1&per_page=100,https://api.worldbank.org/v2/country/all/indicator/IT.NET.USER.ZS?format=json&mrnev=1&per_page=20000,2026-07-13,2026-09-25,Latest non-empty annual observation returned by the World Bank API; observation year shown separately.
STP,Sao Tome and Principe,Connectivity,IT.NET.USER.ZS,Individuals using the Internet (% of population),59.11759949,% of population,2024,reported,"International Telecommunication Union (ITU), World Telecommunication/ICT Indicators Database",https://api.worldbank.org/v2/country/STP/indicator/IT.NET.USER.ZS?format=json&mrnev=1&per_page=100,https://api.worldbank.org/v2/country/all/indicator/IT.NET.USER.ZS?format=json&mrnev=1&per_page=20000,2026-07-13,2026-09-25,Latest non-empty annual observation returned by the World Bank API; observation year shown separately.
SWZ,Eswatini,Connectivity,IT.NET.USER.ZS,Individuals using the Internet (% of population),63.40309906,% of population,2024,reported,"International Telecommunication Union (ITU), World Telecommunication/ICT Indicators Database",https://api.worldbank.org/v2/country/SWZ/indicator/IT.NET.USER.ZS?format=json&mrnev=1&per_page=100,https://api.worldbank.org/v2/country/all/indicator/IT.NET.USER.ZS?format=json&mrnev=1&per_page=20000,2026-07-13,2026-09-25,Latest non-empty annual observation returned by the World Bank API; observation year shown separately.
SYC,Seychelles,Connectivity,IT.NET.USER.ZS,Individuals using the Internet (% of population),87.81800079,% of population,2024,reported,"International Telecommunication Union (ITU), World Telecommunication/ICT Indicators Database",https://api.worldbank.org/v2/country/SYC/indicator/IT.NET.USER.ZS?format=json&mrnev=1&per_page=100,https://api.worldbank.org/v2/country/all/indicator/IT.NET.USER.ZS?format=json&mrnev=1&per_page=20000,2026-07-13,2026-09-25,Latest non-empty annual observation returned by the World Bank API; observation year shown separately.
TCD,Chad,Connectivity,IT.NET.USER.ZS,Individuals using the Internet (% of population),12.62689972,% of population,2024,reported,"International Telecommunication Union (ITU), World Telecommunication/ICT Indicators Database",https://api.worldbank.org/v2/country/TCD/indicator/IT.NET.USER.ZS?format=json&mrnev=1&per_page=100,https://api.worldbank.org/v2/country/all/indicator/IT.NET.USER.ZS?format=json&mrnev=1&per_page=20000,2026-07-13,2026-09-25,Latest non-empty annual observation returned by the World Bank API; observation year shown separately.
TGO,Togo,Connectivity,IT.NET.USER.ZS,Individuals using the Internet (% of population),39.48320007,% of population,2024,reported,"International Telecommunication Union (ITU), World Telecommunication/ICT Indicators Database",https://api.worldbank.org/v2/country/TGO/indicator/IT.NET.USER.ZS?format=json&mrnev=1&per_page=100,https://api.worldbank.org/v2/country/all/indicator/IT.NET.USER.ZS?format=json&mrnev=1&per_page=20000,2026-07-13,2026-09-25,Latest non-empty annual observation returned by the World Bank API; observation year shown separately.
TUN,Tunisia,Connectivity,IT.NET.USER.ZS,Individuals using the Internet (% of population),76.5,% of population,2024,reported,"International Telecommunication Union (ITU), World Telecommunication/ICT Indicators Database",https://api.worldbank.org/v2/country/TUN/indicator/IT.NET.USER.ZS?format=json&mrnev=1&per_page=100,https://api.worldbank.org/v2/country/all/indicator/IT.NET.USER.ZS?format=json&mrnev=1&per_page=20000,2026-07-13,2026-09-25,Latest non-empty annual observation returned by the World Bank API; observation year shown separately.
TZA,Tanzania,Connectivity,IT.NET.USER.ZS,Individuals using the Internet (% of population),31.16209984,% of population,2024,reported,"International Telecommunication Union (ITU), World Telecommunication/ICT Indicators Database",https://api.worldbank.org/v2/country/TZA/indicator/IT.NET.USER.ZS?format=json&mrnev=1&per_page=100,https://api.worldbank.org/v2/country/all/indicator/IT.NET.USER.ZS?format=json&mrnev=1&per_page=20000,2026-07-13,2026-09-25,Latest non-empty annual observation returned by the World Bank API; observation year shown separately.
UGA,Uganda,Connectivity,IT.NET.USER.ZS,Individuals using the Internet (% of population),8.949831061,% of population,2024,reported,"International Telecommunication Union (ITU), World Telecommunication/ICT Indicators Database",https://api.worldbank.org/v2/country/UGA/indicator/IT.NET.USER.ZS?format=json&mrnev=1&per_page=100,https://api.worldbank.org/v2/country/all/indicator/IT.NET.USER.ZS?format=json&mrnev=1&per_page=20000,2026-07-13,2026-09-25,Latest non-empty annual observation returned by the World Bank API; observation year shown separately.
ZAF,South Africa,Connectivity,IT.NET.USER.ZS,Individuals using the Internet (% of population),78.35759735,% of population,2024,reported,"International Telecommunication Union (ITU), World Telecommunication/ICT Indicators Database",https://api.worldbank.org/v2/country/ZAF/indicator/IT.NET.USER.ZS?format=json&mrnev=1&per_page=100,https://api.worldbank.org/v2/country/all/indicator/IT.NET.USER.ZS?format=json&mrnev=1&per_page=20000,2026-07-13,2026-09-25,Latest non-empty annual observation returned by the World Bank API; observation year shown separately.
ZMB,Zambia,Connectivity,IT.NET.USER.ZS,Individuals using the Internet (% of population),17.10099983,% of population,2024,reported,"International Telecommunication Union (ITU), World Telecommunication/ICT Indicators Database",https://api.worldbank.org/v2/country/ZMB/indicator/IT.NET.USER.ZS?format=json&mrnev=1&per_page=100,https://api.worldbank.org/v2/country/all/indicator/IT.NET.USER.ZS?format=json&mrnev=1&per_page=20000,2026-07-13,2026-09-25,Latest non-empty annual observation returned by the World Bank API; observation year shown separately.
ZWE,Zimbabwe,Connectivity,IT.NET.USER.ZS,Individuals using the Internet (% of population),41.64279938,% of population,2024,reported,"International Telecommunication Union (ITU), World Telecommunication/ICT Indicators Database",https://api.worldbank.org/v2/country/ZWE/indicator/IT.NET.USER.ZS?format=json&mrnev=1&per_page=100,https://api.worldbank.org/v2/country/all/indicator/IT.NET.USER.ZS?format=json&mrnev=1&per_page=20000,2026-07-13,2026-09-25,Latest non-empty annual observation returned by the World Bank API; observation year shown separately.
AGO,Angola,Connectivity,IT.CEL.SETS.P2,Mobile cellular subscriptions (per 100 people),69.7039467164,subscriptions per 100 people,2024,reported,"International Telecommunication Union (ITU), World Telecommunication/ICT Indicators Database",https://api.worldbank.org/v2/country/AGO/indicator/IT.CEL.SETS.P2?format=json&mrnev=1&per_page=100,https://api.worldbank.org/v2/country/all/indicator/IT.CEL.SETS.P2?format=json&mrnev=1&per_page=20000,2026-07-13,2026-09-25,Latest non-empty annual observation returned by the World Bank API; observation year shown separately.
BDI,Burundi,Connectivity,IT.CEL.SETS.P2,Mobile cellular subscriptions (per 100 people),63.163136576,subscriptions per 100 people,2023,reported,"International Telecommunication Union (ITU), World Telecommunication/ICT Indicators Database",https://api.worldbank.org/v2/country/BDI/indicator/IT.CEL.SETS.P2?format=json&mrnev=1&per_page=100,https://api.worldbank.org/v2/country/all/indicator/IT.CEL.SETS.P2?format=json&mrnev=1&per_page=20000,2026-07-13,2026-09-25,Latest non-empty annual observation returned by the World Bank API; observation year shown separately.
BEN,Benin,Connectivity,IT.CEL.SETS.P2,Mobile cellular subscriptions (per 100 people),125.940873932,subscriptions per 100 people,2024,reported,"International Telecommunication Union (ITU), World Telecommunication/ICT Indicators Database",https://api.worldbank.org/v2/country/BEN/indicator/IT.CEL.SETS.P2?format=json&mrnev=1&per_page=100,https://api.worldbank.org/v2/country/all/indicator/IT.CEL.SETS.P2?format=json&mrnev=1&per_page=20000,2026-07-13,2026-09-25,Latest non-empty annual observation returned by the World Bank API; observation year shown separately.
BFA,Burkina Faso,Connectivity,IT.CEL.SETS.P2,Mobile cellular subscriptions (per 100 people),116.589593321,subscriptions per 100 people,2024,reported,"International Telecommunication Union (ITU), World Telecommunication/ICT Indicators Database",https://api.worldbank.org/v2/country/BFA/indicator/IT.CEL.SETS.P2?format=json&mrnev=1&per_page=100,https://api.worldbank.org/v2/country/all/indicator/IT.CEL.SETS.P2?format=json&mrnev=1&per_page=20000,2026-07-13,2026-09-25,Latest non-empty annual observation returned by the World Bank API; observation year shown separately.
BWA,Botswana,Connectivity,IT.CEL.SETS.P2,Mobile cellular subscriptions (per 100 people),163.999922257,subscriptions per 100 people,2024,reported,"International Telecommunication Union (ITU), World Telecommunication/ICT Indicators Database",https://api.worldbank.org/v2/country/BWA/indicator/IT.CEL.SETS.P2?format=json&mrnev=1&per_page=100,https://api.worldbank.org/v2/country/all/indicator/IT.CEL.SETS.P2?format=json&mrnev=1&per_page=20000,2026-07-13,2026-09-25,Latest non-empty annual observation returned by the World Bank API; observation year shown separately.
CAF,Central African Republic,Connectivity,IT.CEL.SETS.P2,Mobile cellular subscriptions (per 100 people),38.821790104,subscriptions per 100 people,2022,reported,"International Telecommunication Union (ITU), World Telecommunication/ICT Indicators Database",https://api.worldbank.org/v2/country/CAF/indicator/IT.CEL.SETS.P2?format=json&mrnev=1&per_page=100,https://api.worldbank.org/v2/country/all/indicator/IT.CEL.SETS.P2?format=json&mrnev=1&per_page=20000,2026-07-13,2026-09-25,Latest non-empty annual observation returned by the World Bank API; observation year shown separately.
CIV,Cote d'Ivoire,Connectivity,IT.CEL.SETS.P2,Mobile cellular subscriptions (per 100 people),183.875985111,subscriptions per 100 people,2024,reported,"International Telecommunication Union (ITU), World Telecommunication/ICT Indicators Database",https://api.worldbank.org/v2/country/CIV/indicator/IT.CEL.SETS.P2?format=json&mrnev=1&per_page=100,https://api.worldbank.org/v2/country/all/indicator/IT.CEL.SETS.P2?format=json&mrnev=1&per_page=20000,2026-07-13,2026-09-25,Latest non-empty annual observation returned by the World Bank API; observation year shown separately.
CMR,Cameroon,Connectivity,IT.CEL.SETS.P2,Mobile cellular subscriptions (per 100 people),108.213130152,subscriptions per 100 people,2024,reported,"International Telecommunication Union (ITU), World Telecommunication/ICT Indicators Database",https://api.worldbank.org/v2/country/CMR/indicator/IT.CEL.SETS.P2?format=json&mrnev=1&per_page=100,https://api.worldbank.org/v2/country/all/indicator/IT.CEL.SETS.P2?format=json&mrnev=1&per_page=20000,2026-07-13,2026-09-25,Latest non-empty annual observation returned by the World Bank API; observation year shown separately.
COD,"Congo, Dem. Rep.",Connectivity,IT.CEL.SETS.P2,Mobile cellular subscriptions (per 100 people),58.5321533455,subscriptions per 100 people,2024,reported,"International Telecommunication Union (ITU), World Telecommunication/ICT Indicators Database",https://api.worldbank.org/v2/country/COD/indicator/IT.CEL.SETS.P2?format=json&mrnev=1&per_page=100,https://api.worldbank.org/v2/country/all/indicator/IT.CEL.SETS.P2?format=json&mrnev=1&per_page=20000,2026-07-13,2026-09-25,Latest non-empty annual observation returned by the World Bank API; observation year shown separately.
COG,"Congo, Rep.",Connectivity,IT.CEL.SETS.P2,Mobile cellular subscriptions (per 100 people),95.5319320615,subscriptions per 100 people,2024,reported,"International Telecommunication Union (ITU), World Telecommunication/ICT Indicators Database",https://api.worldbank.org/v2/country/COG/indicator/IT.CEL.SETS.P2?format=json&mrnev=1&per_page=100,https://api.worldbank.org/v2/country/all/indicator/IT.CEL.SETS.P2?format=json&mrnev=1&per_page=20000,2026-07-13,2026-09-25,Latest non-empty annual observation returned by the World Bank API; observation year shown separately.
COM,Comoros,Connectivity,IT.CEL.SETS.P2,Mobile cellular subscriptions (per 100 people),109.855630436,subscriptions per 100 people,2023,reported,"International Telecommunication Union (ITU), World Telecommunication/ICT Indicators Database",https://api.worldbank.org/v2/country/COM/indicator/IT.CEL.SETS.P2?format=json&mrnev=1&per_page=100,https://api.worldbank.org/v2/country/all/indicator/IT.CEL.SETS.P2?format=json&mrnev=1&per_page=20000,2026-07-13,2026-09-25,Latest non-empty annual observation returned by the World Bank API; observation year shown separately.
CPV,Cabo Verde,Connectivity,IT.CEL.SETS.P2,Mobile cellular subscriptions (per 100 people),111.840678864,subscriptions per 100 people,2024,reported,"International Telecommunication Union (ITU), World Telecommunication/ICT Indicators Database",https://api.worldbank.org/v2/country/CPV/indicator/IT.CEL.SETS.P2?format=json&mrnev=1&per_page=100,https://api.worldbank.org/v2/country/all/indicator/IT.CEL.SETS.P2?format=json&mrnev=1&per_page=20000,2026-07-13,2026-09-25,Latest non-empty annual observation returned by the World Bank API; observation year shown separately.
DJI,Djibouti,Connectivity,IT.CEL.SETS.P2,Mobile cellular subscriptions (per 100 people),48.4504884886,subscriptions per 100 people,2023,reported,"International Telecommunication Union (ITU), World Telecommunication/ICT Indicators Database",https://api.worldbank.org/v2/country/DJI/indicator/IT.CEL.SETS.P2?format=json&mrnev=1&per_page=100,https://api.worldbank.org/v2/country/all/indicator/IT.CEL.SETS.P2?format=json&mrnev=1&per_page=20000,2026-07-13,2026-09-25,Latest non-empty annual observation returned by the World Bank API; observation year shown separately.
DZA,Algeria,Connectivity,IT.CEL.SETS.P2,Mobile cellular subscriptions (per 100 people),115.457278574,subscriptions per 100 people,2024,reported,"International Telecommunication Union (ITU), World Telecommunication/ICT Indicators Database",https://api.worldbank.org/v2/country/DZA/indicator/IT.CEL.SETS.P2?format=json&mrnev=1&per_page=100,https://api.worldbank.org/v2/country/all/indicator/IT.CEL.SETS.P2?format=json&mrnev=1&per_page=20000,2026-07-13,2026-09-25,Latest non-empty annual observation returned by the World Bank API; observation year shown separately.
EGY,"Egypt, Arab Rep.",Connectivity,IT.CEL.SETS.P2,Mobile cellular subscriptions (per 100 people),97.1295066037,subscriptions per 100 people,2024,reported,"International Telecommunication Union (ITU), World Telecommunication/ICT Indicators Database",https://api.worldbank.org/v2/country/EGY/indicator/IT.CEL.SETS.P2?format=json&mrnev=1&per_page=100,https://api.worldbank.org/v2/country/all/indicator/IT.CEL.SETS.P2?format=json&mrnev=1&per_page=20000,2026-07-13,2026-09-25,Latest non-empty annual observation returned by the World Bank API; observation year shown separately.
ERI,Eritrea,Connectivity,IT.CEL.SETS.P2,Mobile cellular subscriptions (per 100 people),59.1248082167,subscriptions per 100 people,2022,reported,"International Telecommunication Union (ITU), World Telecommunication/ICT Indicators Database",https://api.worldbank.org/v2/country/ERI/indicator/IT.CEL.SETS.P2?format=json&mrnev=1&per_page=100,https://api.worldbank.org/v2/country/all/indicator/IT.CEL.SETS.P2?format=json&mrnev=1&per_page=20000,2026-07-13,2026-09-25,Latest non-empty annual observation returned by the World Bank API; observation year shown separately.
ETH,Ethiopia,Connectivity,IT.CEL.SETS.P2,Mobile cellular subscriptions (per 100 people),65.0825091945,subscriptions per 100 people,2024,reported,"International Telecommunication Union (ITU), World Telecommunication/ICT Indicators Database",https://api.worldbank.org/v2/country/ETH/indicator/IT.CEL.SETS.P2?format=json&mrnev=1&per_page=100,https://api.worldbank.org/v2/country/all/indicator/IT.CEL.SETS.P2?format=json&mrnev=1&per_page=20000,2026-07-13,2026-09-25,Latest non-empty annual observation returned by the World Bank API; observation year shown separately.
GAB,Gabon,Connectivity,IT.CEL.SETS.P2,Mobile cellular subscriptions (per 100 people),125.337107594,subscriptions per 100 people,2024,reported,"International Telecommunication Union (ITU), World Telecommunication/ICT Indicators Database",https://api.worldbank.org/v2/country/GAB/indicator/IT.CEL.SETS.P2?format=json&mrnev=1&per_page=100,https://api.worldbank.org/v2/country/all/indicator/IT.CEL.SETS.P2?format=json&mrnev=1&per_page=20000,2026-07-13,2026-09-25,Latest non-empty annual observation returned by the World Bank API; observation year shown separately.
GHA,Ghana,Connectivity,IT.CEL.SETS.P2,Mobile cellular subscriptions (per 100 people),113.647966705,subscriptions per 100 people,2024,reported,"International Telecommunication Union (ITU), World Telecommunication/ICT Indicators Database",https://api.worldbank.org/v2/country/GHA/indicator/IT.CEL.SETS.P2?format=json&mrnev=1&per_page=100,https://api.worldbank.org/v2/country/all/indicator/IT.CEL.SETS.P2?format=json&mrnev=1&per_page=20000,2026-07-13,2026-09-25,Latest non-empty annual observation returned by the World Bank API; observation year shown separately.
GIN,Guinea,Connectivity,IT.CEL.SETS.P2,Mobile cellular subscriptions (per 100 people),97.8794996456,subscriptions per 100 people,2023,reported,"International Telecommunication Union (ITU), World Telecommunication/ICT Indicators Database",https://api.worldbank.org/v2/country/GIN/indicator/IT.CEL.SETS.P2?format=json&mrnev=1&per_page=100,https://api.worldbank.org/v2/country/all/indicator/IT.CEL.SETS.P2?format=json&mrnev=1&per_page=20000,2026-07-13,2026-09-25,Latest non-empty annual observation returned by the World Bank API; observation year shown separately.
GMB,"Gambia, The",Connectivity,IT.CEL.SETS.P2,Mobile cellular subscriptions (per 100 people),126.243773524,subscriptions per 100 people,2024,reported,"International Telecommunication Union (ITU), World Telecommunication/ICT Indicators Database",https://api.worldbank.org/v2/country/GMB/indicator/IT.CEL.SETS.P2?format=json&mrnev=1&per_page=100,https://api.worldbank.org/v2/country/all/indicator/IT.CEL.SETS.P2?format=json&mrnev=1&per_page=20000,2026-07-13,2026-09-25,Latest non-empty annual observation returned by the World Bank API; observation year shown separately.
GNB,Guinea-Bissau,Connectivity,IT.CEL.SETS.P2,Mobile cellular subscriptions (per 100 people),147.197631274,subscriptions per 100 people,2024,reported,"International Telecommunication Union (ITU), World Telecommunication/ICT Indicators Database",https://api.worldbank.org/v2/country/GNB/indicator/IT.CEL.SETS.P2?format=json&mrnev=1&per_page=100,https://api.worldbank.org/v2/country/all/indicator/IT.CEL.SETS.P2?format=json&mrnev=1&per_page=20000,2026-07-13,2026-09-25,Latest non-empty annual observation returned by the World Bank API; observation year shown separately.
GNQ,Equatorial Guinea,Connectivity,IT.CEL.SETS.P2,Mobile cellular subscriptions (per 100 people),49.5380486764,subscriptions per 100 people,2022,reported,"International Telecommunication Union (ITU), World Telecommunication/ICT Indicators Database",https://api.worldbank.org/v2/country/GNQ/indicator/IT.CEL.SETS.P2?format=json&mrnev=1&per_page=100,https://api.worldbank.org/v2/country/all/indicator/IT.CEL.SETS.P2?format=json&mrnev=1&per_page=20000,2026-07-13,2026-09-25,Latest non-empty annual observation returned by the World Bank API; observation year shown separately.
KEN,Kenya,Connectivity,IT.CEL.SETS.P2,Mobile cellular subscriptions (per 100 people),126.477706001,subscriptions per 100 people,2024,reported,"International Telecommunication Union (ITU), World Telecommunication/ICT Indicators Database",https://api.worldbank.org/v2/country/KEN/indicator/IT.CEL.SETS.P2?format=json&mrnev=1&per_page=100,https://api.worldbank.org/v2/country/all/indicator/IT.CEL.SETS.P2?format=json&mrnev=1&per_page=20000,2026-07-13,2026-09-25,Latest non-empty annual observation returned by the World Bank API; observation year shown separately.
LBR,Liberia,Connectivity,IT.CEL.SETS.P2,Mobile cellular subscriptions (per 100 people),32.063888557,subscriptions per 100 people,2022,reported,"International Telecommunication Union (ITU), World Telecommunication/ICT Indicators Database",https://api.worldbank.org/v2/country/LBR/indicator/IT.CEL.SETS.P2?format=json&mrnev=1&per_page=100,https://api.worldbank.org/v2/country/all/indicator/IT.CEL.SETS.P2?format=json&mrnev=1&per_page=20000,2026-07-13,2026-09-25,Latest non-empty annual observation returned by the World Bank API; observation year shown separately.
LBY,Libya,Connectivity,IT.CEL.SETS.P2,Mobile cellular subscriptions (per 100 people),192.97309382,subscriptions per 100 people,2022,reported,"International Telecommunication Union (ITU), World Telecommunication/ICT Indicators Database",https://api.worldbank.org/v2/country/LBY/indicator/IT.CEL.SETS.P2?format=json&mrnev=1&per_page=100,https://api.worldbank.org/v2/country/all/indicator/IT.CEL.SETS.P2?format=json&mrnev=1&per_page=20000,2026-07-13,2026-09-25,Latest non-empty annual observation returned by the World Bank API; observation year shown separately.
LSO,Lesotho,Connectivity,IT.CEL.SETS.P2,Mobile cellular subscriptions (per 100 people),70.328049309,subscriptions per 100 people,2024,reported,"International Telecommunication Union (ITU), World Telecommunication/ICT Indicators Database",https://api.worldbank.org/v2/country/LSO/indicator/IT.CEL.SETS.P2?format=json&mrnev=1&per_page=100,https://api.worldbank.org/v2/country/all/indicator/IT.CEL.SETS.P2?format=json&mrnev=1&per_page=20000,2026-07-13,2026-09-25,Latest non-empty annual observation returned by the World Bank API; observation year shown separately.
MAR,Morocco,Connectivity,IT.CEL.SETS.P2,Mobile cellular subscriptions (per 100 people),153.05726008,subscriptions per 100 people,2024,reported,"International Telecommunication Union (ITU), World Telecommunication/ICT Indicators Database",https://api.worldbank.org/v2/country/MAR/indicator/IT.CEL.SETS.P2?format=json&mrnev=1&per_page=100,https://api.worldbank.org/v2/country/all/indicator/IT.CEL.SETS.P2?format=json&mrnev=1&per_page=20000,2026-07-13,2026-09-25,Latest non-empty annual observation returned by the World Bank API; observation year shown separately.
MDG,Madagascar,Connectivity,IT.CEL.SETS.P2,Mobile cellular subscriptions (per 100 people),75.4562966736,subscriptions per 100 people,2023,reported,"International Telecommunication Union (ITU), World Telecommunication/ICT Indicators Database",https://api.worldbank.org/v2/country/MDG/indicator/IT.CEL.SETS.P2?format=json&mrnev=1&per_page=100,https://api.worldbank.org/v2/country/all/indicator/IT.CEL.SETS.P2?format=json&mrnev=1&per_page=20000,2026-07-13,2026-09-25,Latest non-empty annual observation returned by the World Bank API; observation year shown separately.
MLI,Mali,Connectivity,IT.CEL.SETS.P2,Mobile cellular subscriptions (per 100 people),112.119852778,subscriptions per 100 people,2022,reported,"International Telecommunication Union (ITU), World Telecommunication/ICT Indicators Database",https://api.worldbank.org/v2/country/MLI/indicator/IT.CEL.SETS.P2?format=json&mrnev=1&per_page=100,https://api.worldbank.org/v2/country/all/indicator/IT.CEL.SETS.P2?format=json&mrnev=1&per_page=20000,2026-07-13,2026-09-25,Latest non-empty annual observation returned by the World Bank API; observation year shown separately.
MOZ,Mozambique,Connectivity,IT.CEL.SETS.P2,Mobile cellular subscriptions (per 100 people),49.5047696961,subscriptions per 100 people,2024,reported,"International Telecommunication Union (ITU), World Telecommunication/ICT Indicators Database",https://api.worldbank.org/v2/country/MOZ/indicator/IT.CEL.SETS.P2?format=json&mrnev=1&per_page=100,https://api.worldbank.org/v2/country/all/indicator/IT.CEL.SETS.P2?format=json&mrnev=1&per_page=20000,2026-07-13,2026-09-25,Latest non-empty annual observation returned by the World Bank API; observation year shown separately.
MRT,Mauritania,Connectivity,IT.CEL.SETS.P2,Mobile cellular subscriptions (per 100 people),92.0748946443,subscriptions per 100 people,2024,reported,"International Telecommunication Union (ITU), World Telecommunication/ICT Indicators Database",https://api.worldbank.org/v2/country/MRT/indicator/IT.CEL.SETS.P2?format=json&mrnev=1&per_page=100,https://api.worldbank.org/v2/country/all/indicator/IT.CEL.SETS.P2?format=json&mrnev=1&per_page=20000,2026-07-13,2026-09-25,Latest non-empty annual observation returned by the World Bank API; observation year shown separately.
MUS,Mauritius,Connectivity,IT.CEL.SETS.P2,Mobile cellular subscriptions (per 100 people),172.683569219,subscriptions per 100 people,2024,reported,"International Telecommunication Union (ITU), World Telecommunication/ICT Indicators Database",https://api.worldbank.org/v2/country/MUS/indicator/IT.CEL.SETS.P2?format=json&mrnev=1&per_page=100,https://api.worldbank.org/v2/country/all/indicator/IT.CEL.SETS.P2?format=json&mrnev=1&per_page=20000,2026-07-13,2026-09-25,Latest non-empty annual observation returned by the World Bank API; observation year shown separately.
MWI,Malawi,Connectivity,IT.CEL.SETS.P2,Mobile cellular subscriptions (per 100 people),69.2605306621,subscriptions per 100 people,2024,reported,"International Telecommunication Union (ITU), World Telecommunication/ICT Indicators Database",https://api.worldbank.org/v2/country/MWI/indicator/IT.CEL.SETS.P2?format=json&mrnev=1&per_page=100,https://api.worldbank.org/v2/country/all/indicator/IT.CEL.SETS.P2?format=json&mrnev=1&per_page=20000,2026-07-13,2026-09-25,Latest non-empty annual observation returned by the World Bank API; observation year shown separately.
NAM,Namibia,Connectivity,IT.CEL.SETS.P2,Mobile cellular subscriptions (per 100 people),85.1648988113,subscriptions per 100 people,2024,reported,"International Telecommunication Union (ITU), World Telecommunication/ICT Indicators Database",https://api.worldbank.org/v2/country/NAM/indicator/IT.CEL.SETS.P2?format=json&mrnev=1&per_page=100,https://api.worldbank.org/v2/country/all/indicator/IT.CEL.SETS.P2?format=json&mrnev=1&per_page=20000,2026-07-13,2026-09-25,Latest non-empty annual observation returned by the World Bank API; observation year shown separately.
NER,Niger,Connectivity,IT.CEL.SETS.P2,Mobile cellular subscriptions (per 100 people),60.5939862118,subscriptions per 100 people,2024,reported,"International Telecommunication Union (ITU), World Telecommunication/ICT Indicators Database",https://api.worldbank.org/v2/country/NER/indicator/IT.CEL.SETS.P2?format=json&mrnev=1&per_page=100,https://api.worldbank.org/v2/country/all/indicator/IT.CEL.SETS.P2?format=json&mrnev=1&per_page=20000,2026-07-13,2026-09-25,Latest non-empty annual observation returned by the World Bank API; observation year shown separately.
NGA,Nigeria,Connectivity,IT.CEL.SETS.P2,Mobile cellular subscriptions (per 100 people),70.7619057835,subscriptions per 100 people,2024,reported,"International Telecommunication Union (ITU), World Telecommunication/ICT Indicators Database",https://api.worldbank.org/v2/country/NGA/indicator/IT.CEL.SETS.P2?format=json&mrnev=1&per_page=100,https://api.worldbank.org/v2/country/all/indicator/IT.CEL.SETS.P2?format=json&mrnev=1&per_page=20000,2026-07-13,2026-09-25,Latest non-empty annual observation returned by the World Bank API; observation year shown separately.
RWA,Rwanda,Connectivity,IT.CEL.SETS.P2,Mobile cellular subscriptions (per 100 people),93.2014628767,subscriptions per 100 people,2024,reported,"International Telecommunication Union (ITU), World Telecommunication/ICT Indicators Database",https://api.worldbank.org/v2/country/RWA/indicator/IT.CEL.SETS.P2?format=json&mrnev=1&per_page=100,https://api.worldbank.org/v2/country/all/indicator/IT.CEL.SETS.P2?format=json&mrnev=1&per_page=20000,2026-07-13,2026-09-25,Latest non-empty annual observation returned by the World Bank API; observation year shown separately.
SDN,Sudan,Connectivity,IT.CEL.SETS.P2,Mobile cellular subscriptions (per 100 people),70.2084038615,subscriptions per 100 people,2022,reported,"International Telecommunication Union (ITU), World Telecommunication/ICT Indicators Database",https://api.worldbank.org/v2/country/SDN/indicator/IT.CEL.SETS.P2?format=json&mrnev=1&per_page=100,https://api.worldbank.org/v2/country/all/indicator/IT.CEL.SETS.P2?format=json&mrnev=1&per_page=20000,2026-07-13,2026-09-25,Latest non-empty annual observation returned by the World Bank API; observation year shown separately.
SEN,Senegal,Connectivity,IT.CEL.SETS.P2,Mobile cellular subscriptions (per 100 people),123.894453698,subscriptions per 100 people,2024,reported,"International Telecommunication Union (ITU), World Telecommunication/ICT Indicators Database",https://api.worldbank.org/v2/country/SEN/indicator/IT.CEL.SETS.P2?format=json&mrnev=1&per_page=100,https://api.worldbank.org/v2/country/all/indicator/IT.CEL.SETS.P2?format=json&mrnev=1&per_page=20000,2026-07-13,2026-09-25,Latest non-empty annual observation returned by the World Bank API; observation year shown separately.
SLE,Sierra Leone,Connectivity,IT.CEL.SETS.P2,Mobile cellular subscriptions (per 100 people),107.882000873,subscriptions per 100 people,2022,reported,"International Telecommunication Union (ITU), World Telecommunication/ICT Indicators Database",https://api.worldbank.org/v2/country/SLE/indicator/IT.CEL.SETS.P2?format=json&mrnev=1&per_page=100,https://api.worldbank.org/v2/country/all/indicator/IT.CEL.SETS.P2?format=json&mrnev=1&per_page=20000,2026-07-13,2026-09-25,Latest non-empty annual observation returned by the World Bank API; observation year shown separately.
SOM,"Somalia, Fed. Rep.",Connectivity,IT.CEL.SETS.P2,Mobile cellular subscriptions (per 100 people),53.957964694,subscriptions per 100 people,2023,reported,"International Telecommunication Union (ITU), World Telecommunication/ICT Indicators Database",https://api.worldbank.org/v2/country/SOM/indicator/IT.CEL.SETS.P2?format=json&mrnev=1&per_page=100,https://api.worldbank.org/v2/country/all/indicator/IT.CEL.SETS.P2?format=json&mrnev=1&per_page=20000,2026-07-13,2026-09-25,Latest non-empty annual observation returned by the World Bank API; observation year shown separately.
SSD,South Sudan,Connectivity,IT.CEL.SETS.P2,Mobile cellular subscriptions (per 100 people),46.6152369504,subscriptions per 100 people,2023,reported,"International Telecommunication Union (ITU), World Telecommunication/ICT Indicators Database",https://api.worldbank.org/v2/country/SSD/indicator/IT.CEL.SETS.P2?format=json&mrnev=1&per_page=100,https://api.worldbank.org/v2/country/all/indicator/IT.CEL.SETS.P2?format=json&mrnev=1&per_page=20000,2026-07-13,2026-09-25,Latest non-empty annual observation returned by the World Bank API; observation year shown separately.
STP,Sao Tome and Principe,Connectivity,IT.CEL.SETS.P2,Mobile cellular subscriptions (per 100 people),62.4367400312,subscriptions per 100 people,2024,reported,"International Telecommunication Union (ITU), World Telecommunication/ICT Indicators Database",https://api.worldbank.org/v2/country/STP/indicator/IT.CEL.SETS.P2?format=json&mrnev=1&per_page=100,https://api.worldbank.org/v2/country/all/indicator/IT.CEL.SETS.P2?format=json&mrnev=1&per_page=20000,2026-07-13,2026-09-25,Latest non-empty annual observation returned by the World Bank API; observation year shown separately.
SWZ,Eswatini,Connectivity,IT.CEL.SETS.P2,Mobile cellular subscriptions (per 100 people),139.833459659,subscriptions per 100 people,2024,reported,"International Telecommunication Union (ITU), World Telecommunication/ICT Indicators Database",https://api.worldbank.org/v2/country/SWZ/indicator/IT.CEL.SETS.P2?format=json&mrnev=1&per_page=100,https://api.worldbank.org/v2/country/all/indicator/IT.CEL.SETS.P2?format=json&mrnev=1&per_page=20000,2026-07-13,2026-09-25,Latest non-empty annual observation returned by the World Bank API; observation year shown separately.
SYC,Seychelles,Connectivity,IT.CEL.SETS.P2,Mobile cellular subscriptions (per 100 people),125.616862703,subscriptions per 100 people,2024,reported,"International Telecommunication Union (ITU), World Telecommunication/ICT Indicators Database",https://api.worldbank.org/v2/country/SYC/indicator/IT.CEL.SETS.P2?format=json&mrnev=1&per_page=100,https://api.worldbank.org/v2/country/all/indicator/IT.CEL.SETS.P2?format=json&mrnev=1&per_page=20000,2026-07-13,2026-09-25,Latest non-empty annual observation returned by the World Bank API; observation year shown separately.
TCD,Chad,Connectivity,IT.CEL.SETS.P2,Mobile cellular subscriptions (per 100 people),72.9289782618,subscriptions per 100 people,2024,reported,"International Telecommunication Union (ITU), World Telecommunication/ICT Indicators Database",https://api.worldbank.org/v2/country/TCD/indicator/IT.CEL.SETS.P2?format=json&mrnev=1&per_page=100,https://api.worldbank.org/v2/country/all/indicator/IT.CEL.SETS.P2?format=json&mrnev=1&per_page=20000,2026-07-13,2026-09-25,Latest non-empty annual observation returned by the World Bank API; observation year shown separately.
TGO,Togo,Connectivity,IT.CEL.SETS.P2,Mobile cellular subscriptions (per 100 people),80.8035554767,subscriptions per 100 people,2024,reported,"International Telecommunication Union (ITU), World Telecommunication/ICT Indicators Database",https://api.worldbank.org/v2/country/TGO/indicator/IT.CEL.SETS.P2?format=json&mrnev=1&per_page=100,https://api.worldbank.org/v2/country/all/indicator/IT.CEL.SETS.P2?format=json&mrnev=1&per_page=20000,2026-07-13,2026-09-25,Latest non-empty annual observation returned by the World Bank API; observation year shown separately.
TUN,Tunisia,Connectivity,IT.CEL.SETS.P2,Mobile cellular subscriptions (per 100 people),117.606816067,subscriptions per 100 people,2024,reported,"International Telecommunication Union (ITU), World Telecommunication/ICT Indicators Database",https://api.worldbank.org/v2/country/TUN/indicator/IT.CEL.SETS.P2?format=json&mrnev=1&per_page=100,https://api.worldbank.org/v2/country/all/indicator/IT.CEL.SETS.P2?format=json&mrnev=1&per_page=20000,2026-07-13,2026-09-25,Latest non-empty annual observation returned by the World Bank API; observation year shown separately.
TZA,Tanzania,Connectivity,IT.CEL.SETS.P2,Mobile cellular subscriptions (per 100 people),126.559163218,subscriptions per 100 people,2024,reported,"International Telecommunication Union (ITU), World Telecommunication/ICT Indicators Database",https://api.worldbank.org/v2/country/TZA/indicator/IT.CEL.SETS.P2?format=json&mrnev=1&per_page=100,https://api.worldbank.org/v2/country/all/indicator/IT.CEL.SETS.P2?format=json&mrnev=1&per_page=20000,2026-07-13,2026-09-25,Latest non-empty annual observation returned by the World Bank API; observation year shown separately.
UGA,Uganda,Connectivity,IT.CEL.SETS.P2,Mobile cellular subscriptions (per 100 people),83.1650314669,subscriptions per 100 people,2024,reported,"International Telecommunication Union (ITU), World Telecommunication/ICT Indicators Database",https://api.worldbank.org/v2/country/UGA/indicator/IT.CEL.SETS.P2?format=json&mrnev=1&per_page=100,https://api.worldbank.org/v2/country/all/indicator/IT.CEL.SETS.P2?format=json&mrnev=1&per_page=20000,2026-07-13,2026-09-25,Latest non-empty annual observation returned by the World Bank API; observation year shown separately.
ZAF,South Africa,Connectivity,IT.CEL.SETS.P2,Mobile cellular subscriptions (per 100 people),179.336329841,subscriptions per 100 people,2024,reported,"International Telecommunication Union (ITU), World Telecommunication/ICT Indicators Database",https://api.worldbank.org/v2/country/ZAF/indicator/IT.CEL.SETS.P2?format=json&mrnev=1&per_page=100,https://api.worldbank.org/v2/country/all/indicator/IT.CEL.SETS.P2?format=json&mrnev=1&per_page=20000,2026-07-13,2026-09-25,Latest non-empty annual observation returned by the World Bank API; observation year shown separately.
ZMB,Zambia,Connectivity,IT.CEL.SETS.P2,Mobile cellular subscriptions (per 100 people),108.704779874,subscriptions per 100 people,2024,reported,"International Telecommunication Union (ITU), World Telecommunication/ICT Indicators Database",https://api.worldbank.org/v2/country/ZMB/indicator/IT.CEL.SETS.P2?format=json&mrnev=1&per_page=100,https://api.worldbank.org/v2/country/all/indicator/IT.CEL.SETS.P2?format=json&mrnev=1&per_page=20000,2026-07-13,2026-09-25,Latest non-empty annual observation returned by the World Bank API; observation year shown separately.
ZWE,Zimbabwe,Connectivity,IT.CEL.SETS.P2,Mobile cellular subscriptions (per 100 people),94.2451753366,subscriptions per 100 people,2024,reported,"International Telecommunication Union (ITU), World Telecommunication/ICT Indicators Database",https://api.worldbank.org/v2/country/ZWE/indicator/IT.CEL.SETS.P2?format=json&mrnev=1&per_page=100,https://api.worldbank.org/v2/country/all/indicator/IT.CEL.SETS.P2?format=json&mrnev=1&per_page=20000,2026-07-13,2026-09-25,Latest non-empty annual observation returned by the World Bank API; observation year shown separately.
AGO,Angola,Connectivity,IT.NET.BBND.P2,Fixed broadband subscriptions (per 100 people),0.362845240712,subscriptions per 100 people,2024,reported,"International Telecommunication Union (ITU), World Telecommunication/ICT Indicators Database",https://api.worldbank.org/v2/country/AGO/indicator/IT.NET.BBND.P2?format=json&mrnev=1&per_page=100,https://api.worldbank.org/v2/country/all/indicator/IT.NET.BBND.P2?format=json&mrnev=1&per_page=20000,2026-07-13,2026-09-25,Latest non-empty annual observation returned by the World Bank API; observation year shown separately.
BDI,Burundi,Connectivity,IT.NET.BBND.P2,Fixed broadband subscriptions (per 100 people),0.0203441336211,subscriptions per 100 people,2023,reported,"International Telecommunication Union (ITU), World Telecommunication/ICT Indicators Database",https://api.worldbank.org/v2/country/BDI/indicator/IT.NET.BBND.P2?format=json&mrnev=1&per_page=100,https://api.worldbank.org/v2/country/all/indicator/IT.NET.BBND.P2?format=json&mrnev=1&per_page=20000,2026-07-13,2026-09-25,Latest non-empty annual observation returned by the World Bank API; observation year shown separately.
BEN,Benin,Connectivity,IT.NET.BBND.P2,Fixed broadband subscriptions (per 100 people),0.277382047808,subscriptions per 100 people,2024,reported,"International Telecommunication Union (ITU), World Telecommunication/ICT Indicators Database",https://api.worldbank.org/v2/country/BEN/indicator/IT.NET.BBND.P2?format=json&mrnev=1&per_page=100,https://api.worldbank.org/v2/country/all/indicator/IT.NET.BBND.P2?format=json&mrnev=1&per_page=20000,2026-07-13,2026-09-25,Latest non-empty annual observation returned by the World Bank API; observation year shown separately.
BFA,Burkina Faso,Connectivity,IT.NET.BBND.P2,Fixed broadband subscriptions (per 100 people),0.85136041649,subscriptions per 100 people,2024,reported,"International Telecommunication Union (ITU), World Telecommunication/ICT Indicators Database",https://api.worldbank.org/v2/country/BFA/indicator/IT.NET.BBND.P2?format=json&mrnev=1&per_page=100,https://api.worldbank.org/v2/country/all/indicator/IT.NET.BBND.P2?format=json&mrnev=1&per_page=20000,2026-07-13,2026-09-25,Latest non-empty annual observation returned by the World Bank API; observation year shown separately.
BWA,Botswana,Connectivity,IT.NET.BBND.P2,Fixed broadband subscriptions (per 100 people),7.44096220002,subscriptions per 100 people,2024,reported,"International Telecommunication Union (ITU), World Telecommunication/ICT Indicators Database",https://api.worldbank.org/v2/country/BWA/indicator/IT.NET.BBND.P2?format=json&mrnev=1&per_page=100,https://api.worldbank.org/v2/country/all/indicator/IT.NET.BBND.P2?format=json&mrnev=1&per_page=20000,2026-07-13,2026-09-25,Latest non-empty annual observation returned by the World Bank API; observation year shown separately.
CAF,Central African Republic,Connectivity,IT.NET.BBND.P2,Fixed broadband subscriptions (per 100 people),0.0160846160651,subscriptions per 100 people,2022,reported,"International Telecommunication Union (ITU), World Telecommunication/ICT Indicators Database",https://api.worldbank.org/v2/country/CAF/indicator/IT.NET.BBND.P2?format=json&mrnev=1&per_page=100,https://api.worldbank.org/v2/country/all/indicator/IT.NET.BBND.P2?format=json&mrnev=1&per_page=20000,2026-07-13,2026-09-25,Latest non-empty annual observation returned by the World Bank API; observation year shown separately.
CIV,Cote d'Ivoire,Connectivity,IT.NET.BBND.P2,Fixed broadband subscriptions (per 100 people),1.6015322743,subscriptions per 100 people,2024,reported,"International Telecommunication Union (ITU), World Telecommunication/ICT Indicators Database",https://api.worldbank.org/v2/country/CIV/indicator/IT.NET.BBND.P2?format=json&mrnev=1&per_page=100,https://api.worldbank.org/v2/country/all/indicator/IT.NET.BBND.P2?format=json&mrnev=1&per_page=20000,2026-07-13,2026-09-25,Latest non-empty annual observation returned by the World Bank API; observation year shown separately.
CMR,Cameroon,Connectivity,IT.NET.BBND.P2,Fixed broadband subscriptions (per 100 people),2.12862474053,subscriptions per 100 people,2022,reported,"International Telecommunication Union (ITU), World Telecommunication/ICT Indicators Database",https://api.worldbank.org/v2/country/CMR/indicator/IT.NET.BBND.P2?format=json&mrnev=1&per_page=100,https://api.worldbank.org/v2/country/all/indicator/IT.NET.BBND.P2?format=json&mrnev=1&per_page=20000,2026-07-13,2026-09-25,Latest non-empty annual observation returned by the World Bank API; observation year shown separately.
COD,"Congo, Dem. Rep.",Connectivity,IT.NET.BBND.P2,Fixed broadband subscriptions (per 100 people),0.0320289131405,subscriptions per 100 people,2024,reported,"International Telecommunication Union (ITU), World Telecommunication/ICT Indicators Database",https://api.worldbank.org/v2/country/COD/indicator/IT.NET.BBND.P2?format=json&mrnev=1&per_page=100,https://api.worldbank.org/v2/country/all/indicator/IT.NET.BBND.P2?format=json&mrnev=1&per_page=20000,2026-07-13,2026-09-25,Latest non-empty annual observation returned by the World Bank API; observation year shown separately.
COG,"Congo, Rep.",Connectivity,IT.NET.BBND.P2,Fixed broadband subscriptions (per 100 people),1.26798412068,subscriptions per 100 people,2023,reported,"International Telecommunication Union (ITU), World Telecommunication/ICT Indicators Database",https://api.worldbank.org/v2/country/COG/indicator/IT.NET.BBND.P2?format=json&mrnev=1&per_page=100,https://api.worldbank.org/v2/country/all/indicator/IT.NET.BBND.P2?format=json&mrnev=1&per_page=20000,2026-07-13,2026-09-25,Latest non-empty annual observation returned by the World Bank API; observation year shown separately.
COM,Comoros,Connectivity,IT.NET.BBND.P2,Fixed broadband subscriptions (per 100 people),0.387941019795,subscriptions per 100 people,2023,reported,"International Telecommunication Union (ITU), World Telecommunication/ICT Indicators Database",https://api.worldbank.org/v2/country/COM/indicator/IT.NET.BBND.P2?format=json&mrnev=1&per_page=100,https://api.worldbank.org/v2/country/all/indicator/IT.NET.BBND.P2?format=json&mrnev=1&per_page=20000,2026-07-13,2026-09-25,Latest non-empty annual observation returned by the World Bank API; observation year shown separately.
CPV,Cabo Verde,Connectivity,IT.NET.BBND.P2,Fixed broadband subscriptions (per 100 people),8.305374402,subscriptions per 100 people,2024,reported,"International Telecommunication Union (ITU), World Telecommunication/ICT Indicators Database",https://api.worldbank.org/v2/country/CPV/indicator/IT.NET.BBND.P2?format=json&mrnev=1&per_page=100,https://api.worldbank.org/v2/country/all/indicator/IT.NET.BBND.P2?format=json&mrnev=1&per_page=20000,2026-07-13,2026-09-25,Latest non-empty annual observation returned by the World Bank API; observation year shown separately.
DJI,Djibouti,Connectivity,IT.NET.BBND.P2,Fixed broadband subscriptions (per 100 people),1.47205761945,subscriptions per 100 people,2023,reported,"International Telecommunication Union (ITU), World Telecommunication/ICT Indicators Database",https://api.worldbank.org/v2/country/DJI/indicator/IT.NET.BBND.P2?format=json&mrnev=1&per_page=100,https://api.worldbank.org/v2/country/all/indicator/IT.NET.BBND.P2?format=json&mrnev=1&per_page=20000,2026-07-13,2026-09-25,Latest non-empty annual observation returned by the World Bank API; observation year shown separately.
DZA,Algeria,Connectivity,IT.NET.BBND.P2,Fixed broadband subscriptions (per 100 people),13.3173088877,subscriptions per 100 people,2024,reported,"International Telecommunication Union (ITU), World Telecommunication/ICT Indicators Database",https://api.worldbank.org/v2/country/DZA/indicator/IT.NET.BBND.P2?format=json&mrnev=1&per_page=100,https://api.worldbank.org/v2/country/all/indicator/IT.NET.BBND.P2?format=json&mrnev=1&per_page=20000,2026-07-13,2026-09-25,Latest non-empty annual observation returned by the World Bank API; observation year shown separately.
EGY,"Egypt, Arab Rep.",Connectivity,IT.NET.BBND.P2,Fixed broadband subscriptions (per 100 people),11.6871225242,subscriptions per 100 people,2024,reported,"International Telecommunication Union (ITU), World Telecommunication/ICT Indicators Database",https://api.worldbank.org/v2/country/EGY/indicator/IT.NET.BBND.P2?format=json&mrnev=1&per_page=100,https://api.worldbank.org/v2/country/all/indicator/IT.NET.BBND.P2?format=json&mrnev=1&per_page=20000,2026-07-13,2026-09-25,Latest non-empty annual observation returned by the World Bank API; observation year shown separately.
ERI,Eritrea,Connectivity,IT.NET.BBND.P2,Fixed broadband subscriptions (per 100 people),0.165393390776,subscriptions per 100 people,2022,reported,"International Telecommunication Union (ITU), World Telecommunication/ICT Indicators Database",https://api.worldbank.org/v2/country/ERI/indicator/IT.NET.BBND.P2?format=json&mrnev=1&per_page=100,https://api.worldbank.org/v2/country/all/indicator/IT.NET.BBND.P2?format=json&mrnev=1&per_page=20000,2026-07-13,2026-09-25,Latest non-empty annual observation returned by the World Bank API; observation year shown separately.
ETH,Ethiopia,Connectivity,IT.NET.BBND.P2,Fixed broadband subscriptions (per 100 people),0.593917449514,subscriptions per 100 people,2024,reported,"International Telecommunication Union (ITU), World Telecommunication/ICT Indicators Database",https://api.worldbank.org/v2/country/ETH/indicator/IT.NET.BBND.P2?format=json&mrnev=1&per_page=100,https://api.worldbank.org/v2/country/all/indicator/IT.NET.BBND.P2?format=json&mrnev=1&per_page=20000,2026-07-13,2026-09-25,Latest non-empty annual observation returned by the World Bank API; observation year shown separately.
GAB,Gabon,Connectivity,IT.NET.BBND.P2,Fixed broadband subscriptions (per 100 people),4.69410213348,subscriptions per 100 people,2024,reported,"International Telecommunication Union (ITU), World Telecommunication/ICT Indicators Database",https://api.worldbank.org/v2/country/GAB/indicator/IT.NET.BBND.P2?format=json&mrnev=1&per_page=100,https://api.worldbank.org/v2/country/all/indicator/IT.NET.BBND.P2?format=json&mrnev=1&per_page=20000,2026-07-13,2026-09-25,Latest non-empty annual observation returned by the World Bank API; observation year shown separately.
GHA,Ghana,Connectivity,IT.NET.BBND.P2,Fixed broadband subscriptions (per 100 people),0.664728986034,subscriptions per 100 people,2024,reported,"International Telecommunication Union (ITU), World Telecommunication/ICT Indicators Database",https://api.worldbank.org/v2/country/GHA/indicator/IT.NET.BBND.P2?format=json&mrnev=1&per_page=100,https://api.worldbank.org/v2/country/all/indicator/IT.NET.BBND.P2?format=json&mrnev=1&per_page=20000,2026-07-13,2026-09-25,Latest non-empty annual observation returned by the World Bank API; observation year shown separately.
GIN,Guinea,Connectivity,IT.NET.BBND.P2,Fixed broadband subscriptions (per 100 people),0.0062752856838,subscriptions per 100 people,2022,reported,"International Telecommunication Union (ITU), World Telecommunication/ICT Indicators Database",https://api.worldbank.org/v2/country/GIN/indicator/IT.NET.BBND.P2?format=json&mrnev=1&per_page=100,https://api.worldbank.org/v2/country/all/indicator/IT.NET.BBND.P2?format=json&mrnev=1&per_page=20000,2026-07-13,2026-09-25,Latest non-empty annual observation returned by the World Bank API; observation year shown separately.
GMB,"Gambia, The",Connectivity,IT.NET.BBND.P2,Fixed broadband subscriptions (per 100 people),0.518552979216,subscriptions per 100 people,2024,reported,"International Telecommunication Union (ITU), World Telecommunication/ICT Indicators Database",https://api.worldbank.org/v2/country/GMB/indicator/IT.NET.BBND.P2?format=json&mrnev=1&per_page=100,https://api.worldbank.org/v2/country/all/indicator/IT.NET.BBND.P2?format=json&mrnev=1&per_page=20000,2026-07-13,2026-09-25,Latest non-empty annual observation returned by the World Bank API; observation year shown separately.
GNB,Guinea-Bissau,Connectivity,IT.NET.BBND.P2,Fixed broadband subscriptions (per 100 people),0.386080917545,subscriptions per 100 people,2024,reported,"International Telecommunication Union (ITU), World Telecommunication/ICT Indicators Database",https://api.worldbank.org/v2/country/GNB/indicator/IT.NET.BBND.P2?format=json&mrnev=1&per_page=100,https://api.worldbank.org/v2/country/all/indicator/IT.NET.BBND.P2?format=json&mrnev=1&per_page=20000,2026-07-13,2026-09-25,Latest non-empty annual observation returned by the World Bank API; observation year shown separately.
GNQ,Equatorial Guinea,Connectivity,IT.NET.BBND.P2,Fixed broadband subscriptions (per 100 people),0.100690584377,subscriptions per 100 people,2022,reported,"International Telecommunication Union (ITU), World Telecommunication/ICT Indicators Database",https://api.worldbank.org/v2/country/GNQ/indicator/IT.NET.BBND.P2?format=json&mrnev=1&per_page=100,https://api.worldbank.org/v2/country/all/indicator/IT.NET.BBND.P2?format=json&mrnev=1&per_page=20000,2026-07-13,2026-09-25,Latest non-empty annual observation returned by the World Bank API; observation year shown separately.
KEN,Kenya,Connectivity,IT.NET.BBND.P2,Fixed broadband subscriptions (per 100 people),3.04382666976,subscriptions per 100 people,2024,reported,"International Telecommunication Union (ITU), World Telecommunication/ICT Indicators Database",https://api.worldbank.org/v2/country/KEN/indicator/IT.NET.BBND.P2?format=json&mrnev=1&per_page=100,https://api.worldbank.org/v2/country/all/indicator/IT.NET.BBND.P2?format=json&mrnev=1&per_page=20000,2026-07-13,2026-09-25,Latest non-empty annual observation returned by the World Bank API; observation year shown separately.
LBR,Liberia,Connectivity,IT.NET.BBND.P2,Fixed broadband subscriptions (per 100 people),0.274673226516,subscriptions per 100 people,2022,reported,"International Telecommunication Union (ITU), World Telecommunication/ICT Indicators Database",https://api.worldbank.org/v2/country/LBR/indicator/IT.NET.BBND.P2?format=json&mrnev=1&per_page=100,https://api.worldbank.org/v2/country/all/indicator/IT.NET.BBND.P2?format=json&mrnev=1&per_page=20000,2026-07-13,2026-09-25,Latest non-empty annual observation returned by the World Bank API; observation year shown separately.
LBY,Libya,Connectivity,IT.NET.BBND.P2,Fixed broadband subscriptions (per 100 people),4.518408235,subscriptions per 100 people,2022,reported,"International Telecommunication Union (ITU), World Telecommunication/ICT Indicators Database",https://api.worldbank.org/v2/country/LBY/indicator/IT.NET.BBND.P2?format=json&mrnev=1&per_page=100,https://api.worldbank.org/v2/country/all/indicator/IT.NET.BBND.P2?format=json&mrnev=1&per_page=20000,2026-07-13,2026-09-25,Latest non-empty annual observation returned by the World Bank API; observation year shown separately.
LSO,Lesotho,Connectivity,IT.NET.BBND.P2,Fixed broadband subscriptions (per 100 people),0.379434958927,subscriptions per 100 people,2024,reported,"International Telecommunication Union (ITU), World Telecommunication/ICT Indicators Database",https://api.worldbank.org/v2/country/LSO/indicator/IT.NET.BBND.P2?format=json&mrnev=1&per_page=100,https://api.worldbank.org/v2/country/all/indicator/IT.NET.BBND.P2?format=json&mrnev=1&per_page=20000,2026-07-13,2026-09-25,Latest non-empty annual observation returned by the World Bank API; observation year shown separately.
MAR,Morocco,Connectivity,IT.NET.BBND.P2,Fixed broadband subscriptions (per 100 people),7.30282126551,subscriptions per 100 people,2024,reported,"International Telecommunication Union (ITU), World Telecommunication/ICT Indicators Database",https://api.worldbank.org/v2/country/MAR/indicator/IT.NET.BBND.P2?format=json&mrnev=1&per_page=100,https://api.worldbank.org/v2/country/all/indicator/IT.NET.BBND.P2?format=json&mrnev=1&per_page=20000,2026-07-13,2026-09-25,Latest non-empty annual observation returned by the World Bank API; observation year shown separately.
MDG,Madagascar,Connectivity,IT.NET.BBND.P2,Fixed broadband subscriptions (per 100 people),0.124487385086,subscriptions per 100 people,2023,reported,"International Telecommunication Union (ITU), World Telecommunication/ICT Indicators Database",https://api.worldbank.org/v2/country/MDG/indicator/IT.NET.BBND.P2?format=json&mrnev=1&per_page=100,https://api.worldbank.org/v2/country/all/indicator/IT.NET.BBND.P2?format=json&mrnev=1&per_page=20000,2026-07-13,2026-09-25,Latest non-empty annual observation returned by the World Bank API; observation year shown separately.
MLI,Mali,Connectivity,IT.NET.BBND.P2,Fixed broadband subscriptions (per 100 people),0.774220028571,subscriptions per 100 people,2022,reported,"International Telecommunication Union (ITU), World Telecommunication/ICT Indicators Database",https://api.worldbank.org/v2/country/MLI/indicator/IT.NET.BBND.P2?format=json&mrnev=1&per_page=100,https://api.worldbank.org/v2/country/all/indicator/IT.NET.BBND.P2?format=json&mrnev=1&per_page=20000,2026-07-13,2026-09-25,Latest non-empty annual observation returned by the World Bank API; observation year shown separately.
MOZ,Mozambique,Connectivity,IT.NET.BBND.P2,Fixed broadband subscriptions (per 100 people),0.141999688956,subscriptions per 100 people,2024,reported,"International Telecommunication Union (ITU), World Telecommunication/ICT Indicators Database",https://api.worldbank.org/v2/country/MOZ/indicator/IT.NET.BBND.P2?format=json&mrnev=1&per_page=100,https://api.worldbank.org/v2/country/all/indicator/IT.NET.BBND.P2?format=json&mrnev=1&per_page=20000,2026-07-13,2026-09-25,Latest non-empty annual observation returned by the World Bank API; observation year shown separately.
MRT,Mauritania,Connectivity,IT.NET.BBND.P2,Fixed broadband subscriptions (per 100 people),0.946513083252,subscriptions per 100 people,2024,reported,"International Telecommunication Union (ITU), World Telecommunication/ICT Indicators Database",https://api.worldbank.org/v2/country/MRT/indicator/IT.NET.BBND.P2?format=json&mrnev=1&per_page=100,https://api.worldbank.org/v2/country/all/indicator/IT.NET.BBND.P2?format=json&mrnev=1&per_page=20000,2026-07-13,2026-09-25,Latest non-empty annual observation returned by the World Bank API; observation year shown separately.
MUS,Mauritius,Connectivity,IT.NET.BBND.P2,Fixed broadband subscriptions (per 100 people),27.9742504734,subscriptions per 100 people,2024,reported,"International Telecommunication Union (ITU), World Telecommunication/ICT Indicators Database",https://api.worldbank.org/v2/country/MUS/indicator/IT.NET.BBND.P2?format=json&mrnev=1&per_page=100,https://api.worldbank.org/v2/country/all/indicator/IT.NET.BBND.P2?format=json&mrnev=1&per_page=20000,2026-07-13,2026-09-25,Latest non-empty annual observation returned by the World Bank API; observation year shown separately.
MWI,Malawi,Connectivity,IT.NET.BBND.P2,Fixed broadband subscriptions (per 100 people),0.0863853749149,subscriptions per 100 people,2024,reported,"International Telecommunication Union (ITU), World Telecommunication/ICT Indicators Database",https://api.worldbank.org/v2/country/MWI/indicator/IT.NET.BBND.P2?format=json&mrnev=1&per_page=100,https://api.worldbank.org/v2/country/all/indicator/IT.NET.BBND.P2?format=json&mrnev=1&per_page=20000,2026-07-13,2026-09-25,Latest non-empty annual observation returned by the World Bank API; observation year shown separately.
NAM,Namibia,Connectivity,IT.NET.BBND.P2,Fixed broadband subscriptions (per 100 people),2.83462992194,subscriptions per 100 people,2024,reported,"International Telecommunication Union (ITU), World Telecommunication/ICT Indicators Database",https://api.worldbank.org/v2/country/NAM/indicator/IT.NET.BBND.P2?format=json&mrnev=1&per_page=100,https://api.worldbank.org/v2/country/all/indicator/IT.NET.BBND.P2?format=json&mrnev=1&per_page=20000,2026-07-13,2026-09-25,Latest non-empty annual observation returned by the World Bank API; observation year shown separately.
NER,Niger,Connectivity,IT.NET.BBND.P2,Fixed broadband subscriptions (per 100 people),0.111273829357,subscriptions per 100 people,2024,reported,"International Telecommunication Union (ITU), World Telecommunication/ICT Indicators Database",https://api.worldbank.org/v2/country/NER/indicator/IT.NET.BBND.P2?format=json&mrnev=1&per_page=100,https://api.worldbank.org/v2/country/all/indicator/IT.NET.BBND.P2?format=json&mrnev=1&per_page=20000,2026-07-13,2026-09-25,Latest non-empty annual observation returned by the World Bank API; observation year shown separately.
NGA,Nigeria,Connectivity,IT.NET.BBND.P2,Fixed broadband subscriptions (per 100 people),0.0787379280608,subscriptions per 100 people,2024,reported,"International Telecommunication Union (ITU), World Telecommunication/ICT Indicators Database",https://api.worldbank.org/v2/country/NGA/indicator/IT.NET.BBND.P2?format=json&mrnev=1&per_page=100,https://api.worldbank.org/v2/country/all/indicator/IT.NET.BBND.P2?format=json&mrnev=1&per_page=20000,2026-07-13,2026-09-25,Latest non-empty annual observation returned by the World Bank API; observation year shown separately.
RWA,Rwanda,Connectivity,IT.NET.BBND.P2,Fixed broadband subscriptions (per 100 people),0.595648307198,subscriptions per 100 people,2024,reported,"International Telecommunication Union (ITU), World Telecommunication/ICT Indicators Database",https://api.worldbank.org/v2/country/RWA/indicator/IT.NET.BBND.P2?format=json&mrnev=1&per_page=100,https://api.worldbank.org/v2/country/all/indicator/IT.NET.BBND.P2?format=json&mrnev=1&per_page=20000,2026-07-13,2026-09-25,Latest non-empty annual observation returned by the World Bank API; observation year shown separately.
SDN,Sudan,Connectivity,IT.NET.BBND.P2,Fixed broadband subscriptions (per 100 people),0.0604394040047,subscriptions per 100 people,2022,reported,"International Telecommunication Union (ITU), World Telecommunication/ICT Indicators Database",https://api.worldbank.org/v2/country/SDN/indicator/IT.NET.BBND.P2?format=json&mrnev=1&per_page=100,https://api.worldbank.org/v2/country/all/indicator/IT.NET.BBND.P2?format=json&mrnev=1&per_page=20000,2026-07-13,2026-09-25,Latest non-empty annual observation returned by the World Bank API; observation year shown separately.
SEN,Senegal,Connectivity,IT.NET.BBND.P2,Fixed broadband subscriptions (per 100 people),4.03828584005,subscriptions per 100 people,2024,reported,"International Telecommunication Union (ITU), World Telecommunication/ICT Indicators Database",https://api.worldbank.org/v2/country/SEN/indicator/IT.NET.BBND.P2?format=json&mrnev=1&per_page=100,https://api.worldbank.org/v2/country/all/indicator/IT.NET.BBND.P2?format=json&mrnev=1&per_page=20000,2026-07-13,2026-09-25,Latest non-empty annual observation returned by the World Bank API; observation year shown separately.
SLE,Sierra Leone,Connectivity,IT.NET.BBND.P2,Fixed broadband subscriptions (per 100 people),0.0022731197902,subscriptions per 100 people,2021,reported,"International Telecommunication Union (ITU), World Telecommunication/ICT Indicators Database",https://api.worldbank.org/v2/country/SLE/indicator/IT.NET.BBND.P2?format=json&mrnev=1&per_page=100,https://api.worldbank.org/v2/country/all/indicator/IT.NET.BBND.P2?format=json&mrnev=1&per_page=20000,2026-07-13,2026-09-25,Latest non-empty annual observation returned by the World Bank API; observation year shown separately.
SOM,"Somalia, Fed. Rep.",Connectivity,IT.NET.BBND.P2,Fixed broadband subscriptions (per 100 people),0.722963033976,subscriptions per 100 people,2023,reported,"International Telecommunication Union (ITU), World Telecommunication/ICT Indicators Database",https://api.worldbank.org/v2/country/SOM/indicator/IT.NET.BBND.P2?format=json&mrnev=1&per_page=100,https://api.worldbank.org/v2/country/all/indicator/IT.NET.BBND.P2?format=json&mrnev=1&per_page=20000,2026-07-13,2026-09-25,Latest non-empty annual observation returned by the World Bank API; observation year shown separately.
SSD,South Sudan,Connectivity,IT.NET.BBND.P2,Fixed broadband subscriptions (per 100 people),0.00174164840403,subscriptions per 100 people,2023,reported,"International Telecommunication Union (ITU), World Telecommunication/ICT Indicators Database",https://api.worldbank.org/v2/country/SSD/indicator/IT.NET.BBND.P2?format=json&mrnev=1&per_page=100,https://api.worldbank.org/v2/country/all/indicator/IT.NET.BBND.P2?format=json&mrnev=1&per_page=20000,2026-07-13,2026-09-25,Latest non-empty annual observation returned by the World Bank API; observation year shown separately.
STP,Sao Tome and Principe,Connectivity,IT.NET.BBND.P2,Fixed broadband subscriptions (per 100 people),2.99402214523,subscriptions per 100 people,2024,reported,"International Telecommunication Union (ITU), World Telecommunication/ICT Indicators Database",https://api.worldbank.org/v2/country/STP/indicator/IT.NET.BBND.P2?format=json&mrnev=1&per_page=100,https://api.worldbank.org/v2/country/all/indicator/IT.NET.BBND.P2?format=json&mrnev=1&per_page=20000,2026-07-13,2026-09-25,Latest non-empty annual observation returned by the World Bank API; observation year shown separately.
SWZ,Eswatini,Connectivity,IT.NET.BBND.P2,Fixed broadband subscriptions (per 100 people),2.50655363359,subscriptions per 100 people,2024,reported,"International Telecommunication Union (ITU), World Telecommunication/ICT Indicators Database",https://api.worldbank.org/v2/country/SWZ/indicator/IT.NET.BBND.P2?format=json&mrnev=1&per_page=100,https://api.worldbank.org/v2/country/all/indicator/IT.NET.BBND.P2?format=json&mrnev=1&per_page=20000,2026-07-13,2026-09-25,Latest non-empty annual observation returned by the World Bank API; observation year shown separately.
SYC,Seychelles,Connectivity,IT.NET.BBND.P2,Fixed broadband subscriptions (per 100 people),31.5968654634,subscriptions per 100 people,2024,reported,"International Telecommunication Union (ITU), World Telecommunication/ICT Indicators Database",https://api.worldbank.org/v2/country/SYC/indicator/IT.NET.BBND.P2?format=json&mrnev=1&per_page=100,https://api.worldbank.org/v2/country/all/indicator/IT.NET.BBND.P2?format=json&mrnev=1&per_page=20000,2026-07-13,2026-09-25,Latest non-empty annual observation returned by the World Bank API; observation year shown separately.
TCD,Chad,Connectivity,IT.NET.BBND.P2,Fixed broadband subscriptions (per 100 people),0,subscriptions per 100 people,2024,reported,"International Telecommunication Union (ITU), World Telecommunication/ICT Indicators Database",https://api.worldbank.org/v2/country/TCD/indicator/IT.NET.BBND.P2?format=json&mrnev=1&per_page=100,https://api.worldbank.org/v2/country/all/indicator/IT.NET.BBND.P2?format=json&mrnev=1&per_page=20000,2026-07-13,2026-09-25,Latest non-empty annual observation returned by the World Bank API; observation year shown separately.
TGO,Togo,Connectivity,IT.NET.BBND.P2,Fixed broadband subscriptions (per 100 people),1.41538265577,subscriptions per 100 people,2024,reported,"International Telecommunication Union (ITU), World Telecommunication/ICT Indicators Database",https://api.worldbank.org/v2/country/TGO/indicator/IT.NET.BBND.P2?format=json&mrnev=1&per_page=100,https://api.worldbank.org/v2/country/all/indicator/IT.NET.BBND.P2?format=json&mrnev=1&per_page=20000,2026-07-13,2026-09-25,Latest non-empty annual observation returned by the World Bank API; observation year shown separately.
TUN,Tunisia,Connectivity,IT.NET.BBND.P2,Fixed broadband subscriptions (per 100 people),14.9741523025,subscriptions per 100 people,2024,reported,"International Telecommunication Union (ITU), World Telecommunication/ICT Indicators Database",https://api.worldbank.org/v2/country/TUN/indicator/IT.NET.BBND.P2?format=json&mrnev=1&per_page=100,https://api.worldbank.org/v2/country/all/indicator/IT.NET.BBND.P2?format=json&mrnev=1&per_page=20000,2026-07-13,2026-09-25,Latest non-empty annual observation returned by the World Bank API; observation year shown separately.
TZA,Tanzania,Connectivity,IT.NET.BBND.P2,Fixed broadband subscriptions (per 100 people),0.246433216307,subscriptions per 100 people,2024,reported,"International Telecommunication Union (ITU), World Telecommunication/ICT Indicators Database",https://api.worldbank.org/v2/country/TZA/indicator/IT.NET.BBND.P2?format=json&mrnev=1&per_page=100,https://api.worldbank.org/v2/country/all/indicator/IT.NET.BBND.P2?format=json&mrnev=1&per_page=20000,2026-07-13,2026-09-25,Latest non-empty annual observation returned by the World Bank API; observation year shown separately.
UGA,Uganda,Connectivity,IT.NET.BBND.P2,Fixed broadband subscriptions (per 100 people),0.207613333991,subscriptions per 100 people,2024,reported,"International Telecommunication Union (ITU), World Telecommunication/ICT Indicators Database",https://api.worldbank.org/v2/country/UGA/indicator/IT.NET.BBND.P2?format=json&mrnev=1&per_page=100,https://api.worldbank.org/v2/country/all/indicator/IT.NET.BBND.P2?format=json&mrnev=1&per_page=20000,2026-07-13,2026-09-25,Latest non-empty annual observation returned by the World Bank API; observation year shown separately.
ZAF,South Africa,Connectivity,IT.NET.BBND.P2,Fixed broadband subscriptions (per 100 people),5.3479119462,subscriptions per 100 people,2024,reported,"International Telecommunication Union (ITU), World Telecommunication/ICT Indicators Database",https://api.worldbank.org/v2/country/ZAF/indicator/IT.NET.BBND.P2?format=json&mrnev=1&per_page=100,https://api.worldbank.org/v2/country/all/indicator/IT.NET.BBND.P2?format=json&mrnev=1&per_page=20000,2026-07-13,2026-09-25,Latest non-empty annual observation returned by the World Bank API; observation year shown separately.
ZMB,Zambia,Connectivity,IT.NET.BBND.P2,Fixed broadband subscriptions (per 100 people),0.789797548726,subscriptions per 100 people,2024,reported,"International Telecommunication Union (ITU), World Telecommunication/ICT Indicators Database",https://api.worldbank.org/v2/country/ZMB/indicator/IT.NET.BBND.P2?format=json&mrnev=1&per_page=100,https://api.worldbank.org/v2/country/all/indicator/IT.NET.BBND.P2?format=json&mrnev=1&per_page=20000,2026-07-13,2026-09-25,Latest non-empty annual observation returned by the World Bank API; observation year shown separately.
ZWE,Zimbabwe,Connectivity,IT.NET.BBND.P2,Fixed broadband subscriptions (per 100 people),1.93865437549,subscriptions per 100 people,2024,reported,"International Telecommunication Union (ITU), World Telecommunication/ICT Indicators Database",https://api.worldbank.org/v2/country/ZWE/indicator/IT.NET.BBND.P2?format=json&mrnev=1&per_page=100,https://api.worldbank.org/v2/country/all/indicator/IT.NET.BBND.P2?format=json&mrnev=1&per_page=20000,2026-07-13,2026-09-25,Latest non-empty annual observation returned by the World Bank API; observation year shown separately.
AGO,Angola,Power and reliability,EG.ELC.ACCS.ZS,Access to electricity (% of population),55.5,% of population,2024,reported,"SDG 7.1.1 Electrification Dataset, World Bank / ESMAP",https://api.worldbank.org/v2/country/AGO/indicator/EG.ELC.ACCS.ZS?format=json&mrnev=1&per_page=100,https://api.worldbank.org/v2/country/all/indicator/EG.ELC.ACCS.ZS?format=json&mrnev=1&per_page=20000,2026-07-13,2026-09-25,Latest non-empty annual observation returned by the World Bank API; observation year shown separately.
BDI,Burundi,Power and reliability,EG.ELC.ACCS.ZS,Access to electricity (% of population),20.1,% of population,2024,reported,"SDG 7.1.1 Electrification Dataset, World Bank / ESMAP",https://api.worldbank.org/v2/country/BDI/indicator/EG.ELC.ACCS.ZS?format=json&mrnev=1&per_page=100,https://api.worldbank.org/v2/country/all/indicator/EG.ELC.ACCS.ZS?format=json&mrnev=1&per_page=20000,2026-07-13,2026-09-25,Latest non-empty annual observation returned by the World Bank API; observation year shown separately.
BEN,Benin,Power and reliability,EG.ELC.ACCS.ZS,Access to electricity (% of population),59,% of population,2024,reported,"SDG 7.1.1 Electrification Dataset, World Bank / ESMAP",https://api.worldbank.org/v2/country/BEN/indicator/EG.ELC.ACCS.ZS?format=json&mrnev=1&per_page=100,https://api.worldbank.org/v2/country/all/indicator/EG.ELC.ACCS.ZS?format=json&mrnev=1&per_page=20000,2026-07-13,2026-09-25,Latest non-empty annual observation returned by the World Bank API; observation year shown separately.
BFA,Burkina Faso,Power and reliability,EG.ELC.ACCS.ZS,Access to electricity (% of population),34,% of population,2024,reported,"SDG 7.1.1 Electrification Dataset, World Bank / ESMAP",https://api.worldbank.org/v2/country/BFA/indicator/EG.ELC.ACCS.ZS?format=json&mrnev=1&per_page=100,https://api.worldbank.org/v2/country/all/indicator/EG.ELC.ACCS.ZS?format=json&mrnev=1&per_page=20000,2026-07-13,2026-09-25,Latest non-empty annual observation returned by the World Bank API; observation year shown separately.
BWA,Botswana,Power and reliability,EG.ELC.ACCS.ZS,Access to electricity (% of population),80.2,% of population,2024,reported,"SDG 7.1.1 Electrification Dataset, World Bank / ESMAP",https://api.worldbank.org/v2/country/BWA/indicator/EG.ELC.ACCS.ZS?format=json&mrnev=1&per_page=100,https://api.worldbank.org/v2/country/all/indicator/EG.ELC.ACCS.ZS?format=json&mrnev=1&per_page=20000,2026-07-13,2026-09-25,Latest non-empty annual observation returned by the World Bank API; observation year shown separately.
CAF,Central African Republic,Power and reliability,EG.ELC.ACCS.ZS,Access to electricity (% of population),18.2,% of population,2024,reported,"SDG 7.1.1 Electrification Dataset, World Bank / ESMAP",https://api.worldbank.org/v2/country/CAF/indicator/EG.ELC.ACCS.ZS?format=json&mrnev=1&per_page=100,https://api.worldbank.org/v2/country/all/indicator/EG.ELC.ACCS.ZS?format=json&mrnev=1&per_page=20000,2026-07-13,2026-09-25,Latest non-empty annual observation returned by the World Bank API; observation year shown separately.
CIV,Cote d'Ivoire,Power and reliability,EG.ELC.ACCS.ZS,Access to electricity (% of population),72.9,% of population,2024,reported,"SDG 7.1.1 Electrification Dataset, World Bank / ESMAP",https://api.worldbank.org/v2/country/CIV/indicator/EG.ELC.ACCS.ZS?format=json&mrnev=1&per_page=100,https://api.worldbank.org/v2/country/all/indicator/EG.ELC.ACCS.ZS?format=json&mrnev=1&per_page=20000,2026-07-13,2026-09-25,Latest non-empty annual observation returned by the World Bank API; observation year shown separately.
CMR,Cameroon,Power and reliability,EG.ELC.ACCS.ZS,Access to electricity (% of population),72,% of population,2024,reported,"SDG 7.1.1 Electrification Dataset, World Bank / ESMAP",https://api.worldbank.org/v2/country/CMR/indicator/EG.ELC.ACCS.ZS?format=json&mrnev=1&per_page=100,https://api.worldbank.org/v2/country/all/indicator/EG.ELC.ACCS.ZS?format=json&mrnev=1&per_page=20000,2026-07-13,2026-09-25,Latest non-empty annual observation returned by the World Bank API; observation year shown separately.
COD,"Congo, Dem. Rep.",Power and reliability,EG.ELC.ACCS.ZS,Access to electricity (% of population),22.5,% of population,2024,reported,"SDG 7.1.1 Electrification Dataset, World Bank / ESMAP",https://api.worldbank.org/v2/country/COD/indicator/EG.ELC.ACCS.ZS?format=json&mrnev=1&per_page=100,https://api.worldbank.org/v2/country/all/indicator/EG.ELC.ACCS.ZS?format=json&mrnev=1&per_page=20000,2026-07-13,2026-09-25,Latest non-empty annual observation returned by the World Bank API; observation year shown separately.
COG,"Congo, Rep.",Power and reliability,EG.ELC.ACCS.ZS,Access to electricity (% of population),53,% of population,2024,reported,"SDG 7.1.1 Electrification Dataset, World Bank / ESMAP",https://api.worldbank.org/v2/country/COG/indicator/EG.ELC.ACCS.ZS?format=json&mrnev=1&per_page=100,https://api.worldbank.org/v2/country/all/indicator/EG.ELC.ACCS.ZS?format=json&mrnev=1&per_page=20000,2026-07-13,2026-09-25,Latest non-empty annual observation returned by the World Bank API; observation year shown separately.
COM,Comoros,Power and reliability,EG.ELC.ACCS.ZS,Access to electricity (% of population),91.7,% of population,2024,reported,"SDG 7.1.1 Electrification Dataset, World Bank / ESMAP",https://api.worldbank.org/v2/country/COM/indicator/EG.ELC.ACCS.ZS?format=json&mrnev=1&per_page=100,https://api.worldbank.org/v2/country/all/indicator/EG.ELC.ACCS.ZS?format=json&mrnev=1&per_page=20000,2026-07-13,2026-09-25,Latest non-empty annual observation returned by the World Bank API; observation year shown separately.
CPV,Cabo Verde,Power and reliability,EG.ELC.ACCS.ZS,Access to electricity (% of population),98.4,% of population,2024,reported,"SDG 7.1.1 Electrification Dataset, World Bank / ESMAP",https://api.worldbank.org/v2/country/CPV/indicator/EG.ELC.ACCS.ZS?format=json&mrnev=1&per_page=100,https://api.worldbank.org/v2/country/all/indicator/EG.ELC.ACCS.ZS?format=json&mrnev=1&per_page=20000,2026-07-13,2026-09-25,Latest non-empty annual observation returned by the World Bank API; observation year shown separately.
DJI,Djibouti,Power and reliability,EG.ELC.ACCS.ZS,Access to electricity (% of population),69.2,% of population,2024,reported,"SDG 7.1.1 Electrification Dataset, World Bank / ESMAP",https://api.worldbank.org/v2/country/DJI/indicator/EG.ELC.ACCS.ZS?format=json&mrnev=1&per_page=100,https://api.worldbank.org/v2/country/all/indicator/EG.ELC.ACCS.ZS?format=json&mrnev=1&per_page=20000,2026-07-13,2026-09-25,Latest non-empty annual observation returned by the World Bank API; observation year shown separately.
DZA,Algeria,Power and reliability,EG.ELC.ACCS.ZS,Access to electricity (% of population),100,% of population,2024,reported,"SDG 7.1.1 Electrification Dataset, World Bank / ESMAP",https://api.worldbank.org/v2/country/DZA/indicator/EG.ELC.ACCS.ZS?format=json&mrnev=1&per_page=100,https://api.worldbank.org/v2/country/all/indicator/EG.ELC.ACCS.ZS?format=json&mrnev=1&per_page=20000,2026-07-13,2026-09-25,Latest non-empty annual observation returned by the World Bank API; observation year shown separately.
EGY,"Egypt, Arab Rep.",Power and reliability,EG.ELC.ACCS.ZS,Access to electricity (% of population),100,% of population,2024,reported,"SDG 7.1.1 Electrification Dataset, World Bank / ESMAP",https://api.worldbank.org/v2/country/EGY/indicator/EG.ELC.ACCS.ZS?format=json&mrnev=1&per_page=100,https://api.worldbank.org/v2/country/all/indicator/EG.ELC.ACCS.ZS?format=json&mrnev=1&per_page=20000,2026-07-13,2026-09-25,Latest non-empty annual observation returned by the World Bank API; observation year shown separately.
ERI,Eritrea,Power and reliability,EG.ELC.ACCS.ZS,Access to electricity (% of population),55.3,% of population,2024,reported,"SDG 7.1.1 Electrification Dataset, World Bank / ESMAP",https://api.worldbank.org/v2/country/ERI/indicator/EG.ELC.ACCS.ZS?format=json&mrnev=1&per_page=100,https://api.worldbank.org/v2/country/all/indicator/EG.ELC.ACCS.ZS?format=json&mrnev=1&per_page=20000,2026-07-13,2026-09-25,Latest non-empty annual observation returned by the World Bank API; observation year shown separately.
ETH,Ethiopia,Power and reliability,EG.ELC.ACCS.ZS,Access to electricity (% of population),56.6,% of population,2024,reported,"SDG 7.1.1 Electrification Dataset, World Bank / ESMAP",https://api.worldbank.org/v2/country/ETH/indicator/EG.ELC.ACCS.ZS?format=json&mrnev=1&per_page=100,https://api.worldbank.org/v2/country/all/indicator/EG.ELC.ACCS.ZS?format=json&mrnev=1&per_page=20000,2026-07-13,2026-09-25,Latest non-empty annual observation returned by the World Bank API; observation year shown separately.
GAB,Gabon,Power and reliability,EG.ELC.ACCS.ZS,Access to electricity (% of population),95.1,% of population,2024,reported,"SDG 7.1.1 Electrification Dataset, World Bank / ESMAP",https://api.worldbank.org/v2/country/GAB/indicator/EG.ELC.ACCS.ZS?format=json&mrnev=1&per_page=100,https://api.worldbank.org/v2/country/all/indicator/EG.ELC.ACCS.ZS?format=json&mrnev=1&per_page=20000,2026-07-13,2026-09-25,Latest non-empty annual observation returned by the World Bank API; observation year shown separately.
GHA,Ghana,Power and reliability,EG.ELC.ACCS.ZS,Access to electricity (% of population),91.9,% of population,2024,reported,"SDG 7.1.1 Electrification Dataset, World Bank / ESMAP",https://api.worldbank.org/v2/country/GHA/indicator/EG.ELC.ACCS.ZS?format=json&mrnev=1&per_page=100,https://api.worldbank.org/v2/country/all/indicator/EG.ELC.ACCS.ZS?format=json&mrnev=1&per_page=20000,2026-07-13,2026-09-25,Latest non-empty annual observation returned by the World Bank API; observation year shown separately.
GIN,Guinea,Power and reliability,EG.ELC.ACCS.ZS,Access to electricity (% of population),53.8,% of population,2024,reported,"SDG 7.1.1 Electrification Dataset, World Bank / ESMAP",https://api.worldbank.org/v2/country/GIN/indicator/EG.ELC.ACCS.ZS?format=json&mrnev=1&per_page=100,https://api.worldbank.org/v2/country/all/indicator/EG.ELC.ACCS.ZS?format=json&mrnev=1&per_page=20000,2026-07-13,2026-09-25,Latest non-empty annual observation returned by the World Bank API; observation year shown separately.
GMB,"Gambia, The",Power and reliability,EG.ELC.ACCS.ZS,Access to electricity (% of population),69,% of population,2024,reported,"SDG 7.1.1 Electrification Dataset, World Bank / ESMAP",https://api.worldbank.org/v2/country/GMB/indicator/EG.ELC.ACCS.ZS?format=json&mrnev=1&per_page=100,https://api.worldbank.org/v2/country/all/indicator/EG.ELC.ACCS.ZS?format=json&mrnev=1&per_page=20000,2026-07-13,2026-09-25,Latest non-empty annual observation returned by the World Bank API; observation year shown separately.
GNB,Guinea-Bissau,Power and reliability,EG.ELC.ACCS.ZS,Access to electricity (% of population),43.7,% of population,2024,reported,"SDG 7.1.1 Electrification Dataset, World Bank / ESMAP",https://api.worldbank.org/v2/country/GNB/indicator/EG.ELC.ACCS.ZS?format=json&mrnev=1&per_page=100,https://api.worldbank.org/v2/country/all/indicator/EG.ELC.ACCS.ZS?format=json&mrnev=1&per_page=20000,2026-07-13,2026-09-25,Latest non-empty annual observation returned by the World Bank API; observation year shown separately.
GNQ,Equatorial Guinea,Power and reliability,EG.ELC.ACCS.ZS,Access to electricity (% of population),65.1,% of population,2024,reported,"SDG 7.1.1 Electrification Dataset, World Bank / ESMAP",https://api.worldbank.org/v2/country/GNQ/indicator/EG.ELC.ACCS.ZS?format=json&mrnev=1&per_page=100,https://api.worldbank.org/v2/country/all/indicator/EG.ELC.ACCS.ZS?format=json&mrnev=1&per_page=20000,2026-07-13,2026-09-25,Latest non-empty annual observation returned by the World Bank API; observation year shown separately.
KEN,Kenya,Power and reliability,EG.ELC.ACCS.ZS,Access to electricity (% of population),77,% of population,2024,reported,"SDG 7.1.1 Electrification Dataset, World Bank / ESMAP",https://api.worldbank.org/v2/country/KEN/indicator/EG.ELC.ACCS.ZS?format=json&mrnev=1&per_page=100,https://api.worldbank.org/v2/country/all/indicator/EG.ELC.ACCS.ZS?format=json&mrnev=1&per_page=20000,2026-07-13,2026-09-25,Latest non-empty annual observation returned by the World Bank API; observation year shown separately.
LBR,Liberia,Power and reliability,EG.ELC.ACCS.ZS,Access to electricity (% of population),34.9,% of population,2024,reported,"SDG 7.1.1 Electrification Dataset, World Bank / ESMAP",https://api.worldbank.org/v2/country/LBR/indicator/EG.ELC.ACCS.ZS?format=json&mrnev=1&per_page=100,https://api.worldbank.org/v2/country/all/indicator/EG.ELC.ACCS.ZS?format=json&mrnev=1&per_page=20000,2026-07-13,2026-09-25,Latest non-empty annual observation returned by the World Bank API; observation year shown separately.
LBY,Libya,Power and reliability,EG.ELC.ACCS.ZS,Access to electricity (% of population),77.4,% of population,2024,reported,"SDG 7.1.1 Electrification Dataset, World Bank / ESMAP",https://api.worldbank.org/v2/country/LBY/indicator/EG.ELC.ACCS.ZS?format=json&mrnev=1&per_page=100,https://api.worldbank.org/v2/country/all/indicator/EG.ELC.ACCS.ZS?format=json&mrnev=1&per_page=20000,2026-07-13,2026-09-25,Latest non-empty annual observation returned by the World Bank API; observation year shown separately.
LSO,Lesotho,Power and reliability,EG.ELC.ACCS.ZS,Access to electricity (% of population),60.6,% of population,2024,reported,"SDG 7.1.1 Electrification Dataset, World Bank / ESMAP",https://api.worldbank.org/v2/country/LSO/indicator/EG.ELC.ACCS.ZS?format=json&mrnev=1&per_page=100,https://api.worldbank.org/v2/country/all/indicator/EG.ELC.ACCS.ZS?format=json&mrnev=1&per_page=20000,2026-07-13,2026-09-25,Latest non-empty annual observation returned by the World Bank API; observation year shown separately.
MAR,Morocco,Power and reliability,EG.ELC.ACCS.ZS,Access to electricity (% of population),100,% of population,2024,reported,"SDG 7.1.1 Electrification Dataset, World Bank / ESMAP",https://api.worldbank.org/v2/country/MAR/indicator/EG.ELC.ACCS.ZS?format=json&mrnev=1&per_page=100,https://api.worldbank.org/v2/country/all/indicator/EG.ELC.ACCS.ZS?format=json&mrnev=1&per_page=20000,2026-07-13,2026-09-25,Latest non-empty annual observation returned by the World Bank API; observation year shown separately.
MDG,Madagascar,Power and reliability,EG.ELC.ACCS.ZS,Access to electricity (% of population),42.5,% of population,2024,reported,"SDG 7.1.1 Electrification Dataset, World Bank / ESMAP",https://api.worldbank.org/v2/country/MDG/indicator/EG.ELC.ACCS.ZS?format=json&mrnev=1&per_page=100,https://api.worldbank.org/v2/country/all/indicator/EG.ELC.ACCS.ZS?format=json&mrnev=1&per_page=20000,2026-07-13,2026-09-25,Latest non-empty annual observation returned by the World Bank API; observation year shown separately.
MLI,Mali,Power and reliability,EG.ELC.ACCS.ZS,Access to electricity (% of population),49.5,% of population,2024,reported,"SDG 7.1.1 Electrification Dataset, World Bank / ESMAP",https://api.worldbank.org/v2/country/MLI/indicator/EG.ELC.ACCS.ZS?format=json&mrnev=1&per_page=100,https://api.worldbank.org/v2/country/all/indicator/EG.ELC.ACCS.ZS?format=json&mrnev=1&per_page=20000,2026-07-13,2026-09-25,Latest non-empty annual observation returned by the World Bank API; observation year shown separately.
MOZ,Mozambique,Power and reliability,EG.ELC.ACCS.ZS,Access to electricity (% of population),36.9,% of population,2024,reported,"SDG 7.1.1 Electrification Dataset, World Bank / ESMAP",https://api.worldbank.org/v2/country/MOZ/indicator/EG.ELC.ACCS.ZS?format=json&mrnev=1&per_page=100,https://api.worldbank.org/v2/country/all/indicator/EG.ELC.ACCS.ZS?format=json&mrnev=1&per_page=20000,2026-07-13,2026-09-25,Latest non-empty annual observation returned by the World Bank API; observation year shown separately.
MRT,Mauritania,Power and reliability,EG.ELC.ACCS.ZS,Access to electricity (% of population),52.2,% of population,2024,reported,"SDG 7.1.1 Electrification Dataset, World Bank / ESMAP",https://api.worldbank.org/v2/country/MRT/indicator/EG.ELC.ACCS.ZS?format=json&mrnev=1&per_page=100,https://api.worldbank.org/v2/country/all/indicator/EG.ELC.ACCS.ZS?format=json&mrnev=1&per_page=20000,2026-07-13,2026-09-25,Latest non-empty annual observation returned by the World Bank API; observation year shown separately.
MUS,Mauritius,Power and reliability,EG.ELC.ACCS.ZS,Access to electricity (% of population),100,% of population,2024,reported,"SDG 7.1.1 Electrification Dataset, World Bank / ESMAP",https://api.worldbank.org/v2/country/MUS/indicator/EG.ELC.ACCS.ZS?format=json&mrnev=1&per_page=100,https://api.worldbank.org/v2/country/all/indicator/EG.ELC.ACCS.ZS?format=json&mrnev=1&per_page=20000,2026-07-13,2026-09-25,Latest non-empty annual observation returned by the World Bank API; observation year shown separately.
MWI,Malawi,Power and reliability,EG.ELC.ACCS.ZS,Access to electricity (% of population),15.6,% of population,2024,reported,"SDG 7.1.1 Electrification Dataset, World Bank / ESMAP",https://api.worldbank.org/v2/country/MWI/indicator/EG.ELC.ACCS.ZS?format=json&mrnev=1&per_page=100,https://api.worldbank.org/v2/country/all/indicator/EG.ELC.ACCS.ZS?format=json&mrnev=1&per_page=20000,2026-07-13,2026-09-25,Latest non-empty annual observation returned by the World Bank API; observation year shown separately.
NAM,Namibia,Power and reliability,EG.ELC.ACCS.ZS,Access to electricity (% of population),59.3,% of population,2024,reported,"SDG 7.1.1 Electrification Dataset, World Bank / ESMAP",https://api.worldbank.org/v2/country/NAM/indicator/EG.ELC.ACCS.ZS?format=json&mrnev=1&per_page=100,https://api.worldbank.org/v2/country/all/indicator/EG.ELC.ACCS.ZS?format=json&mrnev=1&per_page=20000,2026-07-13,2026-09-25,Latest non-empty annual observation returned by the World Bank API; observation year shown separately.
NER,Niger,Power and reliability,EG.ELC.ACCS.ZS,Access to electricity (% of population),21.3,% of population,2024,reported,"SDG 7.1.1 Electrification Dataset, World Bank / ESMAP",https://api.worldbank.org/v2/country/NER/indicator/EG.ELC.ACCS.ZS?format=json&mrnev=1&per_page=100,https://api.worldbank.org/v2/country/all/indicator/EG.ELC.ACCS.ZS?format=json&mrnev=1&per_page=20000,2026-07-13,2026-09-25,Latest non-empty annual observation returned by the World Bank API; observation year shown separately.
NGA,Nigeria,Power and reliability,EG.ELC.ACCS.ZS,Access to electricity (% of population),62.5,% of population,2024,reported,"SDG 7.1.1 Electrification Dataset, World Bank / ESMAP",https://api.worldbank.org/v2/country/NGA/indicator/EG.ELC.ACCS.ZS?format=json&mrnev=1&per_page=100,https://api.worldbank.org/v2/country/all/indicator/EG.ELC.ACCS.ZS?format=json&mrnev=1&per_page=20000,2026-07-13,2026-09-25,Latest non-empty annual observation returned by the World Bank API; observation year shown separately.
RWA,Rwanda,Power and reliability,EG.ELC.ACCS.ZS,Access to electricity (% of population),72,% of population,2024,reported,"SDG 7.1.1 Electrification Dataset, World Bank / ESMAP",https://api.worldbank.org/v2/country/RWA/indicator/EG.ELC.ACCS.ZS?format=json&mrnev=1&per_page=100,https://api.worldbank.org/v2/country/all/indicator/EG.ELC.ACCS.ZS?format=json&mrnev=1&per_page=20000,2026-07-13,2026-09-25,Latest non-empty annual observation returned by the World Bank API; observation year shown separately.
SDN,Sudan,Power and reliability,EG.ELC.ACCS.ZS,Access to electricity (% of population),66,% of population,2024,reported,"SDG 7.1.1 Electrification Dataset, World Bank / ESMAP",https://api.worldbank.org/v2/country/SDN/indicator/EG.ELC.ACCS.ZS?format=json&mrnev=1&per_page=100,https://api.worldbank.org/v2/country/all/indicator/EG.ELC.ACCS.ZS?format=json&mrnev=1&per_page=20000,2026-07-13,2026-09-25,Latest non-empty annual observation returned by the World Bank API; observation year shown separately.
SEN,Senegal,Power and reliability,EG.ELC.ACCS.ZS,Access to electricity (% of population),82.9,% of population,2024,reported,"SDG 7.1.1 Electrification Dataset, World Bank / ESMAP",https://api.worldbank.org/v2/country/SEN/indicator/EG.ELC.ACCS.ZS?format=json&mrnev=1&per_page=100,https://api.worldbank.org/v2/country/all/indicator/EG.ELC.ACCS.ZS?format=json&mrnev=1&per_page=20000,2026-07-13,2026-09-25,Latest non-empty annual observation returned by the World Bank API; observation year shown separately.
SLE,Sierra Leone,Power and reliability,EG.ELC.ACCS.ZS,Access to electricity (% of population),39.2,% of population,2024,reported,"SDG 7.1.1 Electrification Dataset, World Bank / ESMAP",https://api.worldbank.org/v2/country/SLE/indicator/EG.ELC.ACCS.ZS?format=json&mrnev=1&per_page=100,https://api.worldbank.org/v2/country/all/indicator/EG.ELC.ACCS.ZS?format=json&mrnev=1&per_page=20000,2026-07-13,2026-09-25,Latest non-empty annual observation returned by the World Bank API; observation year shown separately.
SOM,"Somalia, Fed. Rep.",Power and reliability,EG.ELC.ACCS.ZS,Access to electricity (% of population),54.4,% of population,2024,reported,"SDG 7.1.1 Electrification Dataset, World Bank / ESMAP",https://api.worldbank.org/v2/country/SOM/indicator/EG.ELC.ACCS.ZS?format=json&mrnev=1&per_page=100,https://api.worldbank.org/v2/country/all/indicator/EG.ELC.ACCS.ZS?format=json&mrnev=1&per_page=20000,2026-07-13,2026-09-25,Latest non-empty annual observation returned by the World Bank API; observation year shown separately.
SSD,South Sudan,Power and reliability,EG.ELC.ACCS.ZS,Access to electricity (% of population),5.4,% of population,2024,reported,"SDG 7.1.1 Electrification Dataset, World Bank / ESMAP",https://api.worldbank.org/v2/country/SSD/indicator/EG.ELC.ACCS.ZS?format=json&mrnev=1&per_page=100,https://api.worldbank.org/v2/country/all/indicator/EG.ELC.ACCS.ZS?format=json&mrnev=1&per_page=20000,2026-07-13,2026-09-25,Latest non-empty annual observation returned by the World Bank API; observation year shown separately.
STP,Sao Tome and Principe,Power and reliability,EG.ELC.ACCS.ZS,Access to electricity (% of population),77.7,% of population,2024,reported,"SDG 7.1.1 Electrification Dataset, World Bank / ESMAP",https://api.worldbank.org/v2/country/STP/indicator/EG.ELC.ACCS.ZS?format=json&mrnev=1&per_page=100,https://api.worldbank.org/v2/country/all/indicator/EG.ELC.ACCS.ZS?format=json&mrnev=1&per_page=20000,2026-07-13,2026-09-25,Latest non-empty annual observation returned by the World Bank API; observation year shown separately.
SWZ,Eswatini,Power and reliability,EG.ELC.ACCS.ZS,Access to electricity (% of population),89.3,% of population,2024,reported,"SDG 7.1.1 Electrification Dataset, World Bank / ESMAP",https://api.worldbank.org/v2/country/SWZ/indicator/EG.ELC.ACCS.ZS?format=json&mrnev=1&per_page=100,https://api.worldbank.org/v2/country/all/indicator/EG.ELC.ACCS.ZS?format=json&mrnev=1&per_page=20000,2026-07-13,2026-09-25,Latest non-empty annual observation returned by the World Bank API; observation year shown separately.
SYC,Seychelles,Power and reliability,EG.ELC.ACCS.ZS,Access to electricity (% of population),100,% of population,2024,reported,"SDG 7.1.1 Electrification Dataset, World Bank / ESMAP",https://api.worldbank.org/v2/country/SYC/indicator/EG.ELC.ACCS.ZS?format=json&mrnev=1&per_page=100,https://api.worldbank.org/v2/country/all/indicator/EG.ELC.ACCS.ZS?format=json&mrnev=1&per_page=20000,2026-07-13,2026-09-25,Latest non-empty annual observation returned by the World Bank API; observation year shown separately.
TCD,Chad,Power and reliability,EG.ELC.ACCS.ZS,Access to electricity (% of population),13.4,% of population,2024,reported,"SDG 7.1.1 Electrification Dataset, World Bank / ESMAP",https://api.worldbank.org/v2/country/TCD/indicator/EG.ELC.ACCS.ZS?format=json&mrnev=1&per_page=100,https://api.worldbank.org/v2/country/all/indicator/EG.ELC.ACCS.ZS?format=json&mrnev=1&per_page=20000,2026-07-13,2026-09-25,Latest non-empty annual observation returned by the World Bank API; observation year shown separately.
TGO,Togo,Power and reliability,EG.ELC.ACCS.ZS,Access to electricity (% of population),61.1,% of population,2024,reported,"SDG 7.1.1 Electrification Dataset, World Bank / ESMAP",https://api.worldbank.org/v2/country/TGO/indicator/EG.ELC.ACCS.ZS?format=json&mrnev=1&per_page=100,https://api.worldbank.org/v2/country/all/indicator/EG.ELC.ACCS.ZS?format=json&mrnev=1&per_page=20000,2026-07-13,2026-09-25,Latest non-empty annual observation returned by the World Bank API; observation year shown separately.
TUN,Tunisia,Power and reliability,EG.ELC.ACCS.ZS,Access to electricity (% of population),100,% of population,2024,reported,"SDG 7.1.1 Electrification Dataset, World Bank / ESMAP",https://api.worldbank.org/v2/country/TUN/indicator/EG.ELC.ACCS.ZS?format=json&mrnev=1&per_page=100,https://api.worldbank.org/v2/country/all/indicator/EG.ELC.ACCS.ZS?format=json&mrnev=1&per_page=20000,2026-07-13,2026-09-25,Latest non-empty annual observation returned by the World Bank API; observation year shown separately.
TZA,Tanzania,Power and reliability,EG.ELC.ACCS.ZS,Access to electricity (% of population),52.4,% of population,2024,reported,"SDG 7.1.1 Electrification Dataset, World Bank / ESMAP",https://api.worldbank.org/v2/country/TZA/indicator/EG.ELC.ACCS.ZS?format=json&mrnev=1&per_page=100,https://api.worldbank.org/v2/country/all/indicator/EG.ELC.ACCS.ZS?format=json&mrnev=1&per_page=20000,2026-07-13,2026-09-25,Latest non-empty annual observation returned by the World Bank API; observation year shown separately.
UGA,Uganda,Power and reliability,EG.ELC.ACCS.ZS,Access to electricity (% of population),55.3,% of population,2024,reported,"SDG 7.1.1 Electrification Dataset, World Bank / ESMAP",https://api.worldbank.org/v2/country/UGA/indicator/EG.ELC.ACCS.ZS?format=json&mrnev=1&per_page=100,https://api.worldbank.org/v2/country/all/indicator/EG.ELC.ACCS.ZS?format=json&mrnev=1&per_page=20000,2026-07-13,2026-09-25,Latest non-empty annual observation returned by the World Bank API; observation year shown separately.
ZAF,South Africa,Power and reliability,EG.ELC.ACCS.ZS,Access to electricity (% of population),90.2,% of population,2024,reported,"SDG 7.1.1 Electrification Dataset, World Bank / ESMAP",https://api.worldbank.org/v2/country/ZAF/indicator/EG.ELC.ACCS.ZS?format=json&mrnev=1&per_page=100,https://api.worldbank.org/v2/country/all/indicator/EG.ELC.ACCS.ZS?format=json&mrnev=1&per_page=20000,2026-07-13,2026-09-25,Latest non-empty annual observation returned by the World Bank API; observation year shown separately.
ZMB,Zambia,Power and reliability,EG.ELC.ACCS.ZS,Access to electricity (% of population),53.6,% of population,2024,reported,"SDG 7.1.1 Electrification Dataset, World Bank / ESMAP",https://api.worldbank.org/v2/country/ZMB/indicator/EG.ELC.ACCS.ZS?format=json&mrnev=1&per_page=100,https://api.worldbank.org/v2/country/all/indicator/EG.ELC.ACCS.ZS?format=json&mrnev=1&per_page=20000,2026-07-13,2026-09-25,Latest non-empty annual observation returned by the World Bank API; observation year shown separately.
ZWE,Zimbabwe,Power and reliability,EG.ELC.ACCS.ZS,Access to electricity (% of population),62,% of population,2024,reported,"SDG 7.1.1 Electrification Dataset, World Bank / ESMAP",https://api.worldbank.org/v2/country/ZWE/indicator/EG.ELC.ACCS.ZS?format=json&mrnev=1&per_page=100,https://api.worldbank.org/v2/country/all/indicator/EG.ELC.ACCS.ZS?format=json&mrnev=1&per_page=20000,2026-07-13,2026-09-25,Latest non-empty annual observation returned by the World Bank API; observation year shown separately.
AGO,Angola,Power and reliability,IC.ELC.OUTG.ZS,Firms experiencing electrical outages (% of firms),61.41448212,% of firms,2024,reported,World Bank Enterprise Surveys,https://api.worldbank.org/v2/country/AGO/indicator/IC.ELC.OUTG.ZS?format=json&mrnev=1&per_page=100,https://api.worldbank.org/v2/country/all/indicator/IC.ELC.OUTG.ZS?format=json&mrnev=1&per_page=20000,2026-07-13,2026-09-25,Latest non-empty annual observation returned by the World Bank API; observation year shown separately.
BDI,Burundi,Power and reliability,IC.ELC.OUTG.ZS,Firms experiencing electrical outages (% of firms),93.88008881,% of firms,2025,reported,World Bank Enterprise Surveys,https://api.worldbank.org/v2/country/BDI/indicator/IC.ELC.OUTG.ZS?format=json&mrnev=1&per_page=100,https://api.worldbank.org/v2/country/all/indicator/IC.ELC.OUTG.ZS?format=json&mrnev=1&per_page=20000,2026-07-13,2026-09-25,Latest non-empty annual observation returned by the World Bank API; observation year shown separately.
BEN,Benin,Power and reliability,IC.ELC.OUTG.ZS,Firms experiencing electrical outages (% of firms),86.14924622,% of firms,2024,reported,World Bank Enterprise Surveys,https://api.worldbank.org/v2/country/BEN/indicator/IC.ELC.OUTG.ZS?format=json&mrnev=1&per_page=100,https://api.worldbank.org/v2/country/all/indicator/IC.ELC.OUTG.ZS?format=json&mrnev=1&per_page=20000,2026-07-13,2026-09-25,Latest non-empty annual observation returned by the World Bank API; observation year shown separately.
BFA,Burkina Faso,Power and reliability,IC.ELC.OUTG.ZS,Firms experiencing electrical outages (% of firms),92.48812103,% of firms,2024,reported,World Bank Enterprise Surveys,https://api.worldbank.org/v2/country/BFA/indicator/IC.ELC.OUTG.ZS?format=json&mrnev=1&per_page=100,https://api.worldbank.org/v2/country/all/indicator/IC.ELC.OUTG.ZS?format=json&mrnev=1&per_page=20000,2026-07-13,2026-09-25,Latest non-empty annual observation returned by the World Bank API; observation year shown separately.
BWA,Botswana,Power and reliability,IC.ELC.OUTG.ZS,Firms experiencing electrical outages (% of firms),64.15776825,% of firms,2023,reported,World Bank Enterprise Surveys,https://api.worldbank.org/v2/country/BWA/indicator/IC.ELC.OUTG.ZS?format=json&mrnev=1&per_page=100,https://api.worldbank.org/v2/country/all/indicator/IC.ELC.OUTG.ZS?format=json&mrnev=1&per_page=20000,2026-07-13,2026-09-25,Latest non-empty annual observation returned by the World Bank API; observation year shown separately.
CAF,Central African Republic,Power and reliability,IC.ELC.OUTG.ZS,Firms experiencing electrical outages (% of firms),89.27954865,% of firms,2023,reported,World Bank Enterprise Surveys,https://api.worldbank.org/v2/country/CAF/indicator/IC.ELC.OUTG.ZS?format=json&mrnev=1&per_page=100,https://api.worldbank.org/v2/country/all/indicator/IC.ELC.OUTG.ZS?format=json&mrnev=1&per_page=20000,2026-07-13,2026-09-25,Latest non-empty annual observation returned by the World Bank API; observation year shown separately.
CIV,Cote d'Ivoire,Power and reliability,IC.ELC.OUTG.ZS,Firms experiencing electrical outages (% of firms),80.34918213,% of firms,2023,reported,World Bank Enterprise Surveys,https://api.worldbank.org/v2/country/CIV/indicator/IC.ELC.OUTG.ZS?format=json&mrnev=1&per_page=100,https://api.worldbank.org/v2/country/all/indicator/IC.ELC.OUTG.ZS?format=json&mrnev=1&per_page=20000,2026-07-13,2026-09-25,Latest non-empty annual observation returned by the World Bank API; observation year shown separately.
CMR,Cameroon,Power and reliability,IC.ELC.OUTG.ZS,Firms experiencing electrical outages (% of firms),93.30515289,% of firms,2024,reported,World Bank Enterprise Surveys,https://api.worldbank.org/v2/country/CMR/indicator/IC.ELC.OUTG.ZS?format=json&mrnev=1&per_page=100,https://api.worldbank.org/v2/country/all/indicator/IC.ELC.OUTG.ZS?format=json&mrnev=1&per_page=20000,2026-07-13,2026-09-25,Latest non-empty annual observation returned by the World Bank API; observation year shown separately.
COD,"Congo, Dem. Rep.",Power and reliability,IC.ELC.OUTG.ZS,Firms experiencing electrical outages (% of firms),77.36276245,% of firms,2024,reported,World Bank Enterprise Surveys,https://api.worldbank.org/v2/country/COD/indicator/IC.ELC.OUTG.ZS?format=json&mrnev=1&per_page=100,https://api.worldbank.org/v2/country/all/indicator/IC.ELC.OUTG.ZS?format=json&mrnev=1&per_page=20000,2026-07-13,2026-09-25,Latest non-empty annual observation returned by the World Bank API; observation year shown separately.
COG,"Congo, Rep.",Power and reliability,IC.ELC.OUTG.ZS,Firms experiencing electrical outages (% of firms),77.10931396,% of firms,2024,reported,World Bank Enterprise Surveys,https://api.worldbank.org/v2/country/COG/indicator/IC.ELC.OUTG.ZS?format=json&mrnev=1&per_page=100,https://api.worldbank.org/v2/country/all/indicator/IC.ELC.OUTG.ZS?format=json&mrnev=1&per_page=20000,2026-07-13,2026-09-25,Latest non-empty annual observation returned by the World Bank API; observation year shown separately.
COM,Comoros,Power and reliability,IC.ELC.OUTG.ZS,Firms experiencing electrical outages (% of firms),91.69716644,% of firms,2025,reported,World Bank Enterprise Surveys,https://api.worldbank.org/v2/country/COM/indicator/IC.ELC.OUTG.ZS?format=json&mrnev=1&per_page=100,https://api.worldbank.org/v2/country/all/indicator/IC.ELC.OUTG.ZS?format=json&mrnev=1&per_page=20000,2026-07-13,2026-09-25,Latest non-empty annual observation returned by the World Bank API; observation year shown separately.
CPV,Cabo Verde,Power and reliability,IC.ELC.OUTG.ZS,Firms experiencing electrical outages (% of firms),39.56323624,% of firms,2024,reported,World Bank Enterprise Surveys,https://api.worldbank.org/v2/country/CPV/indicator/IC.ELC.OUTG.ZS?format=json&mrnev=1&per_page=100,https://api.worldbank.org/v2/country/all/indicator/IC.ELC.OUTG.ZS?format=json&mrnev=1&per_page=20000,2026-07-13,2026-09-25,Latest non-empty annual observation returned by the World Bank API; observation year shown separately.
DJI,Djibouti,Power and reliability,IC.ELC.OUTG.ZS,Firms experiencing electrical outages (% of firms),56.58783722,% of firms,2025,reported,World Bank Enterprise Surveys,https://api.worldbank.org/v2/country/DJI/indicator/IC.ELC.OUTG.ZS?format=json&mrnev=1&per_page=100,https://api.worldbank.org/v2/country/all/indicator/IC.ELC.OUTG.ZS?format=json&mrnev=1&per_page=20000,2026-07-13,2026-09-25,Latest non-empty annual observation returned by the World Bank API; observation year shown separately.
DZA,,Power and reliability,IC.ELC.OUTG.ZS,Firms experiencing electrical outages (% of firms),,% of firms,,no_information,World Bank Enterprise Surveys,https://api.worldbank.org/v2/country/DZA/indicator/IC.ELC.OUTG.ZS?format=json&mrnev=1&per_page=100,https://api.worldbank.org/v2/country/all/indicator/IC.ELC.OUTG.ZS?format=json&mrnev=1&per_page=20000,2026-07-13,2026-09-25,"No non-empty country observation returned by the World Bank API for this indicator. This is a data gap, not zero."
EGY,"Egypt, Arab Rep.",Power and reliability,IC.ELC.OUTG.ZS,Firms experiencing electrical outages (% of firms),35.62733841,% of firms,2025,reported,World Bank Enterprise Surveys,https://api.worldbank.org/v2/country/EGY/indicator/IC.ELC.OUTG.ZS?format=json&mrnev=1&per_page=100,https://api.worldbank.org/v2/country/all/indicator/IC.ELC.OUTG.ZS?format=json&mrnev=1&per_page=20000,2026-07-13,2026-09-25,Latest non-empty annual observation returned by the World Bank API; observation year shown separately.
ERI,Eritrea,Power and reliability,IC.ELC.OUTG.ZS,Firms experiencing electrical outages (% of firms),20.54837227,% of firms,2009,reported,World Bank Enterprise Surveys,https://api.worldbank.org/v2/country/ERI/indicator/IC.ELC.OUTG.ZS?format=json&mrnev=1&per_page=100,https://api.worldbank.org/v2/country/all/indicator/IC.ELC.OUTG.ZS?format=json&mrnev=1&per_page=20000,2026-07-13,2026-09-25,Latest non-empty annual observation returned by the World Bank API; observation year shown separately.
ETH,Ethiopia,Power and reliability,IC.ELC.OUTG.ZS,Firms experiencing electrical outages (% of firms),85.86965942,% of firms,2025,reported,World Bank Enterprise Surveys,https://api.worldbank.org/v2/country/ETH/indicator/IC.ELC.OUTG.ZS?format=json&mrnev=1&per_page=100,https://api.worldbank.org/v2/country/all/indicator/IC.ELC.OUTG.ZS?format=json&mrnev=1&per_page=20000,2026-07-13,2026-09-25,Latest non-empty annual observation returned by the World Bank API; observation year shown separately.
GAB,Gabon,Power and reliability,IC.ELC.OUTG.ZS,Firms experiencing electrical outages (% of firms),87.09931183,% of firms,2025,reported,World Bank Enterprise Surveys,https://api.worldbank.org/v2/country/GAB/indicator/IC.ELC.OUTG.ZS?format=json&mrnev=1&per_page=100,https://api.worldbank.org/v2/country/all/indicator/IC.ELC.OUTG.ZS?format=json&mrnev=1&per_page=20000,2026-07-13,2026-09-25,Latest non-empty annual observation returned by the World Bank API; observation year shown separately.
GHA,Ghana,Power and reliability,IC.ELC.OUTG.ZS,Firms experiencing electrical outages (% of firms),73.76318359,% of firms,2023,reported,World Bank Enterprise Surveys,https://api.worldbank.org/v2/country/GHA/indicator/IC.ELC.OUTG.ZS?format=json&mrnev=1&per_page=100,https://api.worldbank.org/v2/country/all/indicator/IC.ELC.OUTG.ZS?format=json&mrnev=1&per_page=20000,2026-07-13,2026-09-25,Latest non-empty annual observation returned by the World Bank API; observation year shown separately.
GIN,Guinea,Power and reliability,IC.ELC.OUTG.ZS,Firms experiencing electrical outages (% of firms),91.10287476,% of firms,2025,reported,World Bank Enterprise Surveys,https://api.worldbank.org/v2/country/GIN/indicator/IC.ELC.OUTG.ZS?format=json&mrnev=1&per_page=100,https://api.worldbank.org/v2/country/all/indicator/IC.ELC.OUTG.ZS?format=json&mrnev=1&per_page=20000,2026-07-13,2026-09-25,Latest non-empty annual observation returned by the World Bank API; observation year shown separately.
GMB,"Gambia, The",Power and reliability,IC.ELC.OUTG.ZS,Firms experiencing electrical outages (% of firms),86.94114685,% of firms,2023,reported,World Bank Enterprise Surveys,https://api.worldbank.org/v2/country/GMB/indicator/IC.ELC.OUTG.ZS?format=json&mrnev=1&per_page=100,https://api.worldbank.org/v2/country/all/indicator/IC.ELC.OUTG.ZS?format=json&mrnev=1&per_page=20000,2026-07-13,2026-09-25,Latest non-empty annual observation returned by the World Bank API; observation year shown separately.
GNB,Guinea-Bissau,Power and reliability,IC.ELC.OUTG.ZS,Firms experiencing electrical outages (% of firms),72.17525482,% of firms,2025,reported,World Bank Enterprise Surveys,https://api.worldbank.org/v2/country/GNB/indicator/IC.ELC.OUTG.ZS?format=json&mrnev=1&per_page=100,https://api.worldbank.org/v2/country/all/indicator/IC.ELC.OUTG.ZS?format=json&mrnev=1&per_page=20000,2026-07-13,2026-09-25,Latest non-empty annual observation returned by the World Bank API; observation year shown separately.
GNQ,Equatorial Guinea,Power and reliability,IC.ELC.OUTG.ZS,Firms experiencing electrical outages (% of firms),33.32280731,% of firms,2024,reported,World Bank Enterprise Surveys,https://api.worldbank.org/v2/country/GNQ/indicator/IC.ELC.OUTG.ZS?format=json&mrnev=1&per_page=100,https://api.worldbank.org/v2/country/all/indicator/IC.ELC.OUTG.ZS?format=json&mrnev=1&per_page=20000,2026-07-13,2026-09-25,Latest non-empty annual observation returned by the World Bank API; observation year shown separately.
KEN,Kenya,Power and reliability,IC.ELC.OUTG.ZS,Firms experiencing electrical outages (% of firms),74.61010742,% of firms,2025,reported,World Bank Enterprise Surveys,https://api.worldbank.org/v2/country/KEN/indicator/IC.ELC.OUTG.ZS?format=json&mrnev=1&per_page=100,https://api.worldbank.org/v2/country/all/indicator/IC.ELC.OUTG.ZS?format=json&mrnev=1&per_page=20000,2026-07-13,2026-09-25,Latest non-empty annual observation returned by the World Bank API; observation year shown separately.
LBR,Liberia,Power and reliability,IC.ELC.OUTG.ZS,Firms experiencing electrical outages (% of firms),64.48472595,% of firms,2025,reported,World Bank Enterprise Surveys,https://api.worldbank.org/v2/country/LBR/indicator/IC.ELC.OUTG.ZS?format=json&mrnev=1&per_page=100,https://api.worldbank.org/v2/country/all/indicator/IC.ELC.OUTG.ZS?format=json&mrnev=1&per_page=20000,2026-07-13,2026-09-25,Latest non-empty annual observation returned by the World Bank API; observation year shown separately.
LBY,,Power and reliability,IC.ELC.OUTG.ZS,Firms experiencing electrical outages (% of firms),,% of firms,,no_information,World Bank Enterprise Surveys,https://api.worldbank.org/v2/country/LBY/indicator/IC.ELC.OUTG.ZS?format=json&mrnev=1&per_page=100,https://api.worldbank.org/v2/country/all/indicator/IC.ELC.OUTG.ZS?format=json&mrnev=1&per_page=20000,2026-07-13,2026-09-25,"No non-empty country observation returned by the World Bank API for this indicator. This is a data gap, not zero."
LSO,Lesotho,Power and reliability,IC.ELC.OUTG.ZS,Firms experiencing electrical outages (% of firms),64.55149841,% of firms,2023,reported,World Bank Enterprise Surveys,https://api.worldbank.org/v2/country/LSO/indicator/IC.ELC.OUTG.ZS?format=json&mrnev=1&per_page=100,https://api.worldbank.org/v2/country/all/indicator/IC.ELC.OUTG.ZS?format=json&mrnev=1&per_page=20000,2026-07-13,2026-09-25,Latest non-empty annual observation returned by the World Bank API; observation year shown separately.
MAR,Morocco,Power and reliability,IC.ELC.OUTG.ZS,Firms experiencing electrical outages (% of firms),10.88711357,% of firms,2023,reported,World Bank Enterprise Surveys,https://api.worldbank.org/v2/country/MAR/indicator/IC.ELC.OUTG.ZS?format=json&mrnev=1&per_page=100,https://api.worldbank.org/v2/country/all/indicator/IC.ELC.OUTG.ZS?format=json&mrnev=1&per_page=20000,2026-07-13,2026-09-25,Latest non-empty annual observation returned by the World Bank API; observation year shown separately.
MDG,Madagascar,Power and reliability,IC.ELC.OUTG.ZS,Firms experiencing electrical outages (% of firms),52.38755417,% of firms,2022,reported,World Bank Enterprise Surveys,https://api.worldbank.org/v2/country/MDG/indicator/IC.ELC.OUTG.ZS?format=json&mrnev=1&per_page=100,https://api.worldbank.org/v2/country/all/indicator/IC.ELC.OUTG.ZS?format=json&mrnev=1&per_page=20000,2026-07-13,2026-09-25,Latest non-empty annual observation returned by the World Bank API; observation year shown separately.
MLI,Mali,Power and reliability,IC.ELC.OUTG.ZS,Firms experiencing electrical outages (% of firms),87.10353088,% of firms,2024,reported,World Bank Enterprise Surveys,https://api.worldbank.org/v2/country/MLI/indicator/IC.ELC.OUTG.ZS?format=json&mrnev=1&per_page=100,https://api.worldbank.org/v2/country/all/indicator/IC.ELC.OUTG.ZS?format=json&mrnev=1&per_page=20000,2026-07-13,2026-09-25,Latest non-empty annual observation returned by the World Bank API; observation year shown separately.
MOZ,Mozambique,Power and reliability,IC.ELC.OUTG.ZS,Firms experiencing electrical outages (% of firms),58.78262329,% of firms,2025,reported,World Bank Enterprise Surveys,https://api.worldbank.org/v2/country/MOZ/indicator/IC.ELC.OUTG.ZS?format=json&mrnev=1&per_page=100,https://api.worldbank.org/v2/country/all/indicator/IC.ELC.OUTG.ZS?format=json&mrnev=1&per_page=20000,2026-07-13,2026-09-25,Latest non-empty annual observation returned by the World Bank API; observation year shown separately.
MRT,Mauritania,Power and reliability,IC.ELC.OUTG.ZS,Firms experiencing electrical outages (% of firms),84.26553345,% of firms,2025,reported,World Bank Enterprise Surveys,https://api.worldbank.org/v2/country/MRT/indicator/IC.ELC.OUTG.ZS?format=json&mrnev=1&per_page=100,https://api.worldbank.org/v2/country/all/indicator/IC.ELC.OUTG.ZS?format=json&mrnev=1&per_page=20000,2026-07-13,2026-09-25,Latest non-empty annual observation returned by the World Bank API; observation year shown separately.
MUS,Mauritius,Power and reliability,IC.ELC.OUTG.ZS,Firms experiencing electrical outages (% of firms),40.38035202,% of firms,2023,reported,World Bank Enterprise Surveys,https://api.worldbank.org/v2/country/MUS/indicator/IC.ELC.OUTG.ZS?format=json&mrnev=1&per_page=100,https://api.worldbank.org/v2/country/all/indicator/IC.ELC.OUTG.ZS?format=json&mrnev=1&per_page=20000,2026-07-13,2026-09-25,Latest non-empty annual observation returned by the World Bank API; observation year shown separately.
MWI,Malawi,Power and reliability,IC.ELC.OUTG.ZS,Firms experiencing electrical outages (% of firms),89.11867523,% of firms,2025,reported,World Bank Enterprise Surveys,https://api.worldbank.org/v2/country/MWI/indicator/IC.ELC.OUTG.ZS?format=json&mrnev=1&per_page=100,https://api.worldbank.org/v2/country/all/indicator/IC.ELC.OUTG.ZS?format=json&mrnev=1&per_page=20000,2026-07-13,2026-09-25,Latest non-empty annual observation returned by the World Bank API; observation year shown separately.
NAM,Namibia,Power and reliability,IC.ELC.OUTG.ZS,Firms experiencing electrical outages (% of firms),53.67754364,% of firms,2024,reported,World Bank Enterprise Surveys,https://api.worldbank.org/v2/country/NAM/indicator/IC.ELC.OUTG.ZS?format=json&mrnev=1&per_page=100,https://api.worldbank.org/v2/country/all/indicator/IC.ELC.OUTG.ZS?format=json&mrnev=1&per_page=20000,2026-07-13,2026-09-25,Latest non-empty annual observation returned by the World Bank API; observation year shown separately.
NER,Niger,Power and reliability,IC.ELC.OUTG.ZS,Firms experiencing electrical outages (% of firms),75.11286926,% of firms,2025,reported,World Bank Enterprise Surveys,https://api.worldbank.org/v2/country/NER/indicator/IC.ELC.OUTG.ZS?format=json&mrnev=1&per_page=100,https://api.worldbank.org/v2/country/all/indicator/IC.ELC.OUTG.ZS?format=json&mrnev=1&per_page=20000,2026-07-13,2026-09-25,Latest non-empty annual observation returned by the World Bank API; observation year shown separately.
NGA,Nigeria,Power and reliability,IC.ELC.OUTG.ZS,Firms experiencing electrical outages (% of firms),82.49201202,% of firms,2025,reported,World Bank Enterprise Surveys,https://api.worldbank.org/v2/country/NGA/indicator/IC.ELC.OUTG.ZS?format=json&mrnev=1&per_page=100,https://api.worldbank.org/v2/country/all/indicator/IC.ELC.OUTG.ZS?format=json&mrnev=1&per_page=20000,2026-07-13,2026-09-25,Latest non-empty annual observation returned by the World Bank API; observation year shown separately.
RWA,Rwanda,Power and reliability,IC.ELC.OUTG.ZS,Firms experiencing electrical outages (% of firms),60.58708954,% of firms,2023,reported,World Bank Enterprise Surveys,https://api.worldbank.org/v2/country/RWA/indicator/IC.ELC.OUTG.ZS?format=json&mrnev=1&per_page=100,https://api.worldbank.org/v2/country/all/indicator/IC.ELC.OUTG.ZS?format=json&mrnev=1&per_page=20000,2026-07-13,2026-09-25,Latest non-empty annual observation returned by the World Bank API; observation year shown separately.
SDN,Sudan,Power and reliability,IC.ELC.OUTG.ZS,Firms experiencing electrical outages (% of firms),93.71907043,% of firms,2014,reported,World Bank Enterprise Surveys,https://api.worldbank.org/v2/country/SDN/indicator/IC.ELC.OUTG.ZS?format=json&mrnev=1&per_page=100,https://api.worldbank.org/v2/country/all/indicator/IC.ELC.OUTG.ZS?format=json&mrnev=1&per_page=20000,2026-07-13,2026-09-25,Latest non-empty annual observation returned by the World Bank API; observation year shown separately.
SEN,Senegal,Power and reliability,IC.ELC.OUTG.ZS,Firms experiencing electrical outages (% of firms),55.03804779,% of firms,2024,reported,World Bank Enterprise Surveys,https://api.worldbank.org/v2/country/SEN/indicator/IC.ELC.OUTG.ZS?format=json&mrnev=1&per_page=100,https://api.worldbank.org/v2/country/all/indicator/IC.ELC.OUTG.ZS?format=json&mrnev=1&per_page=20000,2026-07-13,2026-09-25,Latest non-empty annual observation returned by the World Bank API; observation year shown separately.
SLE,Sierra Leone,Power and reliability,IC.ELC.OUTG.ZS,Firms experiencing electrical outages (% of firms),66.22390747,% of firms,2023,reported,World Bank Enterprise Surveys,https://api.worldbank.org/v2/country/SLE/indicator/IC.ELC.OUTG.ZS?format=json&mrnev=1&per_page=100,https://api.worldbank.org/v2/country/all/indicator/IC.ELC.OUTG.ZS?format=json&mrnev=1&per_page=20000,2026-07-13,2026-09-25,Latest non-empty annual observation returned by the World Bank API; observation year shown separately.
SOM,"Somalia, Fed. Rep.",Power and reliability,IC.ELC.OUTG.ZS,Firms experiencing electrical outages (% of firms),52.56361389,% of firms,2025,reported,World Bank Enterprise Surveys,https://api.worldbank.org/v2/country/SOM/indicator/IC.ELC.OUTG.ZS?format=json&mrnev=1&per_page=100,https://api.worldbank.org/v2/country/all/indicator/IC.ELC.OUTG.ZS?format=json&mrnev=1&per_page=20000,2026-07-13,2026-09-25,Latest non-empty annual observation returned by the World Bank API; observation year shown separately.
SSD,South Sudan,Power and reliability,IC.ELC.OUTG.ZS,Firms experiencing electrical outages (% of firms),68.36896515,% of firms,2024,reported,World Bank Enterprise Surveys,https://api.worldbank.org/v2/country/SSD/indicator/IC.ELC.OUTG.ZS?format=json&mrnev=1&per_page=100,https://api.worldbank.org/v2/country/all/indicator/IC.ELC.OUTG.ZS?format=json&mrnev=1&per_page=20000,2026-07-13,2026-09-25,Latest non-empty annual observation returned by the World Bank API; observation year shown separately.
STP,Sao Tome and Principe,Power and reliability,IC.ELC.OUTG.ZS,Firms experiencing electrical outages (% of firms),75.70522308,% of firms,2025,reported,World Bank Enterprise Surveys,https://api.worldbank.org/v2/country/STP/indicator/IC.ELC.OUTG.ZS?format=json&mrnev=1&per_page=100,https://api.worldbank.org/v2/country/all/indicator/IC.ELC.OUTG.ZS?format=json&mrnev=1&per_page=20000,2026-07-13,2026-09-25,Latest non-empty annual observation returned by the World Bank API; observation year shown separately.
SWZ,Eswatini,Power and reliability,IC.ELC.OUTG.ZS,Firms experiencing electrical outages (% of firms),58.49438095,% of firms,2024,reported,World Bank Enterprise Surveys,https://api.worldbank.org/v2/country/SWZ/indicator/IC.ELC.OUTG.ZS?format=json&mrnev=1&per_page=100,https://api.worldbank.org/v2/country/all/indicator/IC.ELC.OUTG.ZS?format=json&mrnev=1&per_page=20000,2026-07-13,2026-09-25,Latest non-empty annual observation returned by the World Bank API; observation year shown separately.
SYC,Seychelles,Power and reliability,IC.ELC.OUTG.ZS,Firms experiencing electrical outages (% of firms),38.2654686,% of firms,2023,reported,World Bank Enterprise Surveys,https://api.worldbank.org/v2/country/SYC/indicator/IC.ELC.OUTG.ZS?format=json&mrnev=1&per_page=100,https://api.worldbank.org/v2/country/all/indicator/IC.ELC.OUTG.ZS?format=json&mrnev=1&per_page=20000,2026-07-13,2026-09-25,Latest non-empty annual observation returned by the World Bank API; observation year shown separately.
TCD,Chad,Power and reliability,IC.ELC.OUTG.ZS,Firms experiencing electrical outages (% of firms),96.17499542,% of firms,2023,reported,World Bank Enterprise Surveys,https://api.worldbank.org/v2/country/TCD/indicator/IC.ELC.OUTG.ZS?format=json&mrnev=1&per_page=100,https://api.worldbank.org/v2/country/all/indicator/IC.ELC.OUTG.ZS?format=json&mrnev=1&per_page=20000,2026-07-13,2026-09-25,Latest non-empty annual observation returned by the World Bank API; observation year shown separately.
TGO,Togo,Power and reliability,IC.ELC.OUTG.ZS,Firms experiencing electrical outages (% of firms),86.13388824,% of firms,2023,reported,World Bank Enterprise Surveys,https://api.worldbank.org/v2/country/TGO/indicator/IC.ELC.OUTG.ZS?format=json&mrnev=1&per_page=100,https://api.worldbank.org/v2/country/all/indicator/IC.ELC.OUTG.ZS?format=json&mrnev=1&per_page=20000,2026-07-13,2026-09-25,Latest non-empty annual observation returned by the World Bank API; observation year shown separately.
TUN,Tunisia,Power and reliability,IC.ELC.OUTG.ZS,Firms experiencing electrical outages (% of firms),35.46521759,% of firms,2024,reported,World Bank Enterprise Surveys,https://api.worldbank.org/v2/country/TUN/indicator/IC.ELC.OUTG.ZS?format=json&mrnev=1&per_page=100,https://api.worldbank.org/v2/country/all/indicator/IC.ELC.OUTG.ZS?format=json&mrnev=1&per_page=20000,2026-07-13,2026-09-25,Latest non-empty annual observation returned by the World Bank API; observation year shown separately.
TZA,Tanzania,Power and reliability,IC.ELC.OUTG.ZS,Firms experiencing electrical outages (% of firms),34.12546539,% of firms,2023,reported,World Bank Enterprise Surveys,https://api.worldbank.org/v2/country/TZA/indicator/IC.ELC.OUTG.ZS?format=json&mrnev=1&per_page=100,https://api.worldbank.org/v2/country/all/indicator/IC.ELC.OUTG.ZS?format=json&mrnev=1&per_page=20000,2026-07-13,2026-09-25,Latest non-empty annual observation returned by the World Bank API; observation year shown separately.
UGA,Uganda,Power and reliability,IC.ELC.OUTG.ZS,Firms experiencing electrical outages (% of firms),79.93642426,% of firms,2025,reported,World Bank Enterprise Surveys,https://api.worldbank.org/v2/country/UGA/indicator/IC.ELC.OUTG.ZS?format=json&mrnev=1&per_page=100,https://api.worldbank.org/v2/country/all/indicator/IC.ELC.OUTG.ZS?format=json&mrnev=1&per_page=20000,2026-07-13,2026-09-25,Latest non-empty annual observation returned by the World Bank API; observation year shown separately.
ZAF,South Africa,Power and reliability,IC.ELC.OUTG.ZS,Firms experiencing electrical outages (% of firms),92.02373505,% of firms,2020,reported,World Bank Enterprise Surveys,https://api.worldbank.org/v2/country/ZAF/indicator/IC.ELC.OUTG.ZS?format=json&mrnev=1&per_page=100,https://api.worldbank.org/v2/country/all/indicator/IC.ELC.OUTG.ZS?format=json&mrnev=1&per_page=20000,2026-07-13,2026-09-25,Latest non-empty annual observation returned by the World Bank API; observation year shown separately.
ZMB,Zambia,Power and reliability,IC.ELC.OUTG.ZS,Firms experiencing electrical outages (% of firms),89.64607239,% of firms,2025,reported,World Bank Enterprise Surveys,https://api.worldbank.org/v2/country/ZMB/indicator/IC.ELC.OUTG.ZS?format=json&mrnev=1&per_page=100,https://api.worldbank.org/v2/country/all/indicator/IC.ELC.OUTG.ZS?format=json&mrnev=1&per_page=20000,2026-07-13,2026-09-25,Latest non-empty annual observation returned by the World Bank API; observation year shown separately.
ZWE,Zimbabwe,Power and reliability,IC.ELC.OUTG.ZS,Firms experiencing electrical outages (% of firms),52.53521347,% of firms,2025,reported,World Bank Enterprise Surveys,https://api.worldbank.org/v2/country/ZWE/indicator/IC.ELC.OUTG.ZS?format=json&mrnev=1&per_page=100,https://api.worldbank.org/v2/country/all/indicator/IC.ELC.OUTG.ZS?format=json&mrnev=1&per_page=20000,2026-07-13,2026-09-25,Latest non-empty annual observation returned by the World Bank API; observation year shown separately.
AGO,Angola,Power and reliability,IC.FRM.OUTG.ZS,Value lost due to electrical outages (% of sales for affected firms),0,% of sales among firms affected,2024,reported,World Bank Enterprise Surveys,https://api.worldbank.org/v2/country/AGO/indicator/IC.FRM.OUTG.ZS?format=json&mrnev=1&per_page=100,https://api.worldbank.org/v2/country/all/indicator/IC.FRM.OUTG.ZS?format=json&mrnev=1&per_page=20000,2026-07-13,2026-09-25,Latest non-empty annual observation returned by the World Bank API; observation year shown separately.
BDI,Burundi,Power and reliability,IC.FRM.OUTG.ZS,Value lost due to electrical outages (% of sales for affected firms),8e-06,% of sales among firms affected,2025,reported,World Bank Enterprise Surveys,https://api.worldbank.org/v2/country/BDI/indicator/IC.FRM.OUTG.ZS?format=json&mrnev=1&per_page=100,https://api.worldbank.org/v2/country/all/indicator/IC.FRM.OUTG.ZS?format=json&mrnev=1&per_page=20000,2026-07-13,2026-09-25,Latest non-empty annual observation returned by the World Bank API; observation year shown separately.
BEN,Benin,Power and reliability,IC.FRM.OUTG.ZS,Value lost due to electrical outages (% of sales for affected firms),0,% of sales among firms affected,2024,reported,World Bank Enterprise Surveys,https://api.worldbank.org/v2/country/BEN/indicator/IC.FRM.OUTG.ZS?format=json&mrnev=1&per_page=100,https://api.worldbank.org/v2/country/all/indicator/IC.FRM.OUTG.ZS?format=json&mrnev=1&per_page=20000,2026-07-13,2026-09-25,Latest non-empty annual observation returned by the World Bank API; observation year shown separately.
BFA,Burkina Faso,Power and reliability,IC.FRM.OUTG.ZS,Value lost due to electrical outages (% of sales for affected firms),2.727272727,% of sales among firms affected,2024,reported,World Bank Enterprise Surveys,https://api.worldbank.org/v2/country/BFA/indicator/IC.FRM.OUTG.ZS?format=json&mrnev=1&per_page=100,https://api.worldbank.org/v2/country/all/indicator/IC.FRM.OUTG.ZS?format=json&mrnev=1&per_page=20000,2026-07-13,2026-09-25,Latest non-empty annual observation returned by the World Bank API; observation year shown separately.
BWA,Botswana,Power and reliability,IC.FRM.OUTG.ZS,Value lost due to electrical outages (% of sales for affected firms),0,% of sales among firms affected,2023,reported,World Bank Enterprise Surveys,https://api.worldbank.org/v2/country/BWA/indicator/IC.FRM.OUTG.ZS?format=json&mrnev=1&per_page=100,https://api.worldbank.org/v2/country/all/indicator/IC.FRM.OUTG.ZS?format=json&mrnev=1&per_page=20000,2026-07-13,2026-09-25,Latest non-empty annual observation returned by the World Bank API; observation year shown separately.
CAF,Central African Republic,Power and reliability,IC.FRM.OUTG.ZS,Value lost due to electrical outages (% of sales for affected firms),9,% of sales among firms affected,2023,reported,World Bank Enterprise Surveys,https://api.worldbank.org/v2/country/CAF/indicator/IC.FRM.OUTG.ZS?format=json&mrnev=1&per_page=100,https://api.worldbank.org/v2/country/all/indicator/IC.FRM.OUTG.ZS?format=json&mrnev=1&per_page=20000,2026-07-13,2026-09-25,Latest non-empty annual observation returned by the World Bank API; observation year shown separately.
CIV,Cote d'Ivoire,Power and reliability,IC.FRM.OUTG.ZS,Value lost due to electrical outages (% of sales for affected firms),2,% of sales among firms affected,2023,reported,World Bank Enterprise Surveys,https://api.worldbank.org/v2/country/CIV/indicator/IC.FRM.OUTG.ZS?format=json&mrnev=1&per_page=100,https://api.worldbank.org/v2/country/all/indicator/IC.FRM.OUTG.ZS?format=json&mrnev=1&per_page=20000,2026-07-13,2026-09-25,Latest non-empty annual observation returned by the World Bank API; observation year shown separately.
CMR,Cameroon,Power and reliability,IC.FRM.OUTG.ZS,Value lost due to electrical outages (% of sales for affected firms),2,% of sales among firms affected,2024,reported,World Bank Enterprise Surveys,https://api.worldbank.org/v2/country/CMR/indicator/IC.FRM.OUTG.ZS?format=json&mrnev=1&per_page=100,https://api.worldbank.org/v2/country/all/indicator/IC.FRM.OUTG.ZS?format=json&mrnev=1&per_page=20000,2026-07-13,2026-09-25,Latest non-empty annual observation returned by the World Bank API; observation year shown separately.
COD,"Congo, Dem. Rep.",Power and reliability,IC.FRM.OUTG.ZS,Value lost due to electrical outages (% of sales for affected firms),2,% of sales among firms affected,2024,reported,World Bank Enterprise Surveys,https://api.worldbank.org/v2/country/COD/indicator/IC.FRM.OUTG.ZS?format=json&mrnev=1&per_page=100,https://api.worldbank.org/v2/country/all/indicator/IC.FRM.OUTG.ZS?format=json&mrnev=1&per_page=20000,2026-07-13,2026-09-25,Latest non-empty annual observation returned by the World Bank API; observation year shown separately.
COG,"Congo, Rep.",Power and reliability,IC.FRM.OUTG.ZS,Value lost due to electrical outages (% of sales for affected firms),1,% of sales among firms affected,2024,reported,World Bank Enterprise Surveys,https://api.worldbank.org/v2/country/COG/indicator/IC.FRM.OUTG.ZS?format=json&mrnev=1&per_page=100,https://api.worldbank.org/v2/country/all/indicator/IC.FRM.OUTG.ZS?format=json&mrnev=1&per_page=20000,2026-07-13,2026-09-25,Latest non-empty annual observation returned by the World Bank API; observation year shown separately.
COM,Comoros,Power and reliability,IC.FRM.OUTG.ZS,Value lost due to electrical outages (% of sales for affected firms),5,% of sales among firms affected,2025,reported,World Bank Enterprise Surveys,https://api.worldbank.org/v2/country/COM/indicator/IC.FRM.OUTG.ZS?format=json&mrnev=1&per_page=100,https://api.worldbank.org/v2/country/all/indicator/IC.FRM.OUTG.ZS?format=json&mrnev=1&per_page=20000,2026-07-13,2026-09-25,Latest non-empty annual observation returned by the World Bank API; observation year shown separately.
CPV,Cabo Verde,Power and reliability,IC.FRM.OUTG.ZS,Value lost due to electrical outages (% of sales for affected firms),0,% of sales among firms affected,2024,reported,World Bank Enterprise Surveys,https://api.worldbank.org/v2/country/CPV/indicator/IC.FRM.OUTG.ZS?format=json&mrnev=1&per_page=100,https://api.worldbank.org/v2/country/all/indicator/IC.FRM.OUTG.ZS?format=json&mrnev=1&per_page=20000,2026-07-13,2026-09-25,Latest non-empty annual observation returned by the World Bank API; observation year shown separately.
DJI,Djibouti,Power and reliability,IC.FRM.OUTG.ZS,Value lost due to electrical outages (% of sales for affected firms),0,% of sales among firms affected,2025,reported,World Bank Enterprise Surveys,https://api.worldbank.org/v2/country/DJI/indicator/IC.FRM.OUTG.ZS?format=json&mrnev=1&per_page=100,https://api.worldbank.org/v2/country/all/indicator/IC.FRM.OUTG.ZS?format=json&mrnev=1&per_page=20000,2026-07-13,2026-09-25,Latest non-empty annual observation returned by the World Bank API; observation year shown separately.
DZA,,Power and reliability,IC.FRM.OUTG.ZS,Value lost due to electrical outages (% of sales for affected firms),,% of sales among firms affected,,no_information,World Bank Enterprise Surveys,https://api.worldbank.org/v2/country/DZA/indicator/IC.FRM.OUTG.ZS?format=json&mrnev=1&per_page=100,https://api.worldbank.org/v2/country/all/indicator/IC.FRM.OUTG.ZS?format=json&mrnev=1&per_page=20000,2026-07-13,2026-09-25,"No non-empty country observation returned by the World Bank API for this indicator. This is a data gap, not zero."
EGY,"Egypt, Arab Rep.",Power and reliability,IC.FRM.OUTG.ZS,Value lost due to electrical outages (% of sales for affected firms),0,% of sales among firms affected,2025,reported,World Bank Enterprise Surveys,https://api.worldbank.org/v2/country/EGY/indicator/IC.FRM.OUTG.ZS?format=json&mrnev=1&per_page=100,https://api.worldbank.org/v2/country/all/indicator/IC.FRM.OUTG.ZS?format=json&mrnev=1&per_page=20000,2026-07-13,2026-09-25,Latest non-empty annual observation returned by the World Bank API; observation year shown separately.
ERI,Eritrea,Power and reliability,IC.FRM.OUTG.ZS,Value lost due to electrical outages (% of sales for affected firms),0,% of sales among firms affected,2009,reported,World Bank Enterprise Surveys,https://api.worldbank.org/v2/country/ERI/indicator/IC.FRM.OUTG.ZS?format=json&mrnev=1&per_page=100,https://api.worldbank.org/v2/country/all/indicator/IC.FRM.OUTG.ZS?format=json&mrnev=1&per_page=20000,2026-07-13,2026-09-25,Latest non-empty annual observation returned by the World Bank API; observation year shown separately.
ETH,Ethiopia,Power and reliability,IC.FRM.OUTG.ZS,Value lost due to electrical outages (% of sales for affected firms),0,% of sales among firms affected,2025,reported,World Bank Enterprise Surveys,https://api.worldbank.org/v2/country/ETH/indicator/IC.FRM.OUTG.ZS?format=json&mrnev=1&per_page=100,https://api.worldbank.org/v2/country/all/indicator/IC.FRM.OUTG.ZS?format=json&mrnev=1&per_page=20000,2026-07-13,2026-09-25,Latest non-empty annual observation returned by the World Bank API; observation year shown separately.
GAB,Gabon,Power and reliability,IC.FRM.OUTG.ZS,Value lost due to electrical outages (% of sales for affected firms),0,% of sales among firms affected,2025,reported,World Bank Enterprise Surveys,https://api.worldbank.org/v2/country/GAB/indicator/IC.FRM.OUTG.ZS?format=json&mrnev=1&per_page=100,https://api.worldbank.org/v2/country/all/indicator/IC.FRM.OUTG.ZS?format=json&mrnev=1&per_page=20000,2026-07-13,2026-09-25,Latest non-empty annual observation returned by the World Bank API; observation year shown separately.
GHA,Ghana,Power and reliability,IC.FRM.OUTG.ZS,Value lost due to electrical outages (% of sales for affected firms),0,% of sales among firms affected,2023,reported,World Bank Enterprise Surveys,https://api.worldbank.org/v2/country/GHA/indicator/IC.FRM.OUTG.ZS?format=json&mrnev=1&per_page=100,https://api.worldbank.org/v2/country/all/indicator/IC.FRM.OUTG.ZS?format=json&mrnev=1&per_page=20000,2026-07-13,2026-09-25,Latest non-empty annual observation returned by the World Bank API; observation year shown separately.
GIN,Guinea,Power and reliability,IC.FRM.OUTG.ZS,Value lost due to electrical outages (% of sales for affected firms),0,% of sales among firms affected,2025,reported,World Bank Enterprise Surveys,https://api.worldbank.org/v2/country/GIN/indicator/IC.FRM.OUTG.ZS?format=json&mrnev=1&per_page=100,https://api.worldbank.org/v2/country/all/indicator/IC.FRM.OUTG.ZS?format=json&mrnev=1&per_page=20000,2026-07-13,2026-09-25,Latest non-empty annual observation returned by the World Bank API; observation year shown separately.
GMB,"Gambia, The",Power and reliability,IC.FRM.OUTG.ZS,Value lost due to electrical outages (% of sales for affected firms),0.0862068966,% of sales among firms affected,2023,reported,World Bank Enterprise Surveys,https://api.worldbank.org/v2/country/GMB/indicator/IC.FRM.OUTG.ZS?format=json&mrnev=1&per_page=100,https://api.worldbank.org/v2/country/all/indicator/IC.FRM.OUTG.ZS?format=json&mrnev=1&per_page=20000,2026-07-13,2026-09-25,Latest non-empty annual observation returned by the World Bank API; observation year shown separately.
GNB,Guinea-Bissau,Power and reliability,IC.FRM.OUTG.ZS,Value lost due to electrical outages (% of sales for affected firms),0,% of sales among firms affected,2025,reported,World Bank Enterprise Surveys,https://api.worldbank.org/v2/country/GNB/indicator/IC.FRM.OUTG.ZS?format=json&mrnev=1&per_page=100,https://api.worldbank.org/v2/country/all/indicator/IC.FRM.OUTG.ZS?format=json&mrnev=1&per_page=20000,2026-07-13,2026-09-25,Latest non-empty annual observation returned by the World Bank API; observation year shown separately.
GNQ,Equatorial Guinea,Power and reliability,IC.FRM.OUTG.ZS,Value lost due to electrical outages (% of sales for affected firms),0,% of sales among firms affected,2024,reported,World Bank Enterprise Surveys,https://api.worldbank.org/v2/country/GNQ/indicator/IC.FRM.OUTG.ZS?format=json&mrnev=1&per_page=100,https://api.worldbank.org/v2/country/all/indicator/IC.FRM.OUTG.ZS?format=json&mrnev=1&per_page=20000,2026-07-13,2026-09-25,Latest non-empty annual observation returned by the World Bank API; observation year shown separately.
KEN,Kenya,Power and reliability,IC.FRM.OUTG.ZS,Value lost due to electrical outages (% of sales for affected firms),0,% of sales among firms affected,2025,reported,World Bank Enterprise Surveys,https://api.worldbank.org/v2/country/KEN/indicator/IC.FRM.OUTG.ZS?format=json&mrnev=1&per_page=100,https://api.worldbank.org/v2/country/all/indicator/IC.FRM.OUTG.ZS?format=json&mrnev=1&per_page=20000,2026-07-13,2026-09-25,Latest non-empty annual observation returned by the World Bank API; observation year shown separately.
LBR,Liberia,Power and reliability,IC.FRM.OUTG.ZS,Value lost due to electrical outages (% of sales for affected firms),0,% of sales among firms affected,2025,reported,World Bank Enterprise Surveys,https://api.worldbank.org/v2/country/LBR/indicator/IC.FRM.OUTG.ZS?format=json&mrnev=1&per_page=100,https://api.worldbank.org/v2/country/all/indicator/IC.FRM.OUTG.ZS?format=json&mrnev=1&per_page=20000,2026-07-13,2026-09-25,Latest non-empty annual observation returned by the World Bank API; observation year shown separately.
LBY,,Power and reliability,IC.FRM.OUTG.ZS,Value lost due to electrical outages (% of sales for affected firms),,% of sales among firms affected,,no_information,World Bank Enterprise Surveys,https://api.worldbank.org/v2/country/LBY/indicator/IC.FRM.OUTG.ZS?format=json&mrnev=1&per_page=100,https://api.worldbank.org/v2/country/all/indicator/IC.FRM.OUTG.ZS?format=json&mrnev=1&per_page=20000,2026-07-13,2026-09-25,"No non-empty country observation returned by the World Bank API for this indicator. This is a data gap, not zero."
LSO,Lesotho,Power and reliability,IC.FRM.OUTG.ZS,Value lost due to electrical outages (% of sales for affected firms),0.2147375451,% of sales among firms affected,2023,reported,World Bank Enterprise Surveys,https://api.worldbank.org/v2/country/LSO/indicator/IC.FRM.OUTG.ZS?format=json&mrnev=1&per_page=100,https://api.worldbank.org/v2/country/all/indicator/IC.FRM.OUTG.ZS?format=json&mrnev=1&per_page=20000,2026-07-13,2026-09-25,Latest non-empty annual observation returned by the World Bank API; observation year shown separately.
MAR,Morocco,Power and reliability,IC.FRM.OUTG.ZS,Value lost due to electrical outages (% of sales for affected firms),0,% of sales among firms affected,2023,reported,World Bank Enterprise Surveys,https://api.worldbank.org/v2/country/MAR/indicator/IC.FRM.OUTG.ZS?format=json&mrnev=1&per_page=100,https://api.worldbank.org/v2/country/all/indicator/IC.FRM.OUTG.ZS?format=json&mrnev=1&per_page=20000,2026-07-13,2026-09-25,Latest non-empty annual observation returned by the World Bank API; observation year shown separately.
MDG,Madagascar,Power and reliability,IC.FRM.OUTG.ZS,Value lost due to electrical outages (% of sales for affected firms),0,% of sales among firms affected,2022,reported,World Bank Enterprise Surveys,https://api.worldbank.org/v2/country/MDG/indicator/IC.FRM.OUTG.ZS?format=json&mrnev=1&per_page=100,https://api.worldbank.org/v2/country/all/indicator/IC.FRM.OUTG.ZS?format=json&mrnev=1&per_page=20000,2026-07-13,2026-09-25,Latest non-empty annual observation returned by the World Bank API; observation year shown separately.
MLI,Mali,Power and reliability,IC.FRM.OUTG.ZS,Value lost due to electrical outages (% of sales for affected firms),10,% of sales among firms affected,2024,reported,World Bank Enterprise Surveys,https://api.worldbank.org/v2/country/MLI/indicator/IC.FRM.OUTG.ZS?format=json&mrnev=1&per_page=100,https://api.worldbank.org/v2/country/all/indicator/IC.FRM.OUTG.ZS?format=json&mrnev=1&per_page=20000,2026-07-13,2026-09-25,Latest non-empty annual observation returned by the World Bank API; observation year shown separately.
MOZ,Mozambique,Power and reliability,IC.FRM.OUTG.ZS,Value lost due to electrical outages (% of sales for affected firms),0,% of sales among firms affected,2025,reported,World Bank Enterprise Surveys,https://api.worldbank.org/v2/country/MOZ/indicator/IC.FRM.OUTG.ZS?format=json&mrnev=1&per_page=100,https://api.worldbank.org/v2/country/all/indicator/IC.FRM.OUTG.ZS?format=json&mrnev=1&per_page=20000,2026-07-13,2026-09-25,Latest non-empty annual observation returned by the World Bank API; observation year shown separately.
MRT,Mauritania,Power and reliability,IC.FRM.OUTG.ZS,Value lost due to electrical outages (% of sales for affected firms),0,% of sales among firms affected,2025,reported,World Bank Enterprise Surveys,https://api.worldbank.org/v2/country/MRT/indicator/IC.FRM.OUTG.ZS?format=json&mrnev=1&per_page=100,https://api.worldbank.org/v2/country/all/indicator/IC.FRM.OUTG.ZS?format=json&mrnev=1&per_page=20000,2026-07-13,2026-09-25,Latest non-empty annual observation returned by the World Bank API; observation year shown separately.
MUS,Mauritius,Power and reliability,IC.FRM.OUTG.ZS,Value lost due to electrical outages (% of sales for affected firms),0,% of sales among firms affected,2023,reported,World Bank Enterprise Surveys,https://api.worldbank.org/v2/country/MUS/indicator/IC.FRM.OUTG.ZS?format=json&mrnev=1&per_page=100,https://api.worldbank.org/v2/country/all/indicator/IC.FRM.OUTG.ZS?format=json&mrnev=1&per_page=20000,2026-07-13,2026-09-25,Latest non-empty annual observation returned by the World Bank API; observation year shown separately.
MWI,Malawi,Power and reliability,IC.FRM.OUTG.ZS,Value lost due to electrical outages (% of sales for affected firms),0,% of sales among firms affected,2025,reported,World Bank Enterprise Surveys,https://api.worldbank.org/v2/country/MWI/indicator/IC.FRM.OUTG.ZS?format=json&mrnev=1&per_page=100,https://api.worldbank.org/v2/country/all/indicator/IC.FRM.OUTG.ZS?format=json&mrnev=1&per_page=20000,2026-07-13,2026-09-25,Latest non-empty annual observation returned by the World Bank API; observation year shown separately.
NAM,Namibia,Power and reliability,IC.FRM.OUTG.ZS,Value lost due to electrical outages (% of sales for affected firms),0,% of sales among firms affected,2024,reported,World Bank Enterprise Surveys,https://api.worldbank.org/v2/country/NAM/indicator/IC.FRM.OUTG.ZS?format=json&mrnev=1&per_page=100,https://api.worldbank.org/v2/country/all/indicator/IC.FRM.OUTG.ZS?format=json&mrnev=1&per_page=20000,2026-07-13,2026-09-25,Latest non-empty annual observation returned by the World Bank API; observation year shown separately.
NER,Niger,Power and reliability,IC.FRM.OUTG.ZS,Value lost due to electrical outages (% of sales for affected firms),0,% of sales among firms affected,2025,reported,World Bank Enterprise Surveys,https://api.worldbank.org/v2/country/NER/indicator/IC.FRM.OUTG.ZS?format=json&mrnev=1&per_page=100,https://api.worldbank.org/v2/country/all/indicator/IC.FRM.OUTG.ZS?format=json&mrnev=1&per_page=20000,2026-07-13,2026-09-25,Latest non-empty annual observation returned by the World Bank API; observation year shown separately.
NGA,Nigeria,Power and reliability,IC.FRM.OUTG.ZS,Value lost due to electrical outages (% of sales for affected firms),0,% of sales among firms affected,2025,reported,World Bank Enterprise Surveys,https://api.worldbank.org/v2/country/NGA/indicator/IC.FRM.OUTG.ZS?format=json&mrnev=1&per_page=100,https://api.worldbank.org/v2/country/all/indicator/IC.FRM.OUTG.ZS?format=json&mrnev=1&per_page=20000,2026-07-13,2026-09-25,Latest non-empty annual observation returned by the World Bank API; observation year shown separately.
RWA,Rwanda,Power and reliability,IC.FRM.OUTG.ZS,Value lost due to electrical outages (% of sales for affected firms),0,% of sales among firms affected,2023,reported,World Bank Enterprise Surveys,https://api.worldbank.org/v2/country/RWA/indicator/IC.FRM.OUTG.ZS?format=json&mrnev=1&per_page=100,https://api.worldbank.org/v2/country/all/indicator/IC.FRM.OUTG.ZS?format=json&mrnev=1&per_page=20000,2026-07-13,2026-09-25,Latest non-empty annual observation returned by the World Bank API; observation year shown separately.
SDN,Sudan,Power and reliability,IC.FRM.OUTG.ZS,Value lost due to electrical outages (% of sales for affected firms),0,% of sales among firms affected,2014,reported,World Bank Enterprise Surveys,https://api.worldbank.org/v2/country/SDN/indicator/IC.FRM.OUTG.ZS?format=json&mrnev=1&per_page=100,https://api.worldbank.org/v2/country/all/indicator/IC.FRM.OUTG.ZS?format=json&mrnev=1&per_page=20000,2026-07-13,2026-09-25,Latest non-empty annual observation returned by the World Bank API; observation year shown separately.
SEN,Senegal,Power and reliability,IC.FRM.OUTG.ZS,Value lost due to electrical outages (% of sales for affected firms),0,% of sales among firms affected,2024,reported,World Bank Enterprise Surveys,https://api.worldbank.org/v2/country/SEN/indicator/IC.FRM.OUTG.ZS?format=json&mrnev=1&per_page=100,https://api.worldbank.org/v2/country/all/indicator/IC.FRM.OUTG.ZS?format=json&mrnev=1&per_page=20000,2026-07-13,2026-09-25,Latest non-empty annual observation returned by the World Bank API; observation year shown separately.
SLE,Sierra Leone,Power and reliability,IC.FRM.OUTG.ZS,Value lost due to electrical outages (% of sales for affected firms),2,% of sales among firms affected,2023,reported,World Bank Enterprise Surveys,https://api.worldbank.org/v2/country/SLE/indicator/IC.FRM.OUTG.ZS?format=json&mrnev=1&per_page=100,https://api.worldbank.org/v2/country/all/indicator/IC.FRM.OUTG.ZS?format=json&mrnev=1&per_page=20000,2026-07-13,2026-09-25,Latest non-empty annual observation returned by the World Bank API; observation year shown separately.
SOM,"Somalia, Fed. Rep.",Power and reliability,IC.FRM.OUTG.ZS,Value lost due to electrical outages (% of sales for affected firms),0,% of sales among firms affected,2025,reported,World Bank Enterprise Surveys,https://api.worldbank.org/v2/country/SOM/indicator/IC.FRM.OUTG.ZS?format=json&mrnev=1&per_page=100,https://api.worldbank.org/v2/country/all/indicator/IC.FRM.OUTG.ZS?format=json&mrnev=1&per_page=20000,2026-07-13,2026-09-25,Latest non-empty annual observation returned by the World Bank API; observation year shown separately.
SSD,South Sudan,Power and reliability,IC.FRM.OUTG.ZS,Value lost due to electrical outages (% of sales for affected firms),1,% of sales among firms affected,2024,reported,World Bank Enterprise Surveys,https://api.worldbank.org/v2/country/SSD/indicator/IC.FRM.OUTG.ZS?format=json&mrnev=1&per_page=100,https://api.worldbank.org/v2/country/all/indicator/IC.FRM.OUTG.ZS?format=json&mrnev=1&per_page=20000,2026-07-13,2026-09-25,Latest non-empty annual observation returned by the World Bank API; observation year shown separately.
STP,Sao Tome and Principe,Power and reliability,IC.FRM.OUTG.ZS,Value lost due to electrical outages (% of sales for affected firms),0,% of sales among firms affected,2025,reported,World Bank Enterprise Surveys,https://api.worldbank.org/v2/country/STP/indicator/IC.FRM.OUTG.ZS?format=json&mrnev=1&per_page=100,https://api.worldbank.org/v2/country/all/indicator/IC.FRM.OUTG.ZS?format=json&mrnev=1&per_page=20000,2026-07-13,2026-09-25,Latest non-empty annual observation returned by the World Bank API; observation year shown separately.
SWZ,Eswatini,Power and reliability,IC.FRM.OUTG.ZS,Value lost due to electrical outages (% of sales for affected firms),0,% of sales among firms affected,2024,reported,World Bank Enterprise Surveys,https://api.worldbank.org/v2/country/SWZ/indicator/IC.FRM.OUTG.ZS?format=json&mrnev=1&per_page=100,https://api.worldbank.org/v2/country/all/indicator/IC.FRM.OUTG.ZS?format=json&mrnev=1&per_page=20000,2026-07-13,2026-09-25,Latest non-empty annual observation returned by the World Bank API; observation year shown separately.
SYC,Seychelles,Power and reliability,IC.FRM.OUTG.ZS,Value lost due to electrical outages (% of sales for affected firms),0,% of sales among firms affected,2023,reported,World Bank Enterprise Surveys,https://api.worldbank.org/v2/country/SYC/indicator/IC.FRM.OUTG.ZS?format=json&mrnev=1&per_page=100,https://api.worldbank.org/v2/country/all/indicator/IC.FRM.OUTG.ZS?format=json&mrnev=1&per_page=20000,2026-07-13,2026-09-25,Latest non-empty annual observation returned by the World Bank API; observation year shown separately.
TCD,Chad,Power and reliability,IC.FRM.OUTG.ZS,Value lost due to electrical outages (% of sales for affected firms),10,% of sales among firms affected,2023,reported,World Bank Enterprise Surveys,https://api.worldbank.org/v2/country/TCD/indicator/IC.FRM.OUTG.ZS?format=json&mrnev=1&per_page=100,https://api.worldbank.org/v2/country/all/indicator/IC.FRM.OUTG.ZS?format=json&mrnev=1&per_page=20000,2026-07-13,2026-09-25,Latest non-empty annual observation returned by the World Bank API; observation year shown separately.
TGO,Togo,Power and reliability,IC.FRM.OUTG.ZS,Value lost due to electrical outages (% of sales for affected firms),1,% of sales among firms affected,2023,reported,World Bank Enterprise Surveys,https://api.worldbank.org/v2/country/TGO/indicator/IC.FRM.OUTG.ZS?format=json&mrnev=1&per_page=100,https://api.worldbank.org/v2/country/all/indicator/IC.FRM.OUTG.ZS?format=json&mrnev=1&per_page=20000,2026-07-13,2026-09-25,Latest non-empty annual observation returned by the World Bank API; observation year shown separately.
TUN,Tunisia,Power and reliability,IC.FRM.OUTG.ZS,Value lost due to electrical outages (% of sales for affected firms),0,% of sales among firms affected,2024,reported,World Bank Enterprise Surveys,https://api.worldbank.org/v2/country/TUN/indicator/IC.FRM.OUTG.ZS?format=json&mrnev=1&per_page=100,https://api.worldbank.org/v2/country/all/indicator/IC.FRM.OUTG.ZS?format=json&mrnev=1&per_page=20000,2026-07-13,2026-09-25,Latest non-empty annual observation returned by the World Bank API; observation year shown separately.
TZA,Tanzania,Power and reliability,IC.FRM.OUTG.ZS,Value lost due to electrical outages (% of sales for affected firms),0,% of sales among firms affected,2023,reported,World Bank Enterprise Surveys,https://api.worldbank.org/v2/country/TZA/indicator/IC.FRM.OUTG.ZS?format=json&mrnev=1&per_page=100,https://api.worldbank.org/v2/country/all/indicator/IC.FRM.OUTG.ZS?format=json&mrnev=1&per_page=20000,2026-07-13,2026-09-25,Latest non-empty annual observation returned by the World Bank API; observation year shown separately.
UGA,Uganda,Power and reliability,IC.FRM.OUTG.ZS,Value lost due to electrical outages (% of sales for affected firms),0,% of sales among firms affected,2025,reported,World Bank Enterprise Surveys,https://api.worldbank.org/v2/country/UGA/indicator/IC.FRM.OUTG.ZS?format=json&mrnev=1&per_page=100,https://api.worldbank.org/v2/country/all/indicator/IC.FRM.OUTG.ZS?format=json&mrnev=1&per_page=20000,2026-07-13,2026-09-25,Latest non-empty annual observation returned by the World Bank API; observation year shown separately.
ZAF,South Africa,Power and reliability,IC.FRM.OUTG.ZS,Value lost due to electrical outages (% of sales for affected firms),0,% of sales among firms affected,2020,reported,World Bank Enterprise Surveys,https://api.worldbank.org/v2/country/ZAF/indicator/IC.FRM.OUTG.ZS?format=json&mrnev=1&per_page=100,https://api.worldbank.org/v2/country/all/indicator/IC.FRM.OUTG.ZS?format=json&mrnev=1&per_page=20000,2026-07-13,2026-09-25,Latest non-empty annual observation returned by the World Bank API; observation year shown separately.
ZMB,Zambia,Power and reliability,IC.FRM.OUTG.ZS,Value lost due to electrical outages (% of sales for affected firms),0,% of sales among firms affected,2025,reported,World Bank Enterprise Surveys,https://api.worldbank.org/v2/country/ZMB/indicator/IC.FRM.OUTG.ZS?format=json&mrnev=1&per_page=100,https://api.worldbank.org/v2/country/all/indicator/IC.FRM.OUTG.ZS?format=json&mrnev=1&per_page=20000,2026-07-13,2026-09-25,Latest non-empty annual observation returned by the World Bank API; observation year shown separately.
ZWE,Zimbabwe,Power and reliability,IC.FRM.OUTG.ZS,Value lost due to electrical outages (% of sales for affected firms),0,% of sales among firms affected,2025,reported,World Bank Enterprise Surveys,https://api.worldbank.org/v2/country/ZWE/indicator/IC.FRM.OUTG.ZS?format=json&mrnev=1&per_page=100,https://api.worldbank.org/v2/country/all/indicator/IC.FRM.OUTG.ZS?format=json&mrnev=1&per_page=20000,2026-07-13,2026-09-25,Latest non-empty annual observation returned by the World Bank API; observation year shown separately.
